elapsed_s,sector,bytes_done,instant_MBps,cumulative_MBps,seed_ns,data_n,sevolution_ns,io_ns
0.277396,3328,13635584,49.156,49.156,162095,81297476,24851965,140099261
0.550752,6656,27267072,49.867,49.509,337320,165437947,50597489,271202317
0.818893,9984,40898560,50.837,49.944,519203,249779034,76568393,396701299
1.107258,13312,54530048,47.272,49.248,685091,338716494,103986354,534769091
1.390028,16640,68161536,48.207,49.036,835913,421698947,129584639,676615578
1.629831,19968,81793024,56.844,50.185,993548,501926988,154373332,780223980
1.846530,23296,95424512,62.905,51.678,1138187,584141820,179728344,857581058
2.061127,26624,109056000,63.521,52.911,1271915,669439504,206135235,927294129
2.278675,29952,122687488,62.660,53.842,1416175,754807565,232624681,999780962
2.490750,33280,136318976,64.277,54.730,1547039,838664858,258701872,1069192160
2.701902,36608,149950464,64.558,55.498,1677494,922165941,284542572,1138614455
2.919196,39936,163581952,62.733,56.037,1813793,1006043609,310534143,1213424934
3.131836,43264,177213440,64.106,56.585,1945274,1090447460,336615090,1282792102
3.347589,46592,190844928,63.181,57.010,2083864,1175090649,362893744,1354711312
3.559944,49920,204476416,64.192,57.438,2215033,1259325485,388926344,1424144974
3.772481,53248,218107904,64.137,57.816,2346351,1343746949,414906633,1493693025
3.985059,56576,231739392,64.125,58.152,2477034,1427145113,440651942,1564775052
4.198092,59904,245370880,63.988,58.448,2618840,1511686935,466822604,1634245212
4.416529,63232,259002368,62.405,58.644,2751283,1596261028,492856761,1709247175
4.628230,66560,272633856,64.390,58.907,2883125,1680203019,518752348,1778583383
4.841324,69888,286265344,63.969,59.130,3015506,1764697995,544989509,1848108378
5.054074,73216,299896832,64.073,59.338,3146480,1848601147,570906095,1918696616
5.264924,76544,313528320,64.650,59.550,3287966,1931835225,596615017,1988326907
5.480240,79872,327159808,63.309,59.698,3419629,2016543604,622721692,2060062462
5.693627,83200,340791296,63.882,59.855,3553298,2101522337,648911201,2129455380
5.916992,86528,354422784,61.028,59.899,3704590,2184947456,674616007,2211482089
6.131338,89856,368054272,63.596,60.028,3839676,2269582584,700773506,2282191448
6.346634,93184,381685760,63.315,60.140,3971504,2354152330,726899607,2353970541
6.559042,96512,395317248,64.176,60.271,4103241,2438383261,752844906,2423528102
6.771506,99840,408948736,64.159,60.393,4238422,2522715809,778924468,2492945114
6.982024,103168,422580224,64.752,60.524,4369587,2605713824,804662438,2562372289
7.198513,106496,436211712,62.966,60.597,4504890,2690242294,830853155,2635444947
7.415518,109824,449843200,62.816,60.662,4640909,2774892594,857300526,2708409151
7.626983,113152,463474688,64.462,60.768,4770655,2858514639,883235403,2777767665
7.839517,116480,477106176,64.138,60.859,4900534,2942874450,909286967,2847070490
8.052922,119808,490737664,63.876,60.939,5033262,3027138891,935346697,2917472702
8.266648,123136,504369152,63.780,61.013,5164637,3111536839,961400762,2988048920
8.482789,126464,518000640,63.067,61.065,5296192,3196066505,987548467,3060643455
8.697135,129792,531632128,63.596,61.127,5427455,3280633362,1013636004,3131548972
8.909719,133120,545263616,64.123,61.199,5557983,3364993217,1039776534,3200800063
9.122397,136448,558895104,64.094,61.266,5690239,3449513213,1065883969,3270094180
9.335454,139776,572526592,63.981,61.328,5820531,3533438035,1091890698,3340585346
9.549577,143104,586158080,63.662,61.381,5981813,3616935535,1117842239,3412640907
9.762625,146432,599789568,63.983,61.437,6112881,3701516748,1144004843,3481975555
9.975032,149760,613421056,64.176,61.496,6243836,3785824077,1170089193,3551249072
10.193596,153088,627052544,62.368,61.514,6377301,3870936724,1196345209,3625469818
10.407031,156416,640684032,63.867,61.563,6538308,3955024054,1222374912,3696072876
10.619993,159744,654315520,64.009,61.612,6668204,4038432502,1248035331,3767671267
10.831866,163072,667947008,64.338,61.665,6800163,4122194678,1273999110,3837183897
11.044499,166400,681578496,64.108,61.712,6931241,4206337912,1300122421,3906631700
11.261174,169728,695209984,62.912,61.735,7063174,4291152237,1326292167,3979557928
11.473149,173056,708841472,64.307,61.783,7193545,4375139575,1352228152,4049001296
11.689144,176384,722472960,63.110,61.807,7323630,4458728625,1378075613,4123134052
11.907651,179712,736104448,62.385,61.818,7460144,4542955586,1404015869,4198881498
12.137285,183040,749735936,59.362,61.771,7621488,4626625524,1429586731,4286800893
12.364360,186368,763367424,60.031,61.739,7778673,4706821743,1454234695,4378133430
12.587528,189696,776998912,61.082,61.728,7936162,4789695491,1479784116,4460892408
12.816549,193024,790630400,59.521,61.688,8100159,4870302952,1504559956,4553403062
13.031489,196352,804261888,63.420,61.717,8235116,4955630523,1531082646,4623358659
13.245336,199680,817893376,63.744,61.750,8366477,5039927910,1557221169,4694043575
13.458897,203008,831524864,63.829,61.783,8497595,5124005516,1583308654,4764638503
13.671426,206336,845156352,64.140,61.819,8628779,5208236048,1609549025,4833794864
13.885052,209664,858787840,63.810,61.850,8760809,5291275590,1635426864,4906004999
14.097638,212992,872419328,64.122,61.884,8893081,5375448689,1661679050,4975320471
14.310717,216320,886050816,63.974,61.915,9024403,5460055282,1687926481,5044699614
14.528043,219648,899682304,62.724,61.927,9155242,5544095234,1713990788,5119228610
14.740754,222976,913313792,64.084,61.958,9286905,5628417902,1740160777,5188666921
14.954221,226304,926945280,63.858,61.986,9416004,5711528911,1765856661,5260963211
15.165634,229632,940576768,64.478,62.020,9546158,5795058625,1791806286,5330185116
15.378950,232960,954208256,63.903,62.046,9682104,5879625899,1818048390,5399847897
15.592770,236288,967839744,63.752,62.070,9813304,5964077257,1844189811,5470213993
15.809748,239616,981471232,62.824,62.080,9948582,6051928692,1870688056,5539966626
16.027960,242944,995102720,62.469,62.085,10081009,6136904350,1896888640,5614163692
16.240236,246272,1008734208,64.216,62.113,10211440,6221198597,1922936429,5683443788
16.452885,249600,1022365696,64.103,62.139,10348499,6305379125,1949026263,5753248407
16.666625,252928,1035997184,63.776,62.160,10479598,6389768756,1975028942,5823906269
16.879932,256256,1049628672,63.905,62.182,10614033,6474476147,2001073874,5893642423
17.094886,259584,1063260160,63.416,62.198,10750330,6558671066,2027212170,5965414953
17.307578,262912,1076891648,64.090,62.221,10882302,6643052214,2053336800,6034839383
17.534112,266240,1090523136,60.174,62.194,11027686,6725088481,2078692646,6122256962
17.761181,269568,1104154624,60.032,62.167,11187314,6808043374,2104330081,6208575038
17.984153,272896,1117786112,61.135,62.154,11344374,6890496654,2129815309,6291628533
18.199181,276224,1131417600,63.394,62.169,11475778,6974729075,2155907000,6363514567
18.410411,279552,1145049088,64.534,62.196,11605845,7058170237,2181853372,6432709420
18.624119,282880,1158680576,63.785,62.214,11737162,7143060465,2208248246,6502082781
18.840110,286208,1172312064,63.111,62.224,11869794,7226933852,2234193679,6575733885
19.051342,289536,1185943552,64.533,62.250,11999156,7309323973,2259702394,6646861367
19.265623,292864,1199575040,63.615,62.265,12129100,7393207172,2285735065,6718606457
19.478354,296192,1213206528,64.078,62.285,12260369,7477530132,2311933293,6787857383
19.690921,299520,1226838016,64.128,62.305,12390127,7561739372,2338012652,6857341447
19.903189,302848,1240469504,64.218,62.325,12519345,7645087274,2363884457,6927854790
20.120238,306176,1254100992,62.804,62.330,12651649,7729458929,2389899209,7001748132
20.336064,309504,1267732480,63.160,62.339,12793465,7812971293,2415715366,7075832335
20.548791,312832,1281363968,64.080,62.357,12925375,7897298662,2441818379,7145277627
20.760756,316160,1294995456,64.310,62.377,13056852,7981119674,2467844875,7214765637
20.974904,319488,1308626944,63.654,62.390,13188513,8065776572,2493967030,7285411153
21.190480,322816,1322258432,63.233,62.399,13319452,8150208035,2520123812,7357414429
21.414747,326144,1335889920,60.782,62.382,13476708,8232090516,2545434370,7442843920
21.627370,329472,1349521408,64.111,62.399,13612718,8316404898,2571347342,7512497196
21.846153,332800,1363152896,62.306,62.398,13745213,8401860128,2597618534,7586530592
22.060957,336128,1376784384,63.460,62.408,13877958,8486794669,2623896607,7657080362
22.276822,339456,1390415872,63.148,62.415,14011292,8571655542,2650140647,7728862756
22.490100,342784,1404047360,63.914,62.430,14147974,8656410565,2676320563,7798237413
22.704148,346112,1417678848,63.684,62.441,14282510,8741138053,2702774803,7868142845
22.916625,349440,1431310336,64.155,62.457,14414347,8825552570,2728809656,7937452691
23.133641,352768,1444941824,62.813,62.461,14546655,8910444019,2755053173,8010446988
23.351761,356096,1458573312,62.495,62.461,14688188,8995605195,2781313725,8084119912
23.565376,359424,1472204800,63.813,62.473,14820852,9080518878,2807706484,8153496548
23.778187,362752,1485836288,64.055,62.487,14952534,9164891097,2833878868,8222989533
23.992822,366080,1499467776,63.510,62.497,15086250,9250231728,2860332880,8292644791
24.207363,369408,1513099264,63.538,62.506,15219029,9334774232,2886608014,8363455450
24.422599,372736,1526730752,63.333,62.513,15350051,9418453018,2912612184,8436368481
24.633656,376064,1540362240,64.587,62.531,15479901,9501542996,2938468841,8506023790
24.848501,379392,1553993728,63.448,62.539,15612234,9586434955,2964725832,8576788973
25.063017,382720,1567625216,63.545,62.547,15748006,9671274846,2990917684,8647368545
25.276587,386048,1581256704,63.827,62.558,15880001,9756036999,3017110689,8716991318
25.493086,389376,1594888192,62.963,62.562,16014032,9841014069,3043396483,8789102205
25.706664,392704,1608519680,63.824,62.572,16146680,9926038735,3069652295,8858464088
25.918956,396032,1622151168,64.211,62.586,16281361,10009915942,3095571628,8928333677
26.137407,399360,1635782656,62.401,62.584,16414515,10094788182,3121835056,9002703824
26.348715,402688,1649414144,64.510,62.599,16545106,10178089304,3147653719,9072493455
26.564214,406016,1663045632,63.256,62.605,16676417,10262503833,3173701365,9144800857
26.778264,409344,1676677120,63.683,62.613,16809323,10347778025,3200114079,9214158817
26.993031,412672,1690308608,63.471,62.620,16941914,10433697169,3226440150,9283571718
27.208749,416000,1703940096,63.191,62.625,17076638,10519238963,3252824159,9354282475
27.422599,419328,1717571584,63.743,62.633,17209707,10604296170,3279125009,9423778050
27.639762,422656,1731203072,62.771,62.635,17341891,10688043165,3305124243,9498562333
27.850905,425984,1744834560,64.560,62.649,17474032,10771590885,3331010863,9567934266
28.064594,429312,1758466048,63.791,62.658,17608696,10856310317,3357321569,9637580680
28.279436,432640,1772097536,63.449,62.664,17740859,10941396827,3383541964,9708300858
28.495435,435968,1785729024,63.109,62.667,17876589,11027554190,3410094151,9778131992
28.711588,439296,1799360512,63.064,62.670,18013712,11112683445,3436423719,9849902481
28.925013,442624,1812992000,63.870,62.679,18146209,11197529377,3462655136,9919311136
29.142362,445952,1826623488,62.717,62.679,18287145,11281946384,3488690926,9993626470
29.371486,449280,1840254976,59.494,62.654,18442651,11363354956,3513832781,10084777405
29.597279,452608,1853886464,60.372,62.637,18601610,11445690410,3539121005,10171098084
29.827096,455936,1867517952,59.315,62.611,18763397,11529601848,3565112125,10258510391
30.045976,459264,1881149440,62.278,62.609,18914557,11612544643,3590802268,10336480087
30.258387,462592,1894780928,64.175,62.620,19049767,11696615622,3616788247,10406036712
30.476348,465920,1908412416,62.541,62.619,19182188,11782091149,3643232920,10478996260
30.691466,469248,1922043904,63.368,62.625,19314094,11867194926,3669598785,10549743159
30.906078,472576,1935675392,63.517,62.631,19450897,11951402592,3695463480,10621777901
31.117590,475904,1949306880,64.448,62.643,19580487,12035177402,3721384796,10691110763
31.331204,479232,1962938368,63.814,62.651,19713125,12120194403,3747561838,10760558814
31.548259,482560,1976569856,62.802,62.652,19850354,12206546310,3774157492,10831253507
31.760800,485888,1990201344,64.136,62.662,19982550,12290877683,3800238530,10900608428
31.978008,489216,2003832832,62.758,62.663,20119154,12375720036,3826548284,10973706657
32.193450,492544,2017464320,63.272,62.667,20251979,12461038181,3852865143,11044426783
32.411402,495872,2031095808,62.544,62.666,20391813,12546496305,3879380829,11117420940
32.630887,499200,2044727296,62.107,62.662,20538441,12630966414,3905317388,11193834861
32.844217,502528,2058358784,63.899,62.670,20670509,12715344207,3931579947,11263504410
33.059112,505856,2071990272,63.433,62.675,20807337,12799804233,3957691872,11335087664
33.272633,509184,2085621760,63.842,62.683,20939584,12884662382,3984089162,11404338101
33.488734,512512,2099253248,63.079,62.685,21069274,12967914731,4010081152,11478479847
33.701040,515840,2112884736,64.207,62.695,21198915,13051275530,4035936404,11549069693
33.916960,519168,2126516224,63.132,62.698,21331513,13136203140,4062249260,11620773657
34.131550,522496,2140147712,63.523,62.703,21464513,13221638462,4088704312,11690219594
34.345114,525824,2153779200,63.829,62.710,21597624,13306388243,4114954503,11759773981
34.557871,529152,2167410688,64.071,62.718,21728892,13390866015,4141070797,11829117429
34.771692,532480,2181042176,63.752,62.725,21857523,13473665543,4166685170,11902416356
34.987373,535808,2194673664,63.202,62.728,21988086,13557163761,4192636133,11976038268
35.203395,539136,2208305152,63.102,62.730,22124128,13643516885,4219242062,12045682168
35.427615,542464,2221936640,60.795,62.718,22324674,13728593665,4245306954,12126048965
35.640503,545792,2235568128,64.031,62.725,22455979,13812901586,4271415832,12195774762
35.852914,549120,2249199616,64.175,62.734,22586983,13896024487,4297145689,12266950371
36.070779,552448,2262831104,62.569,62.733,22720406,13981213463,4323680862,12339981488
36.282511,555776,2276462592,64.381,62.743,22851346,14064971075,4349661840,12409352796
36.497332,559104,2290094080,63.455,62.747,22982987,14149753482,4375940582,12480193430
36.709792,562432,2303725568,64.160,62.755,23113500,14233902764,4402054830,12549575747
36.924343,565760,2317357056,63.535,62.760,23244772,14318487598,4428390606,12620142321
37.139133,569088,2330988544,63.464,62.764,23375163,14402472404,4454356424,12692416645
37.350049,572416,2344620032,64.630,62.774,23504181,14485884057,4480138893,12761718242
37.563633,575744,2358251520,63.822,62.780,23635908,14570703748,4506479310,12831061507
37.777248,579072,2371883008,63.813,62.786,23767110,14655568386,4532751411,12900598565
37.997133,582400,2385514496,61.994,62.781,23904862,14739168686,4558543573,12978707552
38.212839,585728,2399145984,63.195,62.784,24037706,14823664747,4584787984,13050845319
38.426463,589056,2412777472,63.811,62.789,24171178,14908557511,4611113575,13120191550
38.640056,592384,2426408960,63.820,62.795,24305844,14993215240,4637460232,13189713809
38.852404,595712,2440040448,64.194,62.803,24435991,15076590491,4663379771,13260218372
39.065078,599040,2453671936,64.096,62.810,24566793,15160977065,4689481625,13329584295
39.284858,602368,2467303424,62.023,62.805,24700602,15246617352,4716042696,13403874643
39.498079,605696,2480934912,63.931,62.812,24831904,15331075829,4742224915,13473504432
39.710819,609024,2494566400,64.076,62.818,24963675,15415287451,4768322054,13543132731
39.924347,612352,2508197888,63.839,62.824,25095080,15499338934,4794446471,13613666683
40.148968,615680,2521829376,60.687,62.812,25243824,15583811411,4820443480,13695352896
40.384120,619008,2535460864,57.969,62.784,25415248,15668889770,4846596358,13786379201
40.611423,622336,2549092352,59.971,62.768,25576747,15750033032,4871502994,13876246850
40.838675,625664,2562723840,59.984,62.752,25738425,15833380264,4897233043,13962086566
41.065436,628992,2576355328,60.114,62.738,25897443,15914558142,4922198738,14051316801
41.279463,632320,2589986816,63.691,62.743,26038256,15998592982,4948109017,14122983808
41.496166,635648,2603618304,62.904,62.744,26171504,16084014214,4974494544,14194768536
41.709728,638976,2617249792,63.829,62.749,26304041,16168721368,5000799928,14264394653
41.922662,642304,2630881280,64.017,62.756,26435332,16253318494,5026967307,14333737570
42.138484,645632,2644512768,63.161,62.758,26566490,16337160974,5052942490,14407099232
42.352098,648960,2658144256,63.814,62.763,26698842,16421255871,5078909298,14478019286
42.567988,652288,2671775744,63.141,62.765,26830437,16506490695,5105032397,14549740755
42.781878,655616,2685407232,63.731,62.770,26963741,16591497449,5131468072,14619090016
42.995284,658944,2699038720,63.876,62.775,27096210,16676249207,5157721403,14688631073
43.215387,662272,2712670208,61.932,62.771,27234077,16763106905,5184265391,14762039957
43.429187,665600,2726301696,63.758,62.776,27368490,16847886001,5210705631,14831593659
43.645680,668928,2739933184,62.965,62.777,27500537,16932460616,5236848500,14904529982
43.860485,672256,2753564672,63.460,62.780,27632349,17017386586,5263107386,14975206605
44.073779,675584,2767196160,63.909,62.786,27764196,17102265739,5289348820,15044627547
44.286483,678912,2780827648,64.087,62.792,27896601,17185583550,5315137986,15115678468
44.499103,682240,2794459136,64.112,62.798,28029322,17269523956,5341195282,15185526696
44.713720,685568,2808090624,63.515,62.802,28160191,17353510713,5367362734,15257242737
44.926968,688896,2821722112,63.923,62.807,28292079,17438305743,5393549045,15326578855
45.147609,692224,2835353600,61.781,62.802,28425680,17522844587,5419760136,15403663406
45.376491,695552,2848985088,59.557,62.785,28590269,17608059289,5445636693,15489191516
45.606775,698880,2862616576,59.194,62.767,28753657,17691028774,5471043381,15579119888
45.828704,702208,2876248064,61.423,62.761,28911370,17773648353,5496526787,15660994991
46.041821,705536,2889879552,63.962,62.766,29043095,17858061296,5522728590,15730605414
46.252438,708864,2903511040,64.722,62.775,29173749,17941257654,5548537765,15799976137
46.469347,712192,2917142528,62.844,62.776,29310717,18026082691,5574814319,15872847645
46.684360,715520,2930774016,63.398,62.778,29443986,18110935289,5601053960,15943818777
46.900142,718848,2944405504,63.173,62.780,29577205,18195275857,5627279357,16016212686
47.113765,722176,2958036992,63.811,62.785,29709443,18280156436,5653586922,16085754789
47.327179,725504,2971668480,63.873,62.790,29842872,18365089568,5679693725,16155331122
47.543570,728832,2985299968,62.995,62.791,29975544,18450544426,5706021204,16226918864
47.760245,732160,2998931456,62.912,62.791,30107953,18535162733,5732269725,16299835436
47.974185,735488,3012562944,63.716,62.796,30240045,18620620385,5758576005,16369113289
48.186663,738816,3026194432,64.155,62.801,30370243,18704041108,5784356828,16440029660
48.399893,742144,3039825920,63.929,62.806,30504805,18788727817,5810598264,16509298322
48.614194,745472,3053457408,63.609,62.810,30645994,18873403206,5836929417,16579629646
48.830367,748800,3067088896,63.058,62.811,30778209,18958222793,5863387376,16651502177
49.043500,752128,3080720384,63.958,62.816,30909982,19042924705,5889807523,16720628107
49.257053,755456,3094351872,63.832,62.820,31043841,19127970124,5916062647,16789752024
49.468186,758784,3107983360,64.563,62.828,31175669,19211341072,5941965020,16859207451
49.687899,762112,3121614848,62.042,62.824,31307922,19296228512,5968329175,16934643662
49.904669,765440,3135246336,62.885,62.825,31441467,19380958731,5994554753,17007565255
50.128250,768768,3148877824,60.969,62.816,31598386,19460978583,6019184275,17095496469
50.353969,772096,3162509312,60.391,62.806,31757463,19543925681,6044969699,17180178317
50.567118,775424,3176140800,63.953,62.810,31892401,19628548399,6071155199,17249676718
50.780721,778752,3189772288,63.817,62.815,32025769,19712545856,6097301526,17320358058
50.999626,782080,3203403776,62.271,62.812,32160708,19797196404,6123610755,17395328989
51.213122,785408,3217035264,63.849,62.817,32294247,19881903341,6149920924,17464835053
51.426292,788736,3230666752,63.946,62.821,32428629,19966461995,6176141516,17534293621
51.639981,792064,3244298240,63.791,62.825,32561769,20051539493,6202492095,17603551625
51.853563,795392,3257929728,63.823,62.829,32692930,20135382771,6228485718,17674699929
52.068297,798720,3271561216,63.481,62.832,32826383,20219493696,6254493166,17746529430
52.281306,802048,3285192704,63.995,62.837,32958909,20304128386,6280688321,17815905502
52.504994,805376,3298824192,60.940,62.829,33101961,20387518282,6306508009,17897965527
52.729388,808704,3312455680,60.748,62.820,33262795,20468431976,6331480915,17985244570
52.956442,812032,3326087168,60.036,62.808,33427119,20551166244,6357020022,18071965372
53.173938,815360,3339718656,62.675,62.807,33563688,20635692290,6383155673,18145921116
53.386316,818688,3353350144,64.185,62.813,33695244,20719581126,6408999914,18216000851
53.600166,822016,3366981632,63.743,62.817,33827726,20804687811,6435180239,18285544709
53.841597,825344,3380613120,56.461,62.788,33964249,20890665787,6461815058,18381084542
54.122768,828672,3394244608,48.481,62.714,34125270,20972915430,6487180427,18522774336
54.420290,832000,3407876096,45.817,62.621,34285699,21055112341,6512372828,18681366356
54.719448,835328,3421507584,45.566,62.528,34450375,21135889727,6537280494,18843485833
55.026836,838656,3435139072,44.346,62.427,34616928,21215503617,6561890346,19015605741
55.338299,841984,3448770560,43.766,62.322,34786902,21299469306,6587703385,19184820971
55.641900,845312,3462402048,44.899,62.227,34952172,21381209922,6612882447,19349834892
55.961556,848640,3476033536,42.644,62.115,35115732,21470935596,6640659717,19517388258
56.312249,851968,3489665024,38.870,61.970,35288831,21555625234,6666693114,19724637557
56.687750,855296,3503296512,36.302,61.800,35463431,21642469608,6693250622,19953426074
57.045844,858624,3516928000,38.067,61.651,35634927,21724270562,6718396311,20173028988
57.424696,861952,3530559488,35.981,61.482,35819708,21814208473,6746119377,20399320748
57.812237,865280,3544190976,35.174,61.305,35990593,21899280079,6772287859,20642665874
58.179643,868608,3557822464,37.102,61.152,36163060,21987808558,6799591881,20860016014
58.553322,871936,3571453952,36.479,60.995,36341396,22075458887,6826577841,21085378615
58.910342,875264,3585085440,38.181,60.857,36506634,22156015401,6851454271,21305710982
59.273825,878592,3598716928,37.502,60.713,36684117,22237963068,6876701568,21530290241
59.633180,881920,3612348416,37.933,60.576,36849087,22321081029,6902465090,21748457306
60.000769,885248,3625979904,37.083,60.432,37032910,22405706742,6928597857,21972499210
60.364651,888576,3639611392,37.461,60.294,37210079,22491020360,6954870343,22191800798
60.736546,891904,3653242880,36.654,60.149,37388481,22580793180,6982764344,22411133148
61.104715,895232,3666874368,37.025,60.010,37560682,22668423678,7009728007,22630754778
61.458530,898560,3680505856,38.527,59.886,37734007,22751913761,7035526205,22842948467
61.805328,901888,3694137344,39.307,59.771,37907390,22833152372,7060485084,23052099167
62.179194,905216,3707768832,36.461,59.630,38082673,22918220351,7086633054,23281928670
62.542160,908544,3721400320,37.556,59.502,38257606,23002497900,7112523020,23502321831
62.897323,911872,3735031808,38.381,59.383,38454558,23086734049,7138643691,23714592129
63.247991,915200,3748663296,38.873,59.269,38626071,23170353749,7164539178,23923653739
63.606949,918528,3762294784,37.975,59.149,38804607,23256683574,7191284755,24136164526
63.962444,921856,3775926272,38.345,59.033,38977086,23338754079,7216726858,24352225517
64.333290,925184,3789557760,36.758,58.905,39155036,23421070221,7242178380,24583187619
64.686644,928512,3803189248,38.577,58.794,39333710,23504502095,7267745829,24795200898
65.041096,931840,3816820736,38.458,58.683,39510655,23587802616,7293394572,25008332085
65.383519,935168,3830452224,39.809,58.584,39680383,23669504239,7318648236,25211860339
65.688359,938496,3844083712,44.717,58.520,39944833,23752927377,7344333057,25375241024
65.971162,941824,3857715200,48.201,58.476,40112399,23836262811,7369753880,25517231484
66.257171,945152,3871346688,47.661,58.429,40280287,23920380083,7395443596,25661179521
66.539281,948480,3884978176,48.320,58.386,40442271,24004663932,7421309031,25800633348
66.819677,951808,3898609664,48.615,58.345,40611274,24089287371,7447238809,25937828129
67.106438,955136,3912241152,47.536,58.299,40767752,24176212017,7474190794,26077094640
67.377518,958464,3925872640,50.286,58.267,40930077,24258646402,7499610642,26208648304
67.649097,961792,3939504128,50.193,58.234,41102625,24340248075,7524833365,26341677890
67.928344,965120,3953135616,48.815,58.196,41277941,24422240281,7550133551,26481903070
68.210032,968448,3966767104,48.392,58.155,41458139,24504695775,7575739418,26623595669
68.500165,971776,3980398592,46.983,58.108,41631951,24588672301,7601579515,26771012179
68.767580,975104,3994030080,50.975,58.080,41806850,24667843576,7626127715,26903875119
69.041371,978432,4007661568,49.788,58.047,41974976,24750225148,7651541123,27038021783
69.320089,981760,4021293056,48.908,58.011,42129286,24839590929,7679000766,27165365044
69.613166,985088,4034924544,46.512,57.962,42301987,24921806216,7704297689,27318872977
69.887007,988416,4048556032,49.779,57.930,42476275,25004496626,7729704477,27452617517
70.160042,991744,4062187520,49.926,57.899,42647717,25085918193,7754762914,27587722066
70.430798,995072,4075819008,50.346,57.870,42807872,25168662188,7780296592,27718059881
70.704540,998400,4089450496,49.797,57.839,42954748,25257334497,7807743063,27841065345
70.984658,1001728,4103081984,48.663,57.802,43117608,25338506296,7832896304,27983432006
71.260403,1005056,4116713472,49.435,57.770,43291650,25419754319,7857928279,28121365164
71.548730,1008384,4130344960,47.278,57.728,43449276,25510052817,7885912185,28256130105
71.829901,1011712,4143976448,48.481,57.692,43622887,25591399393,7911146012,28399108474
72.112872,1015040,4157607936,48.173,57.654,43786772,25676059285,7937356796,28538499239
72.391657,1018368,4171239424,48.896,57.620,43953019,25764804098,7964597197,28667065610
72.667590,1021696,4184870912,49.401,57.589,44105393,25852534937,7991495318,28794218926
72.941236,1025024,4198502400,49.814,57.560,44275613,25933247649,8016273076,28931146488
73.230033,1028352,4212133888,47.201,57.519,44453271,26015606153,8041533739,29080464841
73.506694,1031680,4225765376,49.271,57.488,44615598,26098562465,8067094591,29216452738
73.777833,1035008,4239396864,50.275,57.462,44785415,26180438956,8092400730,29348694363
74.052786,1038336,4253028352,49.577,57.432,44950633,26261309612,8117320239,29486498061
74.321699,1041664,4266659840,50.691,57.408,45119506,26342969557,8142509794,29616929270
74.617569,1044992,4280291328,46.073,57.363,45282957,26426218338,8168111439,29771734780
74.887140,1048320,4293922816,50.567,57.339,45449219,26506935653,8192926455,29904542565
75.158015,1051648,4307554304,50.324,57.313,45601994,26589476690,8218376350,30035379767
75.432261,1054976,4321185792,49.705,57.286,45750455,26678985457,8245947012,30157645462
75.702468,1058304,4334817280,50.448,57.261,45891057,26767755183,8273546646,30276793452
75.988559,1061632,4348448768,47.647,57.225,46047967,26853800958,8300125595,30417057886
76.277000,1064960,4362080256,47.259,57.187,46199903,26945815315,8328560905,30549327465
76.566194,1068288,4375711744,47.136,57.149,46357009,27036309110,8356422983,30685251395
76.847929,1071616,4389343232,48.384,57.117,46531583,27117943451,8381514909,30828648319
77.136726,1074944,4402974720,47.201,57.080,46710466,27201658081,8407337363,30975596224
77.408377,1078272,4416606208,50.180,57.056,46878622,27283954218,8432725992,31107499020
77.681058,1081600,4430237696,49.991,57.031,47049578,27367495968,8458359773,31238730008
77.968662,1084928,4443869184,47.397,56.996,47222038,27450487157,8483957415,31385518738
78.253263,1088256,4457500672,47.897,56.962,47384348,27534329740,8509757638,31527877134
78.538583,1091584,4471132160,47.776,56.929,47548833,27618150379,8535551277,31671051904
78.812230,1094912,4484763648,49.814,56.904,47726759,27700157938,8560743127,31805506508
79.083606,1098240,4498395136,50.231,56.882,47882494,27782477807,8586069470,31937178750
79.362899,1101568,4512026624,48.807,56.853,48026301,27871836147,8613735986,32064775284
79.659490,1104896,4525658112,45.961,56.813,48189833,27960266671,8640908000,32211499622
79.935982,1108224,4539289600,49.302,56.787,48346501,28046736405,8667594221,32341230561
80.207863,1111552,4552921088,50.138,56.764,48517156,28128943383,8692830974,32473773068
80.478795,1114880,4566552576,50.313,56.742,48679798,28211806923,8718499705,32603955567
80.746644,1118208,4580184064,50.892,56.723,48838455,28296961788,8744720636,32727478664
81.031034,1121536,4593815552,47.932,56.692,48997101,28381656249,8770912710,32868115017
81.315931,1124864,4607447040,47.847,56.661,49172301,28465072274,8796602018,33011438184
81.593855,1128192,4621078528,49.048,56.635,49341837,28546316597,8821621742,33151559446
81.873961,1131520,4634710016,48.665,56.608,49499060,28632880301,8848342866,33284733352
82.158519,1134848,4648341504,47.904,56.578,49666291,28719272144,8875148629,33422546478
82.432298,1138176,4661972992,49.790,56.555,49835760,28802055408,8900658440,33555815012
82.713404,1141504,4675604480,48.492,56.528,49980191,28893610885,8929048469,33681363069
82.997561,1144832,4689235968,47.972,56.498,50123341,28985476735,8957514463,33809573597
83.281957,1148160,4702867456,47.931,56.469,50281339,29071126874,8983916598,33948622258
83.568997,1151488,4716498944,47.490,56.438,50433214,29158106937,9010797103,34088040308
83.842668,1154816,4730130432,49.810,56.417,50571647,29246804876,9038176523,34211164529
84.123196,1158144,4743761920,48.592,56.391,50741786,29331303929,9064219559,34348263440
84.398380,1161472,4757393408,49.536,56.368,50906316,29417083597,9090548034,34478394802
84.687297,1164800,4771024896,47.181,56.337,51079900,29499112271,9115931430,34628109556
84.967228,1168128,4784656384,48.696,56.312,51225115,29590866672,9144085281,34752769278
85.237050,1171456,4798287872,50.520,56.293,51375129,29672678235,9169373267,34883604757
85.514860,1174784,4811919360,49.068,56.270,51551589,29756827730,9195300776,35018690262
85.782679,1178112,4825550848,50.898,56.253,51718410,29841080583,9221273428,35143418086
86.073283,1181440,4839182336,46.907,56.222,51873033,29932048185,9249420663,35279490189
86.356612,1184768,4852813824,48.112,56.195,52046548,30014905639,9275042670,35422225644
86.635467,1188096,4866445312,48.884,56.172,52222824,30098517351,9300851789,35559223926
86.921471,1191424,4880076800,47.662,56.144,52387000,30185427880,9327527044,35698141438
87.212654,1194752,4893708288,46.814,56.112,52534863,30278685737,9356392390,35831120783
87.493220,1198080,4907339776,48.586,56.088,52695216,30367274071,9383491834,35961999995
87.765744,1201408,4920971264,50.020,56.069,52867431,30449091368,9408641420,36095940982
88.040533,1204736,4934602752,49.607,56.049,53032183,30531000113,9433967765,36231648375
88.331465,1208064,4948234240,46.855,56.019,53201154,30615207064,9459997834,36379608643
88.609132,1211392,4961865728,49.093,55.997,53375438,30696922154,9485131985,36518659579
88.878468,1214720,4975497216,50.612,55.981,53546804,30778762467,9510371486,36649152940
89.153801,1218048,4989128704,49.509,55.961,53716625,30860156532,9535521925,36786279437
89.423273,1221376,5002760192,50.586,55.945,53878640,30940298170,9560241093,36919771211
89.711937,1224704,5016391680,47.223,55.917,54043524,31021267121,9585067815,37071150776
89.982341,1228032,5030023168,50.412,55.900,54201890,31105726486,9610911525,37198760242
90.257557,1231360,5043654656,49.530,55.881,54382702,31195003003,9638556236,37322357338
90.532085,1234688,5057286144,49.654,55.862,54546474,31279444349,9664482959,37453867217
90.797619,1238016,5070917632,51.336,55.849,54710849,31363968403,9690333499,37576802539
91.092232,1241344,5084549120,46.269,55.818,54860338,31456576765,9718846086,37714534648
91.372694,1244672,5098180608,48.604,55.795,55028440,31538471440,9743988852,37856068921
91.651027,1248000,5111812096,48.976,55.775,55194843,31620960778,9769242661,37994788928
91.933243,1251328,5125443584,48.302,55.752,55414873,31703144692,9794541032,38137370680
92.215306,1254656,5139075072,48.328,55.729,55581684,31785070416,9819664762,38280754527
92.492331,1257984,5152706560,49.207,55.710,55752839,31867461957,9845361262,38417810028
92.768362,1261312,5166338048,49.384,55.691,55918655,31951855594,9871396327,38550917082
93.045056,1264640,5179969536,49.266,55.672,56090512,32035271331,9897046939,38686351456
93.333732,1267968,5193601024,47.221,55.645,56267725,32117274623,9922343140,38835820495
93.615905,1271296,5207232512,48.309,55.623,56433500,32200394039,9947982774,38977117108
93.887583,1274624,5220864000,50.175,55.608,56605025,32282680697,9973383761,39109195894
94.163862,1277952,5234495488,49.340,55.589,56764335,32368780621,10000039287,39239279622
94.442291,1281280,5248126976,48.959,55.570,56906749,32461048279,10027962028,39362514650
94.732947,1284608,5261758464,46.899,55.543,57075700,32544775948,10053737359,39511182908
95.007400,1287936,5275389952,49.668,55.526,57246000,32627302118,10079031021,39646039586
95.277704,1291264,5289021440,50.430,55.512,57414508,32709529397,10104433328,39776953262
95.547575,1294592,5302652928,50.511,55.498,57566159,32796388018,10131256536,39899602712
95.816417,1297920,5316284416,50.705,55.484,57706836,32883409271,10158334658,40020577580
96.092534,1301248,5329915904,49.369,55.466,57873537,32964395037,10183183925,40159590533
96.376977,1304576,5343547392,47.923,55.444,58035913,33045784384,10208289825,40305979864
96.659500,1307904,5357178880,48.249,55.423,58203136,33129459908,10234232220,40446376193
96.939770,1311232,5370810368,48.637,55.404,58374991,33211160108,10259490258,40588039306
97.224114,1314560,5384441856,47.940,55.382,58546267,33293609297,10284829983,40732704615
97.496413,1317888,5398073344,50.061,55.367,58708109,33374846937,10310130221,40867028066
97.774381,1321216,5411704832,49.040,55.349,58869709,33463755706,10337692880,40994082933
98.049551,1324544,5425336320,49.539,55.333,59032026,33546677170,10363079273,41129188458
98.325794,1327872,5438967808,49.346,55.316,59196105,33628942344,10388361745,41266129874
98.622326,1331200,5452599296,45.970,55.288,59362887,33714264457,10414479586,41418374033
98.898311,1334528,5466230784,49.392,55.271,59539098,33797649095,10440096344,41553063173
99.178998,1337856,5479862272,48.565,55.252,59716523,33881321961,10466089840,41691653781
99.453837,1341184,5493493760,49.598,55.237,59922193,33968809222,10493161292,41817592855
99.741771,1344512,5507125248,47.342,55.214,60088779,34050557732,10518355735,41966890509
100.018150,1347840,5520756736,49.322,55.198,60282634,34131365760,10543203619,42106228865
100.288007,1351168,5534388224,50.514,55.185,60451778,34212196614,10568204314,42238810001
100.560256,1354496,5548019712,50.070,55.171,60617009,34293142589,10593058753,42373953208
100.824248,1357824,5561651200,51.636,55.162,60778436,34376325210,10618846534,42496733572
101.111447,1361152,5575282688,47.463,55.140,60937474,34465367560,10646231237,42633024775
101.390231,1364480,5588914176,48.896,55.123,61105175,34546542998,10671291445,42774171872
101.671055,1367808,5602545664,48.541,55.105,61277780,34628845405,10696850442,42915338491
101.947907,1371136,5616177152,49.237,55.089,61443306,34707495475,10720978056,43058963622
102.231055,1374464,5629808640,48.142,55.069,61604898,34788653683,10746004796,43204510644
102.505936,1377792,5643440128,49.591,55.055,61781538,34870633074,10771259554,43340233393
102.777147,1381120,5657071616,50.262,55.042,61953121,34951879094,10796482386,43473591149
103.050345,1384448,5670703104,49.896,55.028,62120493,35033577822,10821604856,43608309231
103.337473,1387776,5684334592,47.475,55.007,62287251,35114998812,10846881198,43757232662
103.620788,1391104,5697966080,48.114,54.989,62453529,35198918888,10872568065,43898591079
103.895223,1394432,5711597568,49.671,54.975,62618554,35283290663,10898527189,44029848527
104.168343,1397760,5725229056,49.910,54.961,62787841,35365723854,10923961037,44163121546
104.439122,1401088,5738860544,50.342,54.949,62949739,35446870530,10948978879,44296325156
104.723374,1404416,5752492032,47.956,54.930,63113572,35528195754,10974005426,44442587219
104.998096,1407744,5766123520,49.619,54.916,63292380,35609883648,10999102788,44578955241
105.272869,1411072,5779755008,49.610,54.903,63440706,35699566830,11026633822,44702051855
105.549967,1414400,5793386496,49.194,54.888,63584116,35789085423,11054342975,44827147805
105.817787,1417728,5807017984,50.898,54.878,63722915,35877087122,11081408182,44946034698
106.099586,1421056,5820649472,48.373,54.860,63875982,35962741936,11107974073,45082466570
106.386483,1424384,5834280960,47.514,54.840,64043851,36047658338,11134161446,45225142516
106.665183,1427712,5847912448,48.911,54.825,64213224,36130577479,11159715029,45363248734
106.948178,1431040,5861543936,48.169,54.807,64381963,36213203449,11185289244,45506017275
107.231366,1434368,5875175424,48.136,54.790,64551654,36296727336,11210938547,45647796084
107.511296,1437696,5888806912,48.696,54.774,64727689,36379442579,11236385104,45787634362
107.784775,1441024,5902438400,49.845,54.761,64892017,36464253328,11262357473,45917585897
108.056408,1444352,5916069888,50.183,54.750,65057462,36546700126,11287574841,46049907329
108.416585,1447680,5929701376,37.847,54.694,65233035,36630420473,11313344596,46268280466
108.795691,1451008,5943332864,35.957,54.628,65412929,36717013875,11339900302,46501034413
109.168350,1454336,5956964352,36.579,54.567,65577009,36805678276,11367032539,46723793568
109.531775,1457664,5970595840,37.508,54.510,65749187,36891433800,11393490324,46941838421
109.897108,1460992,5984227328,37.312,54.453,65919391,36973609945,11418801510,47167922453
110.294470,1464320,5997858816,34.305,54.380,66100938,37068235031,11447805782,47405025285
110.669446,1467648,6011490304,36.353,54.319,66272760,37156730134,11475110392,47630106925
111.040245,1470976,6025121792,36.762,54.261,66446683,37240737114,11500904333,47858563348
111.418878,1474304,6038753280,36.002,54.199,66624337,37336791043,11530181716,48075052768
111.783424,1477632,6052384768,37.393,54.144,66795280,37419935867,11555782642,48298745573
112.142055,1480960,6066016256,38.010,54.092,66973035,37502670427,11581333265,48516920280
112.511266,1484288,6079647744,36.921,54.036,67151762,37590084058,11608314963,48737913583
112.868044,1487616,6093279232,38.207,53.986,67330550,37672832029,11633891348,48954276647
113.243650,1490944,6106910720,36.292,53.927,67514626,37764021606,11662035424,49175069264
113.602697,1494272,6120542208,37.966,53.877,67700810,37849364518,11688258486,49389729249
113.975515,1497600,6134173696,36.563,53.820,67882605,37942056907,11716586493,49605865801
114.324540,1500928,6147805184,39.056,53.775,68080572,38025420438,11742446008,49813345226
114.680761,1504256,6161436672,38.267,53.727,68254382,38107307482,11767483849,50031204403
115.043078,1507584,6175068160,37.623,53.676,68425690,38191814574,11793584608,50250188851
115.422545,1510912,6188699648,35.923,53.618,68613268,38281045935,11821039677,50478463325
115.771777,1514240,6202331136,39.033,53.574,68788624,38363878665,11846505158,50687238238
116.139003,1517568,6215962624,37.120,53.522,68969352,38452869171,11873668274,50904088632
116.493031,1520896,6229594112,38.504,53.476,69143463,38539557980,11900374168,51111283233
116.862599,1524224,6243225600,36.885,53.424,69319144,38627426606,11927315302,51332308038
117.227532,1527552,6256857088,37.353,53.374,69503146,38714015682,11954125388,51550064442
117.583854,1530880,6270488576,38.256,53.328,69682776,38797638022,11979769894,51764906708
117.941818,1534208,6284120064,38.081,53.282,69862593,38884965002,12006708484,51974850080
118.283953,1537536,6297751552,39.842,53.243,70039085,38968497609,12032407753,52175587926
118.668006,1540864,6311383040,35.494,53.185,70238702,39057814178,12060004489,52408106005
119.055078,1544192,6325014528,35.217,53.127,70415891,39141399347,12085645920,52653691839
119.432186,1547520,6338646016,36.147,53.073,70590314,39223370484,12110873074,52891752861
119.818810,1550848,6352277504,35.258,53.016,70761639,39306108393,12136307763,53138097361
120.205023,1554176,6365908992,35.295,52.959,70938132,39389133997,12161914418,53383459731
120.533661,1557504,6379540480,41.479,52.927,71107900,39470675653,12186955439,53573887456
120.804875,1560832,6393171968,50.261,52.921,71276003,39553729884,12212670657,53704063711
121.080171,1564160,6406803456,49.516,52.914,71482226,39636099713,12238111502,53839410839
121.366318,1567488,6420434944,47.638,52.901,71651402,39718453043,12263521290,53985995460
121.646395,1570816,6434066432,48.670,52.892,71822823,39799469235,12288524568,54128650107
121.916364,1574144,6447697920,50.493,52.886,72014149,39882245095,12314060269,54258247626
122.197460,1577472,6461329408,48.494,52.876,72186167,39966688135,12340056257,54396299015
122.467590,1580800,6474960896,50.463,52.871,72344870,40049295944,12365529707,54526201665
122.758443,1584128,6488592384,46.867,52.857,72502947,40134752375,12391820035,54672302798
123.034997,1587456,6502223872,49.290,52.849,72671396,40218822394,12417743522,54806212780
123.307880,1590784,6515855360,49.954,52.842,72844767,40301105810,12443127773,54939538628
123.581473,1594112,6529486848,49.824,52.835,73008169,40383308422,12468379660,55074041638
123.845327,1597440,6543118336,51.663,52.833,73178124,40465482876,12493850774,55198377544
124.120120,1600768,6556749824,49.606,52.826,73347768,40547225514,12518954539,55334672750
124.398994,1604096,6570381312,48.880,52.817,73529232,40628026807,12543976020,55476463257
124.675420,1607424,6584012800,49.313,52.809,73698118,40709746840,12569061103,55614687204
124.959970,1610752,6597644288,47.906,52.798,73868920,40794269645,12595063865,55755962043
125.237466,1614080,6611275776,49.123,52.790,74047033,40876526383,12620363179,55894055601
125.515873,1617408,6624907264,48.963,52.781,74214448,40959757320,12646044806,56031394304
125.786793,1620736,6638538752,50.315,52.776,74363788,41046109388,12672626103,56156082831
126.067654,1624064,6652170240,48.535,52.767,74509321,41137073592,12700864117,56282233498
126.353370,1627392,6665801728,47.710,52.755,74677853,41218323140,12725929056,56430193680
126.631848,1630720,6679433216,48.950,52.747,74849630,41297961002,12750606282,56573409409
126.905986,1634048,6693064704,49.725,52.740,75016522,41381923580,12776345607,56705400097
127.179752,1637376,6706696192,49.793,52.734,75187515,41465063205,12801680797,56838789930
127.455022,1640704,6720327680,49.520,52.727,75337952,41553387268,12829041986,56964126638
127.743803,1644032,6733959168,47.204,52.715,75515804,41638821338,12855502137,57107742187
128.022669,1647360,6747590656,48.882,52.706,75694549,41724513688,12882160890,57241019911
128.299642,1650688,6761222144,49.216,52.699,75838672,41813947803,12910186563,57365572041
128.573115,1654016,6774853632,49.846,52.693,76007658,41897242396,12935883230,57497954760
128.838769,1657344,6788485120,51.313,52.690,76146679,41984138977,12962902282,57615891300
129.122788,1660672,6802116608,47.995,52.679,76290740,42074252619,12990854486,57746709909
129.404714,1664000,6815748096,48.351,52.670,76458749,42155060255,13015763646,57891582556
129.685644,1667328,6829379584,48.523,52.661,76614416,42239443808,13041729726,58029480301
129.963577,1670656,6843011072,49.046,52.653,76779920,42319991751,13066680208,58170669187
130.246648,1673984,6856642560,48.156,52.644,76957656,42402969764,13092254840,58312866343
130.527387,1677312,6870274048,48.556,52.635,77131961,42484666179,13117386964,58455163866
130.796932,1680640,6883905536,50.572,52.630,77296521,42567866351,13143083918,58583661686
131.074427,1683968,6897537024,49.123,52.623,77476814,42649784245,13168260449,58722350783
131.352642,1687296,6911168512,48.996,52.615,77640859,42731171078,13193152191,58862998380
131.643682,1690624,6924800000,46.837,52.603,77803695,42812740485,13218253164,59015853698
131.921808,1693952,6938431488,49.012,52.595,77978513,42896420606,13243902120,59152360424
132.196649,1697280,6952062976,49.598,52.589,78169736,42979106945,13269491470,59286863352
132.470156,1700608,6965694464,49.840,52.583,78335735,43060635634,13294568508,59422138116
132.748518,1703936,6979325952,48.970,52.576,78497011,43140823536,13319242265,59564636595
133.031266,1707264,6992957440,48.211,52.566,78666754,43221963523,13344176853,59709824346
133.302110,1710592,7006588928,50.330,52.562,78844882,43305577279,13370072646,59838844314
133.574719,1713920,7020220416,50.004,52.557,79009729,43385849759,13394786565,59975413117
133.838883,1717248,7033851904,51.602,52.555,79177319,43467570453,13420020985,60100994344
134.115107,1720576,7047483392,49.349,52.548,79321139,43555533530,13447339957,60227713134
134.400300,1723904,7061114880,47.797,52.538,79510987,43636299023,13472166341,60375817927
134.679344,1727232,7074746368,48.851,52.530,79669042,43720789561,13498468205,60511323799
134.968633,1730560,7088377856,47.121,52.519,79830558,43810741446,13526228435,60648197372
135.251981,1733888,7102009344,48.109,52.509,79998663,43895588623,13552313544,60788102536
135.530116,1737216,7115640832,49.010,52.502,80181628,43979596996,13578235446,60923796410
135.806011,1740544,7129272320,49.408,52.496,80384895,44065048907,13604459491,61055258684
136.082721,1743872,7142903808,49.263,52.489,80551693,44147248349,13629868857,61192469284
136.377841,1747200,7156535296,46.190,52.476,80710167,44239177886,13657913245,61332434331
136.658035,1750528,7170166784,48.650,52.468,80879576,44320061980,13682797259,61475786732
136.933039,1753856,7183798272,49.568,52.462,81022491,44409078735,13710365619,61599540895
137.207881,1757184,7197429760,49.598,52.456,81190405,44491076910,13735687490,61735223765
137.478740,1760512,7211061248,50.327,52.452,81357484,44573084188,13760848720,61867299707
137.763322,1763840,7224692736,47.900,52.443,81534115,44656899994,13786539846,62009995869
138.046759,1767168,7238324224,48.094,52.434,81694519,44742099184,13812934219,62148960078
138.317970,1770496,7251955712,50.261,52.430,81846294,44828226141,13839385535,62274451114
138.594128,1773824,7265587200,49.361,52.423,82004878,44914295202,13865980341,62404534185
138.863992,1777152,7279218688,50.512,52.420,82144474,45003222241,13893526488,62523341663
139.147826,1780480,7292850176,48.026,52.411,82289605,45095337078,13922128329,62650763825
139.437201,1783808,7306481664,47.107,52.400,82458951,45181932718,13948687390,62793510819
139.720739,1787136,7320113152,48.076,52.391,82623806,45267984931,13974443905,62932908915
140.004566,1790464,7333744640,48.028,52.382,82788234,45355051445,14001166477,63069243999
140.286501,1793792,7347376128,48.350,52.374,82961464,45439868863,14027301509,63207380229
140.572337,1797120,7361007616,47.690,52.365,83124339,45526319718,14053938946,63346596553
140.845050,1800448,7374639104,49.985,52.360,83272517,45614259501,14080841796,63470581505
141.123331,1803776,7388270592,48.985,52.353,83417083,45705519744,14108751191,63594580756
141.421898,1807104,7401902080,45.656,52.339,83593360,45800110056,14137587458,63733508711
141.721001,1810432,7415533568,45.574,52.325,83756205,45893669468,14166469768,63873979456
141.994936,1813760,7429165056,49.762,52.320,83929810,45975186761,14191665951,64009446139
142.269593,1817088,7442796544,49.631,52.315,84099038,46056472614,14216615337,64146323766
142.543066,1820416,7456428032,49.846,52.310,84263742,46140948478,14242587992,64276566624
142.828912,1823744,7470059520,47.688,52.301,84431784,46224935265,14268398979,64420318756
143.104688,1827072,7483691008,49.430,52.295,84600622,46306041475,14293297340,64558600587
143.380870,1830400,7497322496,49.357,52.290,84772000,46388675775,14318707963,64694757221
143.655134,1833728,7510953984,49.702,52.285,84924314,46475982108,14345681233,64820983796
143.926428,1837056,7524585472,50.246,52.281,85065598,46565742413,14373360053,64939853639
144.208137,1840384,7538216960,48.389,52.273,85209596,46657101320,14401633493,65066560487
144.494955,1843712,7551848448,47.527,52.264,85384511,46740454409,14427437178,65211880586
144.776776,1847040,7565479936,48.369,52.256,85559923,46822182536,14452553580,65355298846
145.059372,1850368,7579111424,48.237,52.248,85730295,46903728345,14477688480,65499431294
145.338464,1853696,7592742912,48.842,52.242,85899999,46986299533,14503139825,65638467089
145.619331,1857024,7606374400,48.534,52.235,86070491,47068028766,14528358857,65780586234
145.888797,1860352,7620005888,50.587,52.232,86226722,47152666253,14554508880,65906618916
146.167761,1863680,7633637376,48.865,52.225,86371996,47243607938,14582557852,66031371517
146.453759,1867008,7647268864,47.663,52.216,86519874,47334830377,14610624618,66162575410
146.747005,1870336,7660900352,46.485,52.205,86683727,47419001313,14636421080,66313275590
147.019444,1873664,7674531840,50.035,52.201,86854150,47501126353,14661655597,66446642309
147.290643,1876992,7688163328,50.264,52.197,87038929,47583352757,14687058262,66578366695
147.564859,1880320,7701794816,49.711,52.193,87217648,47665262971,14712237387,66713779423
147.846088,1883648,7715426304,48.471,52.186,87382440,47746287758,14737230323,66857566625
148.125815,1886976,7729057792,48.731,52.179,87593694,47826851891,14762038993,67000665280
148.399758,1890304,7742689280,49.760,52.175,87766157,47909689959,14787607824,67134105233
148.673587,1893632,7756320768,49.781,52.170,87939677,47993031203,14813510863,67265840146
148.939112,1896960,7769952256,51.338,52.169,88100238,48074619973,14838758294,67392780608
149.212764,1900288,7783583744,49.813,52.164,88269348,48157076597,14864215233,67526334419
149.499131,1903616,7797215232,47.601,52.156,88437489,48238203342,14889382811,67674901543
149.782171,1906944,7810846720,48.161,52.148,88603937,48320145675,14914566182,67819173022
150.069327,1910272,7824478208,47.471,52.139,88766270,48409790299,14942141346,67954570769
150.355183,1913600,7838109696,47.686,52.131,88943285,48493223024,14967878216,68099014555
150.633597,1916928,7851741184,48.961,52.125,89115447,48575962184,14993378683,68237156747
150.908743,1920256,7865372672,49.543,52.120,89291363,48658688035,15018848906,68372101324
151.180539,1923584,7879004160,50.153,52.117,89465772,48742192952,15044511629,68502362850
151.479384,1926912,7892635648,45.614,52.104,89629470,48832014782,15072291712,68648852271
151.759413,1930240,7906267136,48.679,52.097,89802884,48914045137,15097450439,68789949344
152.029880,1933568,7919898624,50.400,52.094,89970576,48996464329,15122713610,68920877918
152.304396,1936896,7933530112,49.656,52.090,90143615,49078572598,15147901385,69056282498
152.573006,1940224,7947161600,50.748,52.088,90303825,49159293811,15172684653,69188044236
152.854040,1943552,7960793088,48.505,52.081,90482790,49241016228,15197867379,69330589846
153.134838,1946880,7974424576,48.546,52.075,90646902,49324024401,15223525572,69470618962
153.404566,1950208,7988056064,50.538,52.072,90812783,49406330345,15249001521,69600662520
153.682007,1953536,8001687552,49.133,52.067,90975442,49490084363,15274835678,69736130279
153.947283,1956864,8015319040,51.386,52.065,91130834,49572765632,15300222541,69861279416
154.218686,1960192,8028950528,50.226,52.062,91289772,49654606085,15325470848,69993965765
154.503301,1963520,8042582016,47.895,52.054,91457783,49737199905,15350937642,70138507900
154.777984,1966848,8056213504,49.626,52.050,91627978,49818114819,15375994138,70275881086
155.056146,1970176,8069844992,49.006,52.045,91801314,49900124471,15401255909,70415116031
155.336932,1973504,8083476480,48.548,52.038,91980641,49983455838,15427136301,70554328572
155.616196,1976832,8097107968,48.812,52.033,92150129,50066557622,15452576169,70693030325
155.887847,1980160,8110739456,50.180,52.029,92301074,50153007072,15479269982,70817861064
156.163504,1983488,8124370944,49.451,52.025,92441783,50242857565,15506918772,70941111231
156.453519,1986816,8138002432,47.003,52.015,92599424,50329334613,15533628863,71084394074
156.739487,1990144,8151633920,47.668,52.008,92764366,50412841023,15559469481,71228687342
157.009195,1993472,8165265408,50.542,52.005,92924019,50495995735,15585204886,71357386217
157.285295,1996800,8178896896,49.372,52.000,93067061,50585451781,15612865716,71481463303
157.561593,2000128,8192528384,49.336,51.996,93209364,50674423224,15640478278,71606469736
157.847315,2003456,8206159872,47.709,51.988,93382139,50761619984,15667442181,71744183167
158.140025,2006784,8219791360,46.570,51.978,93547506,50852538922,15695442705,71882778741
158.419898,2010112,8233422848,48.706,51.972,93695351,50943391587,15723396178,72008743591
158.695052,2013440,8247054336,49.541,51.968,93837000,51032621730,15750921574,72132445937
158.964947,2016768,8260685824,50.507,51.965,93976658,51120844180,15778269032,72252465270
159.238763,2020096,8274317312,49.783,51.962,94115936,51209237239,15805495419,72376460149
159.531202,2023424,8287948800,46.613,51.952,94276400,51298714089,15833012143,72517229026
159.819037,2026752,8301580288,47.359,51.944,94433031,51387016349,15860141753,72655657404
160.095111,2030080,8315211776,49.376,51.939,94601831,51467287086,15884814902,72795784835
160.375391,2033408,8328843264,48.635,51.933,94768638,51551791988,15910849814,72932978589
160.659124,2036736,8342474752,48.044,51.927,94946016,51633312516,15935960992,73078546689
160.931021,2040064,8356106240,50.135,51.924,95122416,51716929571,15961614111,73208844000
161.203759,2043392,8369737728,49.980,51.920,95288469,51798900295,15986812458,73342829418
161.485381,2046720,8383369216,48.404,51.914,95450679,51880081848,16011876559,73486653922
161.777938,2050048,8397000704,46.594,51.904,95615928,51961845592,16037041204,73640604996
162.050943,2053376,8410632192,49.931,51.901,95818892,52043016149,16061979020,73775975880
162.320569,2056704,8424263680,50.557,51.899,95982411,52123152814,16086869930,73909492986
162.594486,2060032,8437895168,49.765,51.895,96158917,52205426660,16112073285,74044069408
162.879436,2063360,8451526656,47.838,51.888,96323371,52296548028,16140143778,74174715033
163.163587,2066688,8465158144,47.973,51.881,96492853,52381050711,16166312164,74315514699
163.442322,2070016,8478789632,48.905,51.876,96669596,52463138729,16191442278,74455430511
163.716462,2073344,8492421120,49.725,51.873,96842293,52547661112,16217449198,74586451047
163.986554,2076672,8506052608,50.470,51.870,97013594,52630021631,16242872510,74716942921
164.250796,2080000,8519684096,51.587,51.870,97177973,52710622998,16267725627,74844471680
164.531901,2083328,8533315584,48.493,51.864,97345903,52791710033,16292736651,74988111264
164.813635,2086656,8546947072,48.384,51.858,97536288,52873893611,16318027151,75130558460
165.091832,2089984,8560578560,48.999,51.853,97701185,52955070413,16343065749,75271071937
165.370053,2093312,8574210048,48.995,51.849,97875604,53036901681,16368260977,75410718854
165.647791,2096640,8587841536,49.080,51.844,98041781,53118970127,16393552148,75549110931
165.917719,2099968,8601473024,50.500,51.842,98212904,53202293236,16419542589,75677279469
166.190607,2103296,8615104512,49.953,51.839,98380235,53283177356,16444449518,75813266048
166.471339,2106624,8628736000,48.557,51.833,98540132,53365465863,16469993271,75954179597
166.768708,2109952,8642367488,45.840,51.822,98721822,53448651066,16495541650,76110742390
167.037478,2113280,8655998976,50.718,51.821,98862598,53537387522,16523024336,76228485565
167.315117,2116608,8669630464,49.098,51.816,99005562,53627588984,16551104290,76352790861
167.587961,2119936,8683261952,49.961,51.813,99171569,53709894112,16576438451,76486259143
167.862510,2123264,8696893440,49.650,51.810,99334542,53790846686,16601495556,76623482269
168.147991,2126592,8710524928,47.749,51.803,99495751,53874469801,16627420315,76767168018
168.419651,2129920,8724156416,50.179,51.800,99663983,53956360455,16652630124,76900121039
168.690444,2133248,8737787904,50.339,51.798,99821986,54040802127,16678608966,77028011953
168.962234,2136576,8751419392,50.154,51.795,99966312,54129512508,16706067875,77149001969
169.236201,2139904,8765050880,49.756,51.792,100115270,54218359760,16733585994,77272097013
169.526043,2143232,8778682368,47.031,51.784,100287509,54300401252,16758760267,77423087535
169.803217,2146560,8792313856,49.180,51.779,100446506,54384330825,16784471852,77558154562
170.089495,2149888,8805945344,47.616,51.772,100617735,54471307026,16810450097,77699486651
170.365469,2153216,8819576832,49.394,51.769,100780929,54553577196,16835842155,77835964337
170.646359,2156544,8833208320,48.530,51.763,100939754,54635930566,16861300100,77977060448
170.918625,2159872,8846839808,50.067,51.761,101088002,54723250276,16888149255,78101551864
171.191549,2163200,8860471296,49.946,51.758,101227380,54811731317,16915650866,78223882623
171.482590,2166528,8874102784,46.837,51.749,101471070,54896229215,16941613819,78371723464
171.770919,2169856,8887734272,47.278,51.742,101636262,54982709456,16968414124,78513071977
172.045652,2173184,8901365760,49.617,51.738,101796859,55064867678,16993855048,78648312128
172.318261,2176512,8914997248,50.004,51.736,101996408,55146134328,17018972440,78782975043
172.592129,2179840,8928628736,49.774,51.733,102172097,55228127891,17044170798,78917950657
172.868553,2183168,8942260224,49.314,51.729,102345713,55309085951,17069149576,79057063791
173.148157,2186496,8955891712,48.753,51.724,102514392,55390535210,17094141846,79198758087
173.427180,2189824,8969523200,48.854,51.719,102663339,55478966994,17121277171,79328161076
173.697627,2193152,8983154688,50.404,51.717,102829067,55560303794,17146403292,79460704956
173.964452,2196480,8996786176,51.088,51.716,102998499,55643141561,17172086223,79586725035
174.235776,2199808,9010417664,50.241,51.714,103168274,55725886328,17197639307,79717473044
174.519741,2203136,9024049152,48.004,51.708,103360187,55807951868,17222894069,79862371162
174.799425,2206464,9037680640,48.739,51.703,103531715,55888250563,17247593131,80005933982
175.079134,2209792,9051312128,48.734,51.698,103726670,55970897260,17273070186,80145353439
175.366362,2213120,9064943616,47.459,51.691,103897531,56061572057,17301072097,80278966313
175.653746,2216448,9078575104,47.433,51.684,104060138,56150522696,17328579548,80415475263
175.922994,2219776,9092206592,50.628,51.683,104224011,56231998664,17353556614,80546920882
176.193152,2223104,9105838080,50.458,51.681,104390913,56315452758,17379140322,80675760101
176.470350,2226432,9119469568,49.176,51.677,104562138,56397639782,17404552101,80813534328
176.756459,2229760,9133101056,47.644,51.671,104730731,56482534221,17430746444,80955719589
177.037148,2233088,9146732544,48.564,51.666,104898768,56564173225,17456033904,81097957192
177.310610,2236416,9160364032,49.848,51.663,105072688,56646478648,17481474849,81231477608
177.587488,2239744,9173995520,49.233,51.659,105256435,56729180462,17506997632,81368168452
177.859987,2243072,9187627008,50.024,51.657,105423237,56809653563,17531796464,81504271187
178.145157,2246400,9201258496,47.801,51.650,105595269,56892032359,17557241112,81649624808
178.416728,2249728,9214889984,50.195,51.648,105763705,56974860034,17582589650,81780961230
178.687427,2253056,9228521472,50.356,51.646,105933209,57056641487,17607684363,81913050224
178.957196,2256384,9242152960,50.530,51.644,106104544,57139451270,17633035815,82042609851
179.222484,2259712,9255784448,51.384,51.644,106263638,57221786574,17658543810,82168121410
179.512531,2263040,9269415936,46.998,51.637,106440295,57307102432,17684794317,82313573381
179.793836,2266368,9283047424,48.458,51.632,106607331,57388767456,17709902166,82456510161
180.075188,2269696,9296678912,48.450,51.627,106768938,57471303907,17735317505,82597940284
180.357090,2273024,9310310400,48.355,51.622,106939734,57552933599,17760470952,82741437266
180.636778,2276352,9323941888,48.738,51.617,107107333,57634098664,17785488688,82883544196
180.907597,2279680,9337573376,50.334,51.615,107262442,57716295253,17810911252,83014857693
181.182747,2283008,9351204864,49.542,51.612,107435415,57798676886,17836353651,83149954302
181.459974,2286336,9364836352,49.171,51.608,107603553,57881978031,17861892772,83286111939
181.752893,2289664,9378467840,46.537,51.600,107774571,57964066673,17887040520,83440113501
182.025280,2292992,9392099328,50.045,51.598,107930660,58048163681,17913037803,83569620000
182.303833,2296320,9405730816,48.937,51.594,108083795,58136326955,17940136218,83698913201
182.577371,2299648,9419362304,49.834,51.591,108303743,58216377577,17964821458,83836579360
182.854915,2302976,9432993792,49.115,51.587,108481807,58297564840,17989726670,83976546032
183.142312,2306304,9446625280,47.431,51.581,108649215,58381534922,18015409890,84122038376
183.412924,2309632,9460256768,50.373,51.579,108810095,58463130277,18040359206,84254641623
183.686533,2312960,9473888256,49.821,51.576,109038435,58545858872,18065906391,84387791924
183.952896,2316288,9487519744,51.176,51.576,109198014,58628441909,18091355314,84514174981
184.221242,2319616,9501151232,50.798,51.575,109334203,58715616051,18118323664,84634499319
184.520142,2322944,9514782720,45.606,51.565,109496820,58807698868,18146797474,84777079434
184.797459,2326272,9528414208,49.155,51.561,109666965,58889958703,18172090098,84915050976
185.078181,2329600,9542045696,48.559,51.557,109832209,58972435943,18197619117,85055784924
185.359181,2332928,9555677184,48.511,51.552,110005636,59054206525,18222868393,85198015301
185.646700,2336256,9569308672,47.411,51.546,110152990,59145661999,18251244856,85330083481
185.919693,2339584,9582940160,49.933,51.543,110325202,59228086640,18276777833,85463061191
186.188296,2342912,9596571648,50.750,51.542,110494385,59309339728,18301783518,85594078586
186.473194,2346240,9610203136,47.847,51.537,110658329,59398161745,18329008211,85728638439
186.763660,2349568,9623834624,46.930,51.529,110826475,59480158022,18354319116,85880126396
187.035083,2352896,9637466112,50.222,51.528,110991909,59562643753,18379688394,86011885072
187.312385,2356224,9651097600,49.158,51.524,111159315,59646152941,18405364722,86147962484
187.586298,2359552,9664729088,49.766,51.522,111331759,59729044744,18430702165,86281660489
187.860835,2362880,9678360576,49.653,51.519,111490385,59811249204,18455958411,86416856012
188.155154,2366208,9691992064,46.315,51.511,111648139,59900604184,18483497705,86559693702
188.429883,2369536,9705623552,49.618,51.508,111817143,59986087721,18509857408,86689410435
188.700273,2372864,9719255040,50.414,51.506,111974766,60070329075,18535795588,86816966649
188.971442,2376192,9732886528,50.269,51.505,112130006,60157184545,18562564675,86940786843
189.242971,2379520,9746518016,50.203,51.503,112280168,60244305639,18589461281,87064407794
189.539996,2382848,9760149504,45.893,51.494,112437305,60338358840,18618463117,87201963600
189.827946,2386176,9773780992,47.340,51.488,112598170,60427177140,18645825974,87339411556
190.113523,2389504,9787412480,47.733,51.482,112753147,60517353658,18673541637,87472192657
190.398357,2392832,9801043968,47.858,51.477,112910859,60607307909,18701389310,87604236559
190.684881,2396160,9814675456,47.575,51.471,113064714,60695251403,18728478090,87741610341
190.959806,2399488,9828306944,49.583,51.468,113210265,60783453001,18755763638,87866852280
191.237099,2402816,9841938432,49.159,51.465,113350861,60872703281,18783469352,87992426540
191.517169,2406144,9855569920,48.672,51.461,113519418,60956753220,18809358146,88130082886
191.803677,2409472,9869201408,47.578,51.455,113693995,61040279208,18835027698,88275215485
192.091218,2412800,9882832896,47.407,51.449,113864596,61123438936,18860740037,88421684171
192.369186,2416128,9896464384,49.040,51.445,114038504,61206860534,18886384422,88558099864
192.639864,2419456,9910095872,50.361,51.444,114206678,61287061302,18911023308,88692958624
192.913985,2422784,9923727360,49.728,51.441,114398945,61369222445,18936193721,88827809933
193.199255,2426112,9937358848,47.784,51.436,114566876,61451011112,18961443736,88974390999
193.473748,2429440,9950990336,49.661,51.433,114730197,61533434150,18986775722,89109328288
193.749120,2432768,9964621824,49.502,51.431,114904053,61616333452,19012200407,89244271790
194.020704,2436096,9978253312,50.192,51.429,115092447,61699338221,19037921017,89374844222
194.287285,2439424,9991884800,51.135,51.428,115260444,61780866958,19063161332,89503006785
194.571663,2442752,10005516288,47.934,51.423,115439974,61862994528,19088300528,89648504935
194.849961,2446080,10019147776,48.982,51.420,115603451,61944525314,19113477631,89788477813
195.127557,2449408,10032779264,49.105,51.417,115771947,62025920106,19138619492,89927954792
195.414372,2452736,10046410752,47.527,51.411,115948744,62110284213,19164559827,90071660272
195.696305,2456064,10060042240,48.350,51.406,116119096,62193620579,19190122436,90212730732
195.972484,2459392,10073673728,49.357,51.404,116288520,62279026056,19216454587,90344065300
196.247741,2462720,10087305216,49.523,51.401,116451717,62362578670,19242235160,90477545966
196.529045,2466048,10100936704,48.458,51.397,116627588,62446554364,19268253489,90616118580
196.858056,2469376,10114568192,41.432,51.380,116805706,62533506649,19294957198,90797714489
197.212873,2472704,10128199680,38.418,51.357,116990836,62623995045,19322639336,90999420682
197.569426,2476032,10141831168,38.231,51.333,117175849,62708522148,19348582711,91212774746
197.922097,2479360,10155462656,38.652,51.310,117349986,62793367263,19374736786,91421899210
198.285073,2482688,10169094144,37.555,51.285,117529035,62880925662,19401636063,91636677359
198.664983,2486016,10182725632,35.881,51.256,117712722,62970881610,19429505815,91863893943
199.022098,2489344,10196357120,38.171,51.232,117891665,63059532996,19456728210,92070780470
199.386656,2492672,10209988608,37.392,51.207,118068484,63150120756,19484626359,92282102774
199.739213,2496000,10223620096,38.665,51.185,118238270,63231035424,19509336481,92498036350
200.109728,2499328,10237251584,36.791,51.158,118424708,63329748196,19539377509,92702042002
200.500663,2502656,10250883072,34.869,51.126,118597890,63411335724,19564561406,92954506045
200.881611,2505984,10264514560,35.783,51.097,118777639,63502367890,19592543700,93181166641
201.265751,2509312,10278146048,35.486,51.068,118953329,63589100051,19619258103,93418464952
201.650902,2512640,10291777536,35.393,51.038,119124765,63670388345,19644281489,93665797982
202.031335,2515968,10305409024,35.831,51.009,119335571,63753795375,19669847914,93904965566
202.404164,2519296,10319040512,36.562,50.982,119508742,63836847443,19695328421,94137090725
202.774940,2522624,10332672000,36.765,50.956,119697393,63919649254,19720740427,94367568235
203.150721,2525952,10346303488,36.275,50.929,119866124,64003553843,19746480990,94601271323
203.543696,2529280,10359934976,34.688,50.898,120032034,64085916078,19771729485,94854912703
203.922737,2532608,10373566464,35.963,50.870,120211685,64172384096,19798518417,95087115392
204.293476,2535936,10387197952,36.768,50.844,120378175,64254839516,19823919769,95318014672
204.661538,2539264,10400829440,37.036,50.820,120549217,64339285276,19850011129,95543030901
205.034412,2542592,10414460928,36.558,50.794,120767669,64423723546,19876149564,95772501215
205.424213,2545920,10428092416,34.970,50.764,120999778,64511657939,19903067796,96013538242
205.791201,2549248,10441723904,37.144,50.739,121171657,64596432077,19929314620,96236508404
206.160301,2552576,10455355392,36.932,50.715,121342216,64683269552,19956069897,96458490004
206.527542,2555904,10468986880,37.119,50.691,121517149,64768818803,19982614006,96680434631
206.889779,2559232,10482618368,37.631,50.668,121689536,64852454375,20008277993,96900850285
207.261960,2562560,10496249856,36.626,50.642,121874237,64938593675,20034757019,97127217554
207.626690,2565888,10509881344,37.374,50.619,122047130,65022876232,20060797792,97349140193
207.990423,2569216,10523512832,37.477,50.596,122217211,65107529137,20087055216,97569362661
208.356374,2572544,10537144320,37.249,50.573,122394067,65194391127,20113634969,97788426094
208.715374,2575872,10550775808,37.971,50.551,122566755,65274704761,20138304053,98011399526
209.046574,2579200,10564407296,41.158,50.536,122729745,65356199882,20163434823,98204445211
209.322539,2582528,10578038784,49.396,50.535,122895332,65436926389,20188392060,98343481279
209.596299,2585856,10591670272,49.794,50.534,123061951,65517534919,20213140707,98480724439
209.878834,2589184,10605301760,48.247,50.531,123232969,65600026774,20238462391,98623501430
210.166955,2592512,10618933248,47.312,50.526,123400178,65682334569,20263951043,98772009881
210.438910,2595840,10632564736,50.124,50.526,123566991,65764941230,20289388486,98904044481
210.717926,2599168,10646196224,48.856,50.523,123737240,65847269745,20314801337,99043347308
210.990489,2602496,10659827712,50.012,50.523,123892062,65929894438,20340201364,99175936703
211.281188,2605824,10673459200,46.892,50.518,124061569,66012600528,20365674554,99326404223
211.555697,2609152,10687090688,49.658,50.517,124239716,66093634418,20390728566,99463457840
211.824166,2612480,10700722176,50.775,50.517,124407702,66174521411,20415689946,99594732012
212.093973,2615808,10714353664,50.523,50.517,124581565,66256186291,20440963326,99726036172
212.363331,2619136,10727985152,50.607,50.517,124750751,66338994731,20466683121,99854509729
212.645966,2622464,10741616640,48.230,50.514,124919261,66420263466,20491835901,99999197856
212.929601,2625792,10755248128,48.060,50.511,125088108,66501442272,20516882450,100145167352
213.211854,2629120,10768879616,48.295,50.508,125256788,66584066012,20542449148,100287097973
213.492348,2632448,10782511104,48.598,50.505,125429715,66664901343,20567300207,100430456054
213.778146,2635776,10796142592,47.696,50.502,125595946,66750670162,20593542500,100571158264
214.055074,2639104,10809774080,49.224,50.500,125774471,66831536688,20618602848,100710917080
214.332422,2642432,10823405568,49.149,50.498,125936598,66918264357,20645226616,100841257864
214.614962,2645760,10837037056,48.246,50.495,126080370,67008858370,20673292879,100969669635
214.906020,2649088,10850668544,46.834,50.490,126251815,67093091859,20699175098,101118011139
215.185179,2652416,10864300032,48.830,50.488,126421213,67175350859,20724408663,101258024580
215.456566,2655744,10877931520,50.229,50.488,126560319,67262963495,20751412190,101380919499
215.736871,2659072,10891563008,48.631,50.485,126711528,67352934482,20779124207,101508655711
216.006987,2662400,10905194496,50.465,50.485,126872916,67435822520,20804723970,101638118115
216.299336,2665728,10918825984,46.628,50.480,127044704,67519362005,20830495638,101788859082
216.571725,2669056,10932457472,50.044,50.480,127220382,67601214428,20855723610,101922348030
216.843423,2672384,10946088960,50.171,50.479,127419747,67682983596,20880892799,102055371705
217.115639,2675712,10959720448,50.076,50.479,127581392,67764698861,20906038662,102189057578
217.383026,2679040,10973351936,50.981,50.479,127759519,67848779447,20931987766,102313846928
217.666062,2682368,10986983424,48.162,50.476,127929889,67930997227,20957399982,102457424199
217.947845,2685696,11000614912,48.376,50.474,128095565,68016522286,20983667439,102594105834
218.225682,2689024,11014246400,49.063,50.472,128263497,68099608678,21009177634,102731164546
218.507958,2692352,11027877888,48.291,50.469,128433979,68183070129,21034910368,102871831488
218.787393,2695680,11041509376,48.782,50.467,128604110,68266462458,21060633972,103010028197
219.065599,2699008,11055140864,48.998,50.465,128782524,68349654878,21086415682,103146843128
219.336050,2702336,11068772352,50.403,50.465,128949461,68433832659,21112227941,103274687192
219.619183,2705664,11082403840,48.145,50.462,129092630,68524929711,21140440308,103403000725
219.906161,2708992,11096035328,47.500,50.458,129264051,68605985752,21165338823,103552749699
220.180938,2712320,11109666816,49.609,50.457,129433926,68687980965,21190532020,103688589964
220.458517,2715648,11123298304,49.108,50.455,129597415,68769385424,21215456588,103828489479
220.732514,2718976,11136929792,49.751,50.454,129761196,68853192747,21241272216,103960452493
221.009328,2722304,11150561280,49.244,50.453,129904000,68943098009,21269015067,104085079703
221.306804,2725632,11164192768,45.824,50.447,130071424,69028648335,21295473020,104237483312
221.575970,2728960,11177824256,50.643,50.447,130249286,69110262872,21320520625,104368511572
221.856685,2732288,11191455744,48.560,50.445,130394387,69201553585,21348776956,104494451923
222.132247,2735616,11205087232,49.468,50.443,130535726,69291694202,21376578996,104617128852
222.396416,2738944,11218718720,51.601,50.445,130697723,69374630504,21402111271,104740516830
222.683130,2742272,11232350208,47.544,50.441,130877818,69457187552,21427579267,104887296951
222.964404,2745600,11245981696,48.463,50.438,131055786,69538941124,21452989191,105029644847
223.247641,2748928,11259613184,48.128,50.436,131218659,69621440135,21478431573,105173162087
223.525828,2752256,11273244672,49.001,50.434,131424189,69703188718,21503472165,105312873153
223.808718,2755584,11286876160,48.186,50.431,131600411,69786538783,21529098117,105454734444
224.088420,2758912,11300507648,48.736,50.429,131774903,69868695553,21554406257,105594968304
224.362918,2762240,11314139136,49.660,50.428,131932354,69956016683,21581378987,105721451747
224.643058,2765568,11327770624,48.660,50.426,132126445,70039366043,21606994223,105860374793
224.921888,2768896,11341402112,48.888,50.424,132293966,70121710503,21632298521,105999624340
225.207866,2772224,11355033600,47.666,50.420,132508246,70202251599,21657147888,106149052035
225.485280,2775552,11368665088,49.138,50.419,132650130,70292361680,21684980459,106273406599
225.767125,2778880,11382296576,48.365,50.416,132791230,70381720541,21712704947,106403359920
226.044793,2782208,11395928064,49.093,50.414,132941852,70469511495,21739807963,106532106380
226.335065,2785536,11409559552,46.961,50.410,133114111,70551576522,21765101711,106683185966
226.608699,2788864,11423191040,49.816,50.409,133282820,70631964007,21789856476,106820384088
226.878747,2792192,11436822528,50.478,50.409,133446554,70712982356,21814609273,106953384690
227.152425,2795520,11450454016,49.808,50.409,133613169,70795554909,21840055270,107087282827
227.419093,2798848,11464085504,51.118,50.410,133756324,70882233097,21866884515,107206910640
227.699671,2802176,11477716992,48.584,50.407,133912135,70965227444,21892455216,107346798342
227.981747,2805504,11491348480,48.326,50.405,134079462,71048016269,21917948466,107488730619
228.260739,2808832,11504979968,48.860,50.403,134244243,71131522367,21943679542,107626163542
228.547284,2812160,11518611456,47.572,50.399,134401994,71220344675,21971040106,107762047549
228.833476,2815488,11532242944,47.631,50.396,134574115,71302484775,21996524199,107908832623
229.107824,2818816,11545874432,49.687,50.395,134740744,71385776763,22022214324,108041732414
229.385286,2822144,11559505920,49.129,50.393,134887495,71475755156,22050048801,108166482556
229.668285,2825472,11573137408,48.168,50.391,135030843,71567095847,22078263720,108294639123
229.962377,2828800,11586768896,46.351,50.385,135179529,71657275365,22106113738,108435799683
230.243088,2832128,11600400384,48.561,50.383,135340013,71743459255,22132798721,108570099812
230.515509,2835456,11614031872,50.038,50.383,135511827,71827248940,22158719844,108700305053
230.790373,2838784,11627663360,49.594,50.382,135678032,71911420936,22184348847,108833399450
231.066810,2842112,11641294848,49.311,50.381,135821717,72001218259,22212087524,108957262668
231.363210,2845440,11654926336,45.990,50.375,135982106,72090343593,22239635841,109102359042
231.639041,2848768,11668557824,49.420,50.374,136156041,72172115887,22265058722,109239463059
231.910657,2852096,11682189312,50.186,50.374,136322992,72253892572,22290317674,109372330673
232.182290,2855424,11695820800,50.184,50.373,136493893,72334807181,22315288178,109506641116
232.449331,2858752,11709452288,51.046,50.374,136656929,72417774343,22340997799,109632862007
232.731676,2862080,11723083776,48.280,50.372,136823476,72500234575,22366368917,109775489408
233.013369,2865408,11736715264,48.391,50.369,136993728,72581271100,22391434875,109919560814
233.292441,2868736,11750346752,48.846,50.367,137159459,72664430163,22416982811,110057911542
233.578845,2872064,11763978240,47.595,50.364,137312974,72752520223,22444283411,110194614826
233.865693,2875392,11777609728,47.522,50.361,137477847,72838057451,22470792260,110336395773
234.145255,2878720,11791241216,48.760,50.359,137650826,72919753311,22496105361,110477297981
234.415321,2882048,11804872704,50.475,50.359,137823885,73002378383,22521669046,110607313915
234.689669,2885376,11818504192,49.687,50.358,138013491,73084938361,22547009514,110741727142
234.977558,2888704,11832135680,47.350,50.354,138184185,73166611979,22572111753,110891171092
235.263498,2892032,11845767168,47.673,50.351,138361873,73252046400,22598474531,111032263207
235.541401,2895360,11859398656,49.051,50.350,138525890,73337732430,22624936549,111164853721
235.815452,2898688,11873030144,49.741,50.349,138690602,73422226428,22651046610,111295747247
236.089003,2902016,11886661632,49.831,50.348,138862989,73506406433,22677013595,111426591354
236.378551,2905344,11900293120,47.079,50.344,139022268,73588441713,22702185644,111577094045
236.653851,2908672,11913924608,49.515,50.343,139191564,73673038656,22728198960,111708960848
236.926507,2912000,11927556096,49.995,50.343,139367649,73754422118,22753228886,111843722402
237.197601,2915328,11941187584,50.283,50.343,139534908,73837925820,22778923636,111973258057
237.465188,2918656,11954819072,50.942,50.343,139701741,73922455109,22805034318,112097338191
237.749026,2921984,11968450560,48.026,50.341,139871607,74004984534,22830498045,112241295915
238.034110,2925312,11982082048,47.816,50.338,140056177,74088425124,22856326620,112384753635
238.316647,2928640,11995713536,48.247,50.335,140238347,74170863385,22881792134,112527289930
238.600051,2931968,12009345024,48.099,50.333,140406084,74253397014,22907157018,112670899209
238.882677,2935296,12022976512,48.232,50.330,140574608,74336143075,22932714340,112812926989
239.158450,2938624,12036608000,49.430,50.329,140743918,74418401852,22958056541,112949341125
239.431549,2941952,12050239488,49.914,50.329,140906657,74501566108,22983606033,113081590222
239.713267,2945280,12063870976,48.387,50.326,141062842,74591860340,23011606006,113210081853
239.999943,2948608,12077502464,47.550,50.323,141213620,74682971507,23039882462,113341877749
240.289040,2951936,12091133952,47.152,50.319,141381281,74767073284,23065812627,113488399332
240.565017,2955264,12104765440,49.394,50.318,141553604,74849219370,23091198396,113625151398
240.835654,2958592,12118396928,50.368,50.318,141724766,74930886239,23116481180,113757225100
241.108925,2961920,12132028416,49.883,50.318,141895962,75010655774,23141198195,113894991692
241.396489,2965248,12145659904,47.403,50.314,142070553,75093751683,23166704882,114041899359
241.670236,2968576,12159291392,49.796,50.314,142246346,75175687515,23191827935,114176965161
241.946083,2971904,12172922880,49.417,50.313,142408824,75258183842,23217147059,114312966072
242.216318,2975232,12186554368,50.443,50.313,142589197,75341438026,23242643111,114442179200
242.484358,2978560,12200185856,50.856,50.313,142728811,75428830611,23269694550,114561986412
242.766836,2981888,12213817344,48.257,50.311,142878852,75514725114,23296348840,114698558791
243.048794,2985216,12227448832,48.346,50.309,143074311,75597264435,23321771193,114840515964
243.330885,2988544,12241080320,48.323,50.306,143245478,75680080428,23347415901,114982029582
243.617940,2991872,12254711808,47.487,50.303,143418790,75762747037,23372942337,115128705066
243.899881,2995200,12268343296,48.349,50.301,143577637,75848268769,23399274642,115265751909
244.174775,2998528,12281974784,49.588,50.300,143745713,75929340950,23424213803,115403291202
244.453823,3001856,12295606272,48.850,50.298,143893091,76020310132,23452090788,115528395069
244.730193,3005184,12309237760,49.323,50.297,144095473,76102159578,23477274848,115665753864
245.019599,3008512,12322869248,47.102,50.293,144267606,76185645018,23502925223,115813732336
245.300247,3011840,12336500736,48.572,50.291,144438468,76266774032,23527861220,115957075612
245.573032,3015168,12350132224,49.972,50.291,144614954,76349558986,23553449228,116089393140
245.851511,3018496,12363763712,48.950,50.290,144781877,76435232853,23579860192,116222576847
246.129889,3021824,12377395200,48.968,50.288,144933763,76523632381,23607177992,116350937578
246.417418,3025152,12391026688,47.409,50.285,145113008,76606385711,23632608407,116498338562
246.692409,3028480,12404658176,49.571,50.284,145265977,76693176908,23659430881,116626091460
246.965219,3031808,12418289664,49.967,50.284,145420171,76777904979,23685564166,116755188879
247.239562,3035136,12431921152,49.688,50.283,145593734,76859522617,23710852434,116891034318
247.505024,3038464,12445552640,51.350,50.284,145759029,76941400671,23736075753,117017447772
247.784903,3041792,12459184128,48.705,50.282,145924546,77021712360,23760764023,117161180615
248.073742,3045120,12472815616,47.194,50.279,146079921,77111958134,23788509173,117297206135
248.364301,3048448,12486447104,46.915,50.275,146229035,77205656216,23817548350,117428655364
248.655178,3051776,12500078592,46.863,50.271,146387630,77297199876,23845757649,117564285907
248.939449,3055104,12513710080,47.952,50.268,146557601,77380157944,23871175887,117708083240
249.220382,3058432,12527341568,48.522,50.266,146730348,77463954895,23896856833,117847186373
249.492449,3061760,12540973056,50.103,50.266,146893900,77546521011,23922215214,117979149197
249.765905,3065088,12554604544,49.849,50.265,147151630,77628058414,23947303983,118114286572
250.056877,3068416,12568236032,46.848,50.262,147324743,77711789890,23972964699,118263408312
250.337696,3071744,12581867520,48.542,50.260,147490977,77793764424,23998362877,118405064707
250.614869,3075072,12595499008,49.181,50.258,147658304,77879037011,24024666872,118537583405
250.892310,3078400,12609130496,49.133,50.257,147801368,77967964599,24051959940,118664506752
251.169627,3081728,12622761984,49.155,50.256,147944356,78058350113,24079836243,118788539939
251.463168,3085056,12636393472,46.438,50.251,148145112,78144664995,24106403138,118935766686
251.738104,3088384,12650024960,49.581,50.251,148317308,78226661373,24131482930,119071906271
252.010176,3091712,12663656448,50.102,50.251,148479461,78307085178,24156258348,119207472451
252.284963,3095040,12677287936,49.607,50.250,148636749,78393079745,24182883923,119336521048
252.548422,3098368,12690919424,51.741,50.251,148775312,78479295222,24209512243,119453530883
252.836354,3101696,12704550912,47.343,50.248,148925663,78571487842,24238144722,119584842626
253.123808,3105024,12718182400,47.422,50.245,149093143,78657256954,24264412234,119727208567
253.407059,3108352,12731813888,48.125,50.243,149264997,78739127448,24289680690,119871645820
253.688302,3111680,12745445376,48.469,50.241,149432601,78821472059,24315004630,120013338953
253.971237,3115008,12759076864,48.179,50.238,149603814,78904165013,24340453898,120156103182
254.250480,3118336,12772708352,48.816,50.237,149776586,78985831328,24365577555,120296637220
254.522156,3121664,12786339840,50.176,50.237,149944405,79067876386,24390991156,120428987325
254.798936,3124992,12799971328,49.250,50.236,150102258,79148678511,24415866949,120568738156
255.081541,3128320,12813602816,48.235,50.233,150264058,79233036206,24441870894,120708307984
255.371134,3131648,12827234304,47.071,50.230,150431128,79316112423,24467478608,120857064806
255.649295,3134976,12840865792,49.006,50.228,150587347,79401166940,24493525319,120991454972
255.924532,3138304,12854497280,49.526,50.228,150752958,79485143037,24519435773,121124245023
256.196577,3141632,12868128768,50.107,50.228,150912485,79566278308,24544452326,121258543055
256.480659,3144960,12881760256,47.984,50.225,151082168,79648450623,24569785536,121403380534
256.758205,3148288,12895391744,49.114,50.224,151256035,79730483481,24595006698,121541991124
257.038655,3151616,12909023232,48.606,50.222,151424520,79815600358,24621332979,121677875738
257.314120,3154944,12922654720,49.485,50.221,151585493,79900835759,24647522515,121809051239
257.580919,3158272,12936286208,51.093,50.222,151748123,79983513383,24672921063,121935692367
257.859918,3161600,12949917696,48.859,50.221,151910921,80068013681,24698859865,122071419140
258.140667,3164928,12963549184,48.554,50.219,152074649,80149153684,24723701299,122214977992
258.423553,3168256,12977180672,48.187,50.217,152236494,80234083480,24749980453,122353828112
258.706329,3171584,12990812160,48.206,50.215,152415136,80318923503,24776329860,122492742982
258.991888,3174912,13004443648,47.736,50.212,152583477,80401604900,24801697288,122638397878
259.270767,3178240,13018075136,48.880,50.210,152749028,80486045941,24827684286,122774355643
259.541497,3181568,13031706624,50.351,50.210,152911395,80569567193,24853345998,122903657288
259.817884,3184896,13045338112,49.320,50.210,153101467,80653441801,24879222264,123037620886
260.099378,3188224,13058969600,48.425,50.208,153301466,80735646875,24904636454,123179507542
260.392456,3191552,13072601088,46.511,50.203,153465740,80821920989,24931228630,123326378791
260.661918,3194880,13086232576,50.588,50.204,153635894,80905357314,24956954779,123454313657
260.931356,3198208,13099864064,50.592,50.204,153805056,80988160486,24982304018,123583580342
261.201761,3201536,13113495552,50.411,50.204,153973242,81069342259,25007384562,123715926449
261.487658,3204864,13127127040,47.680,50.202,154130205,81155557431,25034011093,123855484092
261.767910,3208192,13140758528,48.640,50.200,154296909,81236744599,25059018205,123997981276
262.037895,3211520,13154390016,50.490,50.200,154456472,81321013144,25085049043,124124948219
262.310484,3214848,13168021504,50.008,50.200,154624615,81402053131,25109861955,124260197685
262.578193,3218176,13181652992,50.919,50.201,154791203,81484548178,25135543482,124387548740
262.856817,3221504,13195284480,48.924,50.200,154959950,81566104923,25160598959,124527956167
263.139771,3224832,13208915968,48.176,50.197,155128107,81648660994,25186044156,124670818335
263.417408,3228160,13222547456,49.098,50.196,155304559,81732234226,25211850436,124806724225
263.700054,3231488,13236178944,48.228,50.194,155489133,81813640094,25237010703,124951150999
263.978433,3234816,13249810432,48.967,50.193,155659046,81895389195,25262266882,125090618642
264.258272,3238144,13263441920,48.712,50.191,155824298,81977187924,25287435867,125231380802
264.527427,3241472,13277073408,50.646,50.192,155991436,82059435640,25312748426,125361376536
264.802417,3244800,13290704896,49.571,50.191,156168669,82142208698,25338307424,125495453934
265.090665,3248128,13304336384,47.291,50.188,156347814,82224876679,25363778924,125643519753
265.370448,3251456,13317967872,48.722,50.186,156524955,82305297927,25388583332,125786753150
265.646502,3254784,13331599360,49.380,50.185,156692733,82387684935,25414075138,125923028863
265.924611,3258112,13345230848,49.015,50.184,156859703,82473638105,25440594364,126055859687
266.195564,3261440,13358862336,50.309,50.184,157029003,82555474739,25465902556,126187693447
266.480841,3264768,13372493824,47.783,50.182,157235017,82636958299,25490902253,126334897331
266.759876,3268096,13386125312,48.852,50.180,157402908,82721077153,25516368727,126472466257
267.034887,3271424,13399756800,49.567,50.180,157574717,82801568104,25541112480,126611202138
267.306542,3274752,13413388288,50.179,50.180,157732098,82884950124,25566874697,126741500182
267.572839,3278080,13427019776,51.189,50.181,157870246,82972552459,25594072949,126859076735
267.852238,3281408,13440651264,48.789,50.179,158042139,83055900806,25619666813,126997432860
268.138752,3284736,13454282752,47.577,50.177,158219588,83140580631,25645638800,127140688248
268.421587,3288064,13467914240,48.196,50.174,158385051,83225108161,25671656007,127280227414
268.702915,3291392,13481545728,48.454,50.173,158555869,83305656442,25696486384,127424963413
268.986965,3294720,13495177216,47.990,50.170,158729858,83388450904,25721854387,127568907508
269.266104,3298048,13508808704,48.834,50.169,158903976,83471630805,25747426040,127706932059
269.536580,3301376,13522440192,50.398,50.169,159044598,83558456341,25774158921,127830391303
269.810992,3304704,13536071680,49.675,50.169,159193448,83643452659,25800348681,127960624080
270.093459,3308032,13549703168,48.259,50.167,159334065,83732825357,25827617534,128092177930
270.386348,3311360,13563334656,46.542,50.163,159490976,83822805173,25855036572,128233375041
270.660131,3314688,13576966144,49.789,50.162,159635945,83909872721,25881708924,128359841875
270.937109,3318016,13590597632,49.215,50.161,159781687,83998507540,25908942738,128487037863
271.216508,3321344,13604229120,48.789,50.160,159923920,84089151333,25936395966,128613764490
271.502484,3324672,13617860608,47.667,50.157,160063980,84177985427,25963626428,128749810018
271.780575,3328000,13631492096,49.018,50.156,160210038,84265188800,25990346085,128880626443
272.052033,3331328,13645123584,50.216,50.156,160345844,84352355186,26016736623,129005657649
272.326010,3334656,13658755072,49.754,50.156,160498226,84438989999,26043464760,129132826284
272.594565,3337984,13672386560,50.759,50.156,160659240,84520482085,26068554865,129263018267
272.866287,3341312,13686018048,50.167,50.157,160819226,84601945144,26093583138,129396787393
273.150126,3344640,13699649536,48.025,50.154,160985451,84684290022,26118865117,129541159729
273.434525,3347968,13713281024,47.931,50.152,161149531,84767343470,26144395589,129684894631
273.711275,3351296,13726912512,49.256,50.151,161306254,84849154903,26169760250,129822727904
273.995938,3354624,13740544000,47.887,50.149,161472497,84931149430,26194963659,129968446360
274.273731,3357952,13754175488,49.071,50.148,161636797,85014564212,26220622018,130104841714
274.550675,3361280,13767806976,49.221,50.147,161807314,85099240533,26246845304,130238122648
274.825132,3364608,13781438464,49.667,50.146,162002403,85181196715,26272148971,130373480652
275.105311,3367936,13795069952,48.653,50.145,162166169,85264355970,26297682301,130512889477
275.398595,3371264,13808701440,46.479,50.141,162328745,85346604580,26323138360,130666612696
275.669739,3374592,13822332928,50.274,50.141,162495615,85428144998,26348344299,130799220713
275.944368,3377920,13835964416,49.636,50.140,162661920,85512377015,26374624563,130930598890
276.218103,3381248,13849595904,49.798,50.140,162831512,85595349076,26400166458,131063667529
276.503699,3384576,13863227392,47.730,50.138,162992972,85683202104,26427221292,131200343645
276.786142,3387904,13876858880,48.263,50.136,163163649,85765842001,26452804809,131342585222
277.059698,3391232,13890490368,49.831,50.135,163331789,85850475476,26479054890,131472305167
277.334363,3394560,13904121856,49.630,50.135,163496183,85937469321,26505930783,131599435360
277.605099,3397888,13917753344,50.350,50.135,163636147,86026488398,26533340223,131719331467
277.884813,3401216,13931384832,48.734,50.134,163779950,86117078795,26561357544,131845140405
278.175440,3404544,13945016320,46.904,50.130,163950575,86201409032,26587382083,131992751790
278.451914,3407872,13958647808,49.305,50.129,164115682,86282425434,26612287179,132131894638
278.732768,3411200,13972279296,48.536,50.128,164282858,86365403579,26637940907,132271927611
279.017959,3414528,13985910784,47.798,50.125,164456330,86447702330,26663178005,132417620030
279.299599,3417856,13999542272,48.400,50.124,164654459,86531234803,26688875694,132557618253
279.572906,3421184,14013173760,49.876,50.124,164827990,86613281795,26713970762,132691917649
279.842602,3424512,14026805248,50.544,50.124,164988566,86694952219,26739041781,132823267033
280.130605,3427840,14040436736,47.331,50.121,165159530,86777354463,26764309262,132971345661
280.415469,3431168,14054068224,47.853,50.119,165324474,86859037468,26789577906,133117567532
280.690575,3434496,14067699712,49.550,50.118,165487730,86941916775,26814953947,133252348856
280.966815,3437824,14081331200,49.347,50.117,165653703,87024914214,26840665951,133387673423
281.240233,3441152,14094962688,49.856,50.117,165825518,87107960129,26866222080,133520414044
281.523125,3444480,14108594176,48.186,50.115,165991708,87190666829,26891763587,133662741861
281.802462,3447808,14122225664,48.799,50.114,166156605,87271580913,26916670570,133804919848
282.074327,3451136,14135857152,50.141,50.114,166326993,87353462806,26941820372,133938147201
282.348668,3454464,14149488640,49.688,50.114,166500312,87438544088,26967832864,134069243468
282.616030,3457792,14163120128,50.985,50.114,166666146,87521411130,26993367645,134195866743
282.889858,3461120,14176751616,49.781,50.114,166832233,87605465490,27019244329,134327150094
283.178025,3464448,14190383104,47.304,50.111,167043890,87688065009,27044735467,134475362398
283.462172,3467776,14204014592,47.973,50.109,167214191,87772330285,27070784225,134616517571
283.741932,3471104,14217646080,48.726,50.108,167382911,87854487738,27096218459,134756743818
284.021517,3474432,14231277568,48.756,50.106,167568378,87935047890,27121004271,134899826839
284.306021,3477760,14244909056,47.913,50.104,167732682,88017322329,27146364257,135044749924
284.573671,3481088,14258540544,50.930,50.105,167896402,88097616827,27171211071,135176053039
284.847819,3484416,14272172032,49.723,50.105,168064025,88177790070,27195954205,135314100182
285.124315,3487744,14285803520,49.301,50.104,168230342,88258911896,27220898153,135453046977
285.417445,3491072,14299435008,46.503,50.100,168406949,88342395563,27246621553,135604683592
285.691417,3494400,14313066496,49.755,50.100,168582681,88425003140,27272043228,135738620662
285.970156,3497728,14326697984,48.904,50.099,168739684,88514533208,27299266669,135866723062
286.252652,3501056,14340329472,48.254,50.097,168882257,88606290554,27327455401,135993831584
286.540666,3504384,14353960960,47.329,50.094,169036467,88695077782,27354683964,136131725843
286.823542,3507712,14367592448,48.189,50.092,169235052,88776393313,27379606871,136276970114
287.095589,3511040,14381223936,50.107,50.092,169394167,88857099087,27404452926,136412229346
287.368638,3514368,14394855424,49.923,50.092,169555994,88940163195,27430075955,136544295436
287.637634,3517696,14408486912,50.675,50.092,169717673,89022377700,27455416102,136673937439
287.914496,3521024,14422118400,49.236,50.092,169865611,89112049834,27483200766,136798428485
288.203364,3524352,14435749888,47.189,50.089,170031020,89195060468,27508715811,136946727524
288.486202,3527680,14449381376,48.195,50.087,170246711,89278435120,27534367582,137088252209
288.769974,3531008,14463012864,48.037,50.085,170421600,89361934705,27560087845,137230428661
289.055138,3534336,14476644352,47.802,50.083,170590234,89443614294,27585251703,137377163207
289.338364,3537664,14490275840,48.129,50.081,170770035,89528631438,27611376876,137516503823
289.613753,3540992,14503907328,49.499,50.080,170958029,89613758569,27637673257,137647467978
289.884298,3544320,14517538816,50.385,50.080,171121909,89697538543,27663554907,137775849990
290.173153,3547648,14531170304,47.191,50.078,171317424,89785738746,27690501064,137915535421
290.467088,3550976,14544801792,46.376,50.074,171479332,89870668836,27716445728,138066112977
290.741214,3554304,14558433280,49.727,50.074,171642248,89956363734,27742386255,138195870940
291.017320,3557632,14572064768,49.370,50.073,171794891,90042718149,27768954698,138325636553
291.293435,3560960,14585696256,49.369,50.072,171966755,90126650005,27794915690,138459262348
291.578813,3564288,14599327744,47.767,50.070,172120259,90216116993,27822535225,138592900011
291.865467,3567616,14612959232,47.554,50.067,172283017,90300899814,27848607967,138735991893
292.140320,3570944,14626590720,49.596,50.067,172453900,90384157606,27874220822,138869679871
292.411184,3574272,14640222208,50.326,50.067,172622454,90466204760,27899343841,139001641583
292.679597,3577600,14653853696,50.785,50.068,172791687,90547825678,27924664451,139131479442
292.951819,3580928,14667485184,50.075,50.068,172957991,90629943242,27950027548,139264288389
293.244047,3584256,14681116672,46.647,50.065,173127099,90712885062,27975562349,139415690928
293.523149,3587584,14694748160,48.841,50.063,173304386,90794260350,28000582361,139556964442
293.804312,3590912,14708379648,48.483,50.062,173476887,90875328165,28025646585,139700569724
294.088493,3594240,14722011136,47.968,50.060,173642437,90955586688,28050429990,139848653052
294.368300,3597568,14735642624,48.717,50.059,173812370,91037578077,28076022446,139988920066
294.645126,3600896,14749274112,49.242,50.058,173964984,91122001353,28102011615,140122660288
294.922492,3604224,14762905600,49.146,50.057,174106992,91212722309,28130002949,140246044629
295.207284,3607552,14776537088,47.865,50.055,174267556,91299448460,28156733190,140383844254
295.498189,3610880,14790168576,46.859,50.052,174433338,91379754593,28181373126,140538826053
295.767844,3614208,14803800064,50.552,50.052,174602929,91461157696,28206599311,140670317718
296.045305,3617536,14817431552,49.129,50.051,174780298,91543977801,28232105967,140807308808
296.317066,3620864,14831063040,50.160,50.051,174939701,91626586684,28257671386,140938933972
296.599582,3624192,14844694528,48.250,50.050,175087321,91711709566,28283948615,141077047765
296.888291,3627520,14858326016,47.215,50.047,175242944,91802649842,28312051686,141211428032
297.169302,3630848,14871957504,48.509,50.045,175386210,91892814401,28340253154,141338724771
297.444148,3634176,14885588992,49.597,50.045,175526869,91982319287,28367865259,141461816377
297.714810,3637504,14899220480,50.363,50.045,175670974,92069720715,28394566391,141584945860
297.990979,3640832,14912851968,49.359,50.045,175840880,92155075818,28420667363,141717015780
298.280168,3644160,14926483456,47.137,50.042,176017975,92238183240,28446232592,141865179045
298.562576,3647488,14940114944,48.269,50.040,176195853,92322003433,28472168002,142005363589
298.843635,3650816,14953746432,48.500,50.039,176356328,92405542783,28497765026,142145109708
299.126589,3654144,14967377920,48.176,50.037,176508851,92490379978,28523633077,142284905051
299.412589,3657472,14981009408,47.662,50.035,176666880,92576028125,28549909508,142426004319
299.686535,3660800,14994640896,49.760,50.034,176832562,92659435354,28575716490,142558506236
299.957658,3664128,15008272384,50.278,50.035,177001288,92742328972,28601259364,142688964993
300.239663,3667456,15021903872,48.338,50.033,177178566,92825576563,28626977427,142829866514
300.535088,3670784,15035535360,46.142,50.029,177346854,92907980504,28652343353,142985625326
300.803835,3674112,15049166848,50.722,50.030,177514096,92990121403,28677552087,143115148428
301.082593,3677440,15062798336,48.901,50.029,177673260,93075286327,28703855689,143249388525
301.363716,3680768,15076429824,48.489,50.027,177823300,93165247035,28731685031,143378018661
301.643116,3684096,15090061312,48.788,50.026,177991385,93246861245,28756973698,143518882387
301.923073,3687424,15103692800,48.691,50.025,178157359,93327879215,28781860201,143661598006
302.201378,3690752,15117324288,48.980,50.024,178308113,93417779921,28809710179,143787307089
302.475362,3694080,15130955776,49.753,50.024,178448573,93506664544,28837010266,143910828248
302.744297,3697408,15144587264,50.687,50.024,178594146,93592267697,28863354922,144034787851
303.018690,3700736,15158218752,49.679,50.024,178754349,93678510983,28889893183,144163193186
303.305408,3704064,15171850240,47.543,50.022,178921478,93762018527,28915606202,144308478942
303.589466,3707392,15185481728,47.989,50.020,179099521,93845078509,28941163310,144451829887
303.868631,3710720,15199113216,48.829,50.019,179263556,93927114825,28966448189,144592064326
304.153535,3714048,15212744704,47.846,50.017,179428146,94009931738,28991965472,144736819197
304.435658,3717376,15226376192,48.318,50.015,179601829,94093206456,29017486606,144877854855
304.709034,3720704,15240007680,49.864,50.015,179772179,94176639719,29043236462,145009588476
304.983862,3724032,15253639168,49.600,50.015,179932423,94257810206,29068222848,145146755664
305.263545,3727360,15267270656,48.739,50.013,180102109,94340554714,29093812433,145286061486
305.558937,3730688,15280902144,46.147,50.010,180273089,94424581119,29119606578,145439204419
305.832477,3734016,15294533632,49.834,50.010,180439338,94508511984,29145336119,145570713803
306.112414,3737344,15308165120,48.695,50.008,180590261,94597322656,29172978100,145699891689
306.388251,3740672,15321796608,49.419,50.008,180759811,94678653466,29198174002,145837664378
306.666258,3744000,15335428096,49.033,50.007,180925525,94760917641,29223420989,145976315764
306.952601,3747328,15349059584,47.605,50.005,181091629,94842709667,29248680632,146123963261
307.224225,3750656,15362691072,50.185,50.005,181257055,94924492052,29273857749,146256955480
307.496177,3753984,15376322560,50.125,50.005,181422111,95007498605,29299457952,146388275200
307.767977,3757312,15389954048,50.153,50.005,181582609,95091074284,29325409037,146518008319
308.036750,3760640,15403585536,50.717,50.006,181751206,95173075116,29350505094,146647987452
308.324978,3763968,15417217024,47.294,50.003,181914267,95258262526,29376788638,146791694330
308.607601,3767296,15430848512,48.232,50.002,182078002,95344553514,29403430374,146927872805
308.890018,3770624,15444480000,48.267,50.000,182275657,95431022432,29430361833,147063190241
309.173668,3773952,15458111488,48.057,49.998,182439358,95513814828,29455865887,147206446866
309.465685,3777280,15471742976,46.681,49.995,182590580,95605959056,29484164655,147342523802
309.738924,3780608,15485374464,49.888,49.995,182761442,95688801032,29509597575,147475490690
310.012663,3783936,15499005952,49.797,49.995,182928400,95771446636,29535134004,147608947818
310.288464,3787264,15512637440,49.425,49.994,183091841,95853660552,29560407357,147745255744
310.580476,3790592,15526268928,46.681,49.991,183254941,95935663822,29585595372,147898720223
310.852712,3793920,15539900416,50.072,49.991,183420663,96019950089,29611548944,148028154505
311.127230,3797248,15553531904,49.656,49.991,183590241,96102478402,29636970102,148162818223
311.395544,3800576,15567163392,50.804,49.992,183754728,96183573757,29662054646,148293667561
311.668701,3803904,15580794880,49.904,49.992,183920494,96265900820,29687416442,148427294792
311.959048,3807232,15594426368,46.949,49.989,184095166,96348500148,29712852643,148577627748
312.230598,3810560,15608057856,50.199,49.989,184275985,96430913105,29738292816,148709476448
312.501957,3813888,15621689344,50.234,49.989,184446239,96512108678,29763318697,148842962607
312.772026,3817216,15635320832,50.474,49.990,184610872,96595871653,29789286659,148970775652
313.039693,3820544,15648952320,50.927,49.990,184789683,96678290969,29814591515,149098674249
313.328656,3823872,15662583808,47.174,49.988,184955805,96761924159,29840408463,149245769780
313.611651,3827200,15676215296,48.169,49.986,185114859,96849276188,29867348788,149380631171
313.891784,3830528,15689846784,48.661,49.985,185276518,96930434032,29892459183,149523049699
314.173328,3833856,15703478272,48.417,49.983,185437182,97011226016,29917389267,149667583421
314.459586,3837184,15717109760,47.619,49.981,185609679,97096072949,29943489755,149809935657
314.727312,3840512,15730741248,50.916,49.982,185778623,97178741743,29969080894,149937221123
315.001714,3843840,15744372736,49.677,49.982,185941478,97259780751,29993940493,150074195286
315.276600,3847168,15758004224,49.590,49.982,186113608,97341423889,30019239412,150210339473
315.560754,3850496,15771635712,47.972,49.980,186284283,97423638364,30044745061,150354771953
315.842119,3853824,15785267200,48.448,49.978,186457727,97506836328,30070302061,150495019642
316.120004,3857152,15798898688,49.054,49.978,186629434,97590701901,30096008269,150630871710
316.395670,3860480,15812530176,49.449,49.977,186798681,97673006077,30121398808,150766906113
316.671167,3863808,15826161664,49.480,49.977,186966646,97755336760,30146695454,150903134915
316.961800,3867136,15839793152,46.903,49.974,187131753,97840417081,30172914531,151049470896
317.236989,3870464,15853424640,49.535,49.973,187276797,97928961978,30200293594,151174352991
317.512736,3873792,15867056128,49.435,49.973,187427039,98017168842,30227719306,151300144712
317.784653,3877120,15880687616,50.131,49.973,187593407,98099835929,30253040715,151432145119
318.058151,3880448,15894319104,49.841,49.973,187743061,98188013139,30280204647,151556210937
318.347163,3883776,15907950592,47.166,49.970,187909516,98274339661,30306838133,151698837879
318.629669,3887104,15921582080,48.252,49.969,188083027,98358192559,30332476483,151839707404
318.916209,3890432,15935213568,47.573,49.967,188238901,98446538517,30359761963,151976407363
319.203042,3893760,15948845056,47.524,49.965,188411490,98530691384,30385688909,152120530560
319.483733,3897088,15962476544,48.564,49.963,188580545,98613220675,30411116096,152261436988
319.755524,3900416,15976108032,50.154,49.964,188731455,98698144675,30437252720,152389194765
320.031221,3903744,15989739520,49.444,49.963,188871774,98787058550,30464734706,152514194994
320.318267,3907072,16003371008,47.489,49.961,189017029,98879057316,30493351106,152644843797
320.610673,3910400,16017002496,46.618,49.958,189180593,98962339364,30519135044,152795958368
320.882313,3913728,16030633984,50.182,49.958,189327392,99047571851,30545512220,152922948589
321.163456,3917056,16044265472,48.486,49.957,189470482,99138697219,30573599578,153049819437
321.445017,3920384,16057896960,48.414,49.955,189630790,99226180167,30600279712,153183542425
321.724656,3923712,16071528448,48.747,49.954,189800932,99310490836,30626397632,153320110070
322.021450,3927040,16085159936,45.929,49.951,189956244,99399945454,30654158125,153465168148
322.293812,3930368,16098791424,50.049,49.951,190115881,99482717107,30679686712,153597451003
322.565434,3933696,16112422912,50.186,49.951,190286077,99564839066,30704923782,153729982046
322.838946,3937024,16126054400,49.839,49.951,190449630,99648680695,30730708619,153861420435
323.108840,3940352,16139685888,50.507,49.951,190615095,99732010617,30756466807,153989889750
323.398006,3943680,16153317376,47.141,49.949,190779020,99815962965,30782390274,154136549637
323.681704,3947008,16166948864,48.049,49.947,190942916,99899401839,30808120519,154278720922
323.958529,3950336,16180580352,49.242,49.946,191109399,99982208704,30833628904,154415175234
324.244232,3953664,16194211840,47.712,49.944,191276331,100064258218,30858972187,154561668987
324.529824,3956992,16207843328,47.731,49.943,191444030,100147342355,30884617144,154706288120
324.806550,3960320,16221474816,49.260,49.942,191608378,100230191567,30910097996,154842653016
325.079379,3963648,16235106304,49.964,49.942,191781489,100311687424,30935292806,154977066621
325.356788,3966976,16248737792,49.139,49.941,191952126,100393575814,30960432265,155115940085
325.649283,3970304,16262369280,46.604,49.938,192148960,100476757021,30986046076,155267465682
325.925465,3973632,16276000768,49.357,49.938,192303709,100561790286,31012227098,155399456434
326.201723,3976960,16289632256,49.343,49.937,192473527,100644244899,31037788006,155535325853
326.482366,3980288,16303263744,48.572,49.936,192644642,100728703123,31063898068,155672998814
326.759000,3983616,16316895232,49.276,49.936,192825831,100810841131,31089071030,155810625303
327.051167,3986944,16330526720,46.656,49.933,193000928,100894369483,31114790876,155961210952
327.321303,3990272,16344158208,50.462,49.933,193169940,100975882066,31139846759,156093170982
327.596220,3993600,16357789696,49.584,49.933,193340756,101058743277,31165307243,156227963959
327.866307,3996928,16371421184,50.471,49.933,193506460,101140609823,31190591243,156359233258
328.136523,4000256,16385052672,50.447,49.934,193645123,101228161913,31217819140,156480500135
328.423260,4003584,16398684160,47.540,49.932,193810771,101310831574,31243252873,156627027635
328.705303,4006912,16412315648,48.331,49.930,193991713,101394200756,31268845692,156767817931
328.987988,4010240,16425947136,48.221,49.929,194164763,101475836581,31293780555,156912418214
329.267063,4013568,16439578624,48.845,49.928,194339278,101557138868,31318910962,157053502752
329.551680,4016896,16453210112,47.894,49.926,194519375,101640839951,31344747865,157196171865
329.827643,4020224,16466841600,49.396,49.926,194683320,101723158590,31370262090,157332323005
330.101024,4023552,16480473088,49.863,49.926,194850621,101806061623,31395840713,157465065287
330.381335,4026880,16494104576,48.630,49.924,195028859,101887557888,31420872712,157607400094
330.666482,4030208,16507736064,47.805,49.923,195192128,101972241518,31446960882,157749010736
330.995537,4033536,16521367552,41.426,49.914,195384737,102058008589,31473356246,157932845277
331.341706,4036864,16534999040,39.378,49.903,195558307,102141275859,31499032664,158137744639
331.695165,4040192,16548630528,38.566,49.891,195735249,102224248844,31524590971,158350543559
332.059821,4043520,16562262016,37.382,49.877,195942573,102312021472,31551544212,158566504621
332.424861,4046848,16575893504,37.342,49.864,196121050,102392425955,31576329416,158795045811
332.774395,4050176,16589524992,38.999,49.852,196302969,102475334480,31601863692,159004155554
333.136854,4053504,16603156480,37.608,49.839,196478967,102569472093,31630851976,159207241740
333.493030,4056832,16616787968,38.272,49.826,196649714,102653146917,31656612721,159421846819
333.846858,4060160,16630419456,38.526,49.815,196822901,102733657873,31681230905,159639423827
334.229305,4063488,16644050944,35.643,49.798,196996168,102817701279,31706919471,159879843369
334.603670,4066816,16657682432,36.412,49.783,197167588,102900264119,31732458764,160114058775
334.982176,4070144,16671313920,36.014,49.768,197338505,102981960829,31757474110,160354217919
335.362982,4073472,16684945408,35.796,49.752,197507003,103065037824,31782937411,160594385906
335.743581,4076800,16698576896,35.816,49.736,197675622,103146364937,31807920758,160837070568
336.110016,4080128,16712208384,37.200,49.722,197843014,103231642618,31834262598,161058753251
336.480862,4083456,16725839872,36.758,49.708,198018910,103316258993,31860493510,161285982214
336.861240,4086784,16739471360,35.837,49.692,198198716,103399180837,31886028280,161525886472
337.254480,4090112,16753102848,34.665,49.675,198397797,103484263619,31912164064,161774950818
337.635839,4093440,16766734336,35.744,49.659,198581158,103574444240,31939829653,162003641988
338.002946,4096768,16780365824,37.132,49.646,198753337,103656792657,31965227670,162231025353
338.380842,4100096,16793997312,36.072,49.630,198923828,103745928905,31992631991,162457983410
338.756889,4103424,16807628800,36.249,49.616,199101262,103831274671,32018860074,162689276130
339.146595,4106752,16821260288,34.979,49.599,199279784,103919698608,32046154083,162928850121
339.527640,4110080,16834891776,35.774,49.583,199462144,104012271701,32074752054,163152788335
339.896104,4113408,16848523264,36.995,49.570,199643635,104097386123,32101002812,163377054093
340.261025,4116736,16862154752,37.355,49.557,199819081,104181546522,32126798048,163599391422
340.626701,4120064,16875786240,37.278,49.543,199998447,104266776089,32153117000,163820574883
341.004334,4123392,16889417728,36.097,49.528,200179826,104353810871,32180026424,164050634750
341.366831,4126720,16903049216,37.604,49.516,200349387,104440230806,32206653305,164266619628
341.738946,4130048,16916680704,36.633,49.502,200523440,104527234519,32233418256,164491297776
342.106553,4133376,16930312192,37.082,49.488,200710152,104615347913,32260534040,164709656280
342.473224,4136704,16943943680,37.176,49.475,200887691,104700298889,32286708862,164932156416
342.834824,4140032,16957575168,37.698,49.463,201063969,104785363063,32313141477,165149221631
343.169698,4143360,16971206656,40.706,49.454,201233368,104868457527,32338808442,165343179340
343.447658,4146688,16984838144,49.041,49.454,201412015,104949966016,32363840305,165482978018
343.731939,4150016,16998469632,47.951,49.453,201584112,105030872016,32388844329,165629843070
344.010986,4153344,17012101120,48.850,49.452,201754162,105113478957,32414327674,165768846464
344.286153,4156672,17025732608,49.539,49.452,201932639,105196780281,32439585845,165903532741
344.567090,4160000,17039364096,48.522,49.452,202088696,105286273024,32467254788,166032425724
344.841400,4163328,17052995584,49.694,49.452,202262400,105369035146,32492661040,166166514950
345.138428,4166656,17066627072,45.893,49.449,202429428,105450867663,32517871271,166324752419
345.411029,4169984,17080258560,50.005,49.449,202593540,105533190848,32543194210,166457926992
345.686452,4173312,17093890048,49.493,49.449,202745053,105616979743,32568975583,166591392416
345.957690,4176640,17107521536,50.256,49.450,202920293,105700293440,32594521294,166721581501
346.226568,4179968,17121153024,50.698,49.451,203093219,105783480462,32620104527,166849876857
346.512986,4183296,17134784512,47.593,49.449,203271351,105866035609,32645474871,166996623175
346.795510,4186624,17148416000,48.249,49.448,203426802,105951063215,32671657890,167134941943
347.088485,4189952,17162047488,46.528,49.446,203588275,106042354881,32699690443,167273126902
347.370578,4193280,17175678976,48.323,49.445,203741526,106127417771,32725855744,167410873502
347.656035,4196608,17189310464,47.753,49.443,203914502,106209702792,32751213123,167556746139
347.932977,4199936,17202941952,49.221,49.443,204082630,106291747651,32776537626,167694310194
348.204268,4203264,17216573440,50.247,49.444,204254729,106373442690,32801783092,167827013072
348.488217,4206592,17230204928,48.007,49.443,204431772,106457139204,32827743765,167968815388
348.775503,4209920,17243836416,47.449,49.441,204588828,106545110634,32855016105,168106784773
349.061902,4213248,17257467904,47.596,49.440,204756262,106627256413,32880264802,168253825341
349.337315,4216576,17271099392,49.495,49.440,204910115,106712057095,32906635730,168385131291
349.612198,4219904,17284730880,49.590,49.440,205078171,106794534111,32931849979,168520635291
349.887813,4223232,17298362368,49.458,49.440,205234007,106877806666,32957574650,168654708891
350.183639,4226560,17311993856,46.079,49.437,205395408,106964452901,32984277290,168803568107
350.455073,4229888,17325625344,50.220,49.438,205561465,107049636545,33010439061,168930686502
350.733404,4233216,17339256832,48.976,49.437,205702692,107140014495,33038348191,169055858147
351.005195,4236544,17352888320,50.154,49.438,205842307,107227559422,33065601917,169178859519
351.275402,4239872,17366519808,50.448,49.438,205985612,107315154670,33092854868,169300030726
351.568220,4243200,17380151296,46.553,49.436,206139443,107407096143,33120990708,169437521933
351.853363,4246528,17393782784,47.806,49.435,206311142,107492424644,33147305903,169578054951
352.135336,4249856,17407414272,48.343,49.434,206476801,107575951232,33172974661,169718551744
352.412656,4253184,17421045760,49.155,49.434,206640301,107657107858,33197995181,169858195599
352.693827,4256512,17434677248,48.481,49.433,206812734,107738991488,33223247846,170000398717
352.969266,4259840,17448308736,49.490,49.433,206983877,107821526508,33248639345,170136006083
353.239917,4263168,17461940224,50.365,49.434,207148504,107902957955,33273908544,170268181213
353.521303,4266496,17475571712,48.444,49.433,207308422,107988777503,33300221403,170404163597
353.805920,4269824,17489203200,47.894,49.432,207480168,108072732476,33326113160,170546464011
354.092780,4273152,17502834688,47.520,49.430,207653161,108155191689,33351668952,170693233570
354.363135,4276480,17516466176,50.421,49.431,207823825,108237174023,33376886507,170824499442
354.646901,4279808,17530097664,48.038,49.430,207976514,108327090956,33404620499,170956015399
354.922926,4283136,17543729152,49.385,49.430,208177587,108410701456,33430386103,171090109752
355.216871,4286464,17557360640,46.374,49.427,208350520,108493001667,33455957820,171244314376
355.488976,4289792,17570992128,50.096,49.428,208514377,108577167636,33481891145,171373829757
355.770414,4293120,17584623616,48.435,49.427,208660820,108668256690,33510103426,171500479009
356.050700,4296448,17598255104,48.634,49.426,208848864,108753687164,33536287772,171636278244
356.319995,4299776,17611886592,50.619,49.427,209011474,108834702213,33561467915,171767819754
356.606094,4303104,17625518080,47.646,49.426,209178715,108917781946,33587115143,171912882263
356.883191,4306432,17639149568,49.194,49.426,209348323,108999608248,33612222154,172051486710
357.162497,4309760,17652781056,48.805,49.425,209522762,109081808928,33637508735,172191545075
357.446882,4313088,17666412544,47.933,49.424,209693123,109163584066,33662779703,172337006545
357.727690,4316416,17680044032,48.544,49.423,209867586,109247347594,33688677990,172475652296
358.008765,4319744,17693675520,48.498,49.422,210036369,109331486707,33714596795,172614243560
358.282756,4323072,17707307008,49.752,49.423,210207750,109415313662,33740430590,172746077790
358.554745,4326400,17720938496,50.118,49.423,210452341,109496967086,33765844693,172879247223
358.848501,4329728,17734569984,46.404,49.421,210622176,109580092588,33791511440,173031945661
359.125911,4333056,17748201472,49.138,49.421,210792055,109660965224,33816319959,173172363656
359.401101,4336384,17761832960,49.535,49.421,210964113,109744446005,33841937277,173306172017
359.678151,4339712,17775464448,49.202,49.420,211126525,109826552114,33867215115,173444217819
359.951636,4343040,17789095936,49.844,49.421,211308677,109909552657,33892643824,173577151909
360.247232,4346368,17802727424,46.115,49.418,211487392,109995445748,33918961920,173727312736
360.520539,4349696,17816358912,49.876,49.418,211660105,110077967107,33944565862,173860397355
360.793887,4353024,17829990400,49.869,49.419,211858381,110161698767,33970337959,173991825019
361.068421,4356352,17843621888,49.653,49.419,212024765,110245429261,33996118642,174124496858
361.334390,4359680,17857253376,51.252,49.420,212181657,110326908284,34021167039,174252596249
361.617673,4363008,17870884864,48.120,49.419,212351414,110409067349,34046715085,174396373254
361.898108,4366336,17884516352,48.608,49.419,212526514,110491098127,34072039445,174537626618
362.180727,4369664,17898147840,48.233,49.418,212706536,110573463122,34097499867,174680568183
362.461898,4372992,17911779328,48.481,49.417,212873009,110655366971,34122636787,174823012687
362.744399,4376320,17925410816,48.253,49.416,213036758,110736904214,34147742772,174967392590
363.025959,4379648,17939042304,48.414,49.415,213214409,110821449724,34173916684,175105445460
363.299604,4382976,17952673792,49.814,49.416,213376277,110903090958,34199118068,175240531573
363.578637,4386304,17966305280,48.853,49.415,213543495,110987809698,34225171333,175376042500
363.867463,4389632,17979936768,47.196,49.413,213695171,111078361861,34253110747,175511301576
364.151475,4392960,17993568256,47.996,49.412,213864207,111160341973,34278343501,175656359031
364.424364,4396288,18007199744,49.952,49.413,214029631,111243377200,34303776997,175789027282
364.699567,4399616,18020831232,49.533,49.413,214205907,111326416248,34329102161,175923914452
364.979570,4402944,18034462720,48.683,49.412,214374539,111409964828,34354875206,176062479324
365.276183,4406272,18048094208,45.957,49.409,214550893,111494741562,34380764907,176215629482
365.554648,4409600,18061725696,48.952,49.409,214694314,111584975086,34408498050,176341434496
365.833424,4412928,18075357184,48.898,49.409,214857888,111672713801,34435455123,176471757744
366.104950,4416256,18088988672,50.203,49.409,215067142,111754239405,34460538831,176605044218
366.374732,4419584,18102620160,50.528,49.410,215267845,111834578330,34485450024,176738306598
366.655053,4422912,18116251648,48.628,49.410,215433235,111917205843,34510991576,176878461958
366.939393,4426240,18129883136,47.941,49.408,215608147,112000259686,34536688757,177021880200
367.219006,4429568,18143514624,48.751,49.408,215773324,112081969546,34561798533,177163000950
367.494653,4432896,18157146112,49.453,49.408,215944591,112161988510,34586448983,177303046581
367.779490,4436224,18170777600,47.857,49.407,216120907,112244807063,34611989245,177447375869
368.058470,4439552,18184409088,48.862,49.406,216301559,112328066395,34637734731,177585266349
368.332434,4442880,18198040576,49.757,49.407,216514971,112411300161,34663379470,177718201957
368.608209,4446208,18211672064,49.430,49.407,216683205,112491485660,34688149879,177857870818
368.888703,4449536,18225303552,48.598,49.406,216847491,112573623046,34713456222,177999076666
369.180253,4452864,18238935040,46.755,49.404,217017220,112655526603,34738625561,178151908928
369.456940,4456192,18252566528,49.267,49.404,217195303,112739468097,34764431859,178286237376
369.729249,4459520,18266198016,50.059,49.404,217440757,112821424775,34789636968,178419536072
370.004958,4462848,18279829504,49.442,49.404,217688028,112906093797,34815613936,178551832769
370.293579,4466176,18293460992,47.230,49.403,217874197,112989803790,34841482431,178698467785
370.573250,4469504,18307092480,48.741,49.402,218041067,113072983912,34867218094,178836950555
370.842553,4472832,18320723968,50.618,49.403,218201408,113156293221,34893017342,178964820197
371.115988,4476160,18334355456,49.853,49.403,218370832,113238233132,34918181955,179099365781
371.382950,4479488,18347986944,51.061,49.404,218558354,113321110014,34943712672,179225559894
371.658171,4482816,18361618432,49.529,49.405,218728375,113402029089,34968670030,179363462147
371.943406,4486144,18375249920,47.790,49.403,218898709,113485549289,34994401270,179507100890
372.218274,4489472,18388881408,49.593,49.403,219068779,113566429218,35019134883,179645138259
372.499433,4492800,18402512896,48.483,49.403,219240768,113648604552,35044356837,179787067883
372.780669,4496128,18416144384,48.470,49.402,219408206,113729516086,35069218124,179931172630
373.060897,4499456,18429775872,48.644,49.402,219577110,113813470069,35094980196,180069379137
373.335505,4502784,18443407360,49.640,49.402,219731298,113899395240,35121503112,180198342565
373.607988,4506112,18457038848,50.027,49.402,219892094,113981231886,35146856536,180331738228
373.896409,4509440,18470670336,47.262,49.401,220067756,114064837532,35172644771,180478264770
374.179830,4512768,18484301824,48.096,49.400,220227486,114147654582,35198242208,180620796858
374.455130,4516096,18497933312,49.515,49.400,220403406,114230231717,35223753677,180755754302
374.725536,4519424,18511564800,50.411,49.400,220568906,114312573698,35249346700,180886171613
374.996394,4522752,18525196288,50.327,49.401,220736457,114393823468,35274269099,181019694763
375.283279,4526080,18538827776,47.516,49.400,220909172,114475263562,35299341313,181168409096
375.560379,4529408,18552459264,49.193,49.399,221077347,114558987375,35325140990,181303487904
375.831413,4532736,18566090752,50.294,49.400,221239596,114643580341,35351125985,181431148559
376.105173,4536064,18579722240,49.794,49.400,221384834,114731675907,35378480213,181555165705
376.373162,4539392,18593353728,50.866,49.401,221525649,114820180366,35405888433,181672748505
376.656404,4542720,18606985216,48.127,49.400,221680711,114905526366,35432157538,181811293461
376.934147,4546048,18620616704,49.080,49.400,221846483,114987053121,35457367885,181950844338
377.218275,4549376,18634248192,47.976,49.399,222001018,115072269315,35483801956,182090264353
377.494173,4552704,18647879680,49.408,49.399,222173426,115153888220,35508844465,182227834348
377.774436,4556032,18661511168,48.638,49.399,222357494,115236355517,35534189811,182368156484
378.054678,4559360,18675142656,48.642,49.398,222525449,115321393516,35560609342,182503808767
378.324009,4562688,18688774144,50.612,49.399,222688332,115402162832,35585507067,182636016726
378.601874,4566016,18702405632,49.058,49.399,222852340,115486434579,35611372600,182771285726
378.882824,4569344,18716037120,48.519,49.398,223023395,115569992681,35637013850,182911033048
379.171822,4572672,18729668608,47.168,49.396,223198362,115652460085,35662410635,183060251544
379.453479,4576000,18743300096,48.398,49.396,223359220,115739949641,35688948228,183194433085
379.732460,4579328,18756931584,48.862,49.395,223520085,115826108353,35715542740,183327113766
380.011972,4582656,18770563072,48.769,49.395,223668734,115915941985,35743194803,183454408268
380.302882,4585984,18784194560,46.858,49.393,223830037,116002240023,35769553133,183599554562
380.582256,4589312,18797826048,48.793,49.392,223985291,116090816784,35796859939,183728698480
380.858142,4592640,18811457536,49.410,49.392,224131906,116179651812,35824357350,183853908371
381.135696,4595968,18825089024,49.113,49.392,224280275,116270068473,35852347755,183977764304
381.401777,4599296,18838720512,51.231,49.393,224425947,116353951874,35878210483,184101627609
381.675386,4602624,18852352000,49.821,49.394,224575612,116436681066,35903706802,184234945382
381.960263,4605952,18865983488,47.850,49.393,224745607,116519951824,35929329507,184378750778
382.243126,4609280,18879614976,48.191,49.392,224913504,116601687831,35954557960,184522954899
382.523365,4612608,18893246464,48.642,49.391,225079582,116684578585,35980095851,184662657152
382.804917,4615936,18906877952,48.416,49.390,225247610,116766953280,36005687709,184804279008
383.084215,4619264,18920509440,48.806,49.390,225415299,116850584612,36031388306,184941982314
383.358149,4622592,18934140928,49.762,49.390,225579984,116935596891,36057605051,185071584519
383.632036,4625920,18947772416,49.770,49.390,225757597,117018554645,36083182829,185204757448
383.912516,4629248,18961403904,48.601,49.390,225929067,117100769719,36108520052,185345803780
384.201503,4632576,18975035392,47.170,49.388,226106169,117182678798,36133993810,185495705564
384.467042,4635904,18988666880,51.335,49.390,226273395,117263738798,36158783940,185624186498
384.739559,4639232,19002298368,50.021,49.390,226452239,117345678492,36184266788,185757605204
385.015362,4642560,19015929856,49.425,49.390,226623875,117427859596,36209517241,185894219649
385.310957,4645888,19029561344,46.116,49.388,226784730,117520704857,36238090179,186032770326
385.587902,4649216,19043192832,49.221,49.387,226948133,117602608865,36263204470,186170924632
385.856576,4652544,19056824320,50.736,49.388,227114284,117684437916,36288420163,186300695958
386.129450,4655872,19070455808,49.955,49.389,227349710,117768236143,36314068620,186431635205
386.394257,4659200,19084087296,51.477,49.390,227510720,117848899198,36338855000,186559555950
386.673862,4662528,19097718784,48.753,49.390,227680016,117933515705,36364896748,186695526564
386.957949,4665856,19111350272,47.984,49.389,227845005,118014352858,36389799286,186842592306
387.235031,4669184,19124981760,49.197,49.389,228017013,118095292031,36414810343,186982416561
387.513018,4672512,19138613248,49.036,49.388,228194212,118175737292,36439543219,187124011324
387.794126,4675840,19152244736,48.492,49.388,228371230,118256645015,36464444495,187267708814
388.072652,4679168,19165876224,48.942,49.387,228542922,118338357656,36489623046,187407613204
388.346298,4682496,19179507712,49.814,49.388,228720550,118421146338,36515035044,187540892794
388.617051,4685824,19193139200,50.347,49.388,228890352,118503674917,36540586130,187671508382
388.907060,4689152,19206770688,47.004,49.387,229053569,118586013840,36565933011,187821850160
389.191533,4692480,19220402176,47.918,49.385,229226263,118668199528,36591166849,187967016975
389.465043,4695808,19234033664,49.839,49.386,229392654,118749292907,36616260215,188102826386
389.733003,4699136,19247665152,50.871,49.387,229577575,118831650377,36641710081,188231041625
390.003894,4702464,19261296640,50.321,49.387,229740687,118912410485,36666822293,188364769827
390.286231,4705792,19274928128,48.281,49.387,229903259,118992681690,36691546853,188510955904
390.560782,4709120,19288559616,49.650,49.387,230073728,119073661848,36716236050,188648660201
390.834954,4712448,19302191104,49.719,49.387,230238754,119157251682,36741829304,188781356591
391.105999,4715776,19315822592,50.292,49.388,230408012,119238726690,36766962394,188914244745
391.369267,4719104,19329454080,51.778,49.389,230569742,119320119655,36792055833,189039838695
391.641510,4722432,19343085568,50.071,49.390,230735476,119401697307,36817232072,189173811136
391.924184,4725760,19356717056,48.223,49.389,230901077,119485193930,36842890732,189315193134
392.207602,4729088,19370348544,48.097,49.388,231062157,119570444842,36869182214,189454216429
392.482681,4732416,19383980032,49.555,49.388,231217027,119655661617,36895470910,189584877719
392.768642,4735744,19397611520,47.669,49.387,231369428,119747262733,36923620347,189715644069
393.049992,4739072,19411243008,48.450,49.386,231530312,119832414914,36949940018,189852563978
393.319526,4742400,19424874496,50.574,49.387,231697473,119917533097,36975973300,189978346772
393.588181,4745728,19438505984,50.740,49.388,231859556,119998154714,37000823116,190110180346
393.866325,4749056,19452137472,49.009,49.388,232017422,120083329938,37026949597,190244298468
394.154969,4752384,19465768960,47.226,49.386,232183776,120167920934,37052938048,190389680607
394.427709,4755712,19479400448,49.980,49.386,232453918,120251440708,37078353242,190521586944
394.701794,4759040,19493031936,49.735,49.387,232624464,120333106323,37103326133,190657383763
394.978050,4762368,19506663424,49.344,49.387,232788936,120414999383,37128474465,190794928017
395.262819,4765696,19520294912,47.869,49.386,232956570,120498823184,37154407070,190937844716
395.539666,4769024,19533926400,49.238,49.386,233126941,120581081833,37179870764,191074749497
395.811887,4772352,19547557888,50.075,49.386,233296692,120663217303,37205291647,191207547361
396.085116,4775680,19561189376,49.890,49.386,233466932,120746865538,37231107156,191339106788
396.356787,4779008,19574820864,50.176,49.387,233641030,120830834379,37257064572,191468386001
396.631943,4782336,19588452352,49.541,49.387,233806937,120913851559,37282369390,191603394562
396.914130,4785664,19602083840,48.307,49.386,233979886,120995889136,37307569585,191746562372
397.191661,4788992,19615715328,49.117,49.386,234148294,121077414885,37332515141,191886112299
397.474030,4792320,19629346816,48.275,49.385,234322071,121161053992,37358258074,192026876294
397.758300,4795648,19642978304,47.953,49.384,234494667,121242465932,37383422442,192173049647
398.036817,4798976,19656609792,48.943,49.384,234659819,121328033116,37409709212,192306387118
398.305966,4802304,19670241280,50.647,49.385,234822621,121411224373,37435240582,192434656266
398.585995,4805632,19683872768,48.679,49.384,234983774,121500050538,37462596525,192564265805
398.863655,4808960,19697504256,49.094,49.384,235152211,121582303035,37488085115,192702278547
399.153348,4812288,19711135744,47.055,49.382,235322251,121663287647,37513015451,192854708921
399.424500,4815616,19724767232,50.273,49.383,235495429,121748245230,37538950937,192982552798
399.697668,4818944,19738398720,49.901,49.383,235655578,121831412135,37564564241,193114707786
399.973012,4822272,19752030208,49.507,49.383,235819695,121913926055,37589946840,193250165963
400.250921,4825600,19765661696,49.050,49.383,235981979,121994195548,37614762719,193391868988
400.530064,4828928,19779293184,48.833,49.383,236150612,122078502987,37640809709,193527919058
400.804007,4832256,19792924672,49.760,49.383,236291262,122167497792,37668407621,193650596885
401.074708,4835584,19806556160,50.356,49.384,236444775,122250323322,37693903214,193780813597
401.344667,4838912,19820187648,50.495,49.384,236610899,122333674928,37719446815,193909776745
401.620403,4842240,19833819136,49.437,49.384,236778445,122418994336,37745526560,194041338433
401.902520,4845568,19847450624,48.318,49.384,236950118,122501055678,37770770485,194184514684
402.186247,4848896,19861082112,48.044,49.383,237092742,122591579302,37798823071,194314496878
402.465775,4852224,19874713600,48.766,49.382,237254041,122675239043,37824677515,194452056180
402.747710,4855552,19888345088,48.350,49.382,237422893,122757325064,37849918769,194594957329
403.026375,4858880,19901976576,48.917,49.381,237593433,122839490165,37875139471,194734273139
403.299535,4862208,19915608064,49.903,49.382,237764332,122920760034,37899994653,194869962695
403.573442,4865536,19929239552,49.767,49.382,237941415,123002075613,37924898148,195006200132
403.851751,4868864,19942871040,48.980,49.382,238105769,123083608110,37950123317,195146146069
404.138824,4872192,19956502528,47.484,49.380,238280842,123164554282,37974989445,195295825815
404.411116,4875520,19970134016,50.062,49.381,238444821,123245490731,37999869849,195430993220
404.685217,4878848,19983765504,49.732,49.381,238608134,123328345678,38025444519,195564587612
404.956184,4882176,19997396992,50.307,49.382,238779971,123410535558,38050821171,195696171417
405.239749,4885504,20011028480,48.072,49.381,238970481,123492296749,38076027785,195841268467
405.518760,4888832,20024659968,48.856,49.380,239138201,123576167849,38101955491,195978023236
405.793695,4892160,20038291456,49.581,49.380,239280489,123665248964,38129498733,196101769172
406.073084,4895488,20051922944,48.790,49.380,239424445,123756039011,38157534274,196227176887
406.341216,4898816,20065554432,50.839,49.381,239567753,123843850825,38184729516,196346165709
406.613668,4902144,20079185920,50.033,49.381,239726198,123925279483,38209831798,196480495095
406.902978,4905472,20092817408,47.117,49.380,239908521,124008901165,38235504743,196628172482
407.185219,4908800,20106448896,48.297,49.379,240105557,124089090058,38260237343,196774389761
407.458648,4912128,20120080384,49.854,49.379,240276287,124170702566,38285324979,196909497329
407.742045,4915456,20133711872,48.100,49.379,240446739,124253582214,38310847325,197052316872
408.027555,4918784,20147343360,47.744,49.377,240611811,124336975147,38336409116,197196516500
408.299478,4922112,20160974848,50.130,49.378,240776997,124418979420,38361693270,197329300744
408.577996,4925440,20174606336,48.943,49.378,240952939,124501372646,38387021274,197468047264
408.855215,4928768,20188237824,49.172,49.377,241119460,124582080752,38411736194,197608769612
409.147941,4932096,20201869312,46.567,49.375,241283093,124668530016,38438401270,197754839634
409.422690,4935424,20215500800,49.614,49.376,241445677,124751495683,38463981304,197888890507
409.694373,4938752,20229132288,50.174,49.376,241615308,124832888640,38489087963,198022485720
409.969113,4942080,20242763776,49.616,49.376,241786482,124916481540,38514868118,198155451176
410.255350,4945408,20256395264,47.623,49.375,241947853,125003682162,38541792454,198293737655
410.534108,4948736,20270026752,48.901,49.375,242113495,125085322767,38566980962,198433962293
410.804920,4952064,20283658240,50.336,49.375,242279869,125168600427,38592687953,198563543994
411.076264,4955392,20297289728,50.237,49.376,242445235,125252367196,38618556913,198692670220
411.346598,4958720,20310921216,50.425,49.377,242599933,125338271774,38644994882,198817316302
411.621007,4962048,20324552704,49.676,49.377,242769375,125422431117,38670889534,198949046964
411.904434,4965376,20338184192,48.095,49.376,242928458,125504698019,38696274711,199092835219
412.184547,4968704,20351815680,48.664,49.375,243099369,125585687209,38721243892,199235493759
412.463282,4972032,20365447168,48.905,49.375,243269950,125667964121,38746508252,199374778966
412.746881,4975360,20379078656,48.066,49.374,243436370,125749625945,38771685053,199519679859
413.025702,4978688,20392710144,48.890,49.374,243611589,125833141572,38797413534,199656985282
413.297048,4982016,20406341632,50.236,49.375,243787280,125917084010,38823344428,199786092820
413.571607,4985344,20419973120,49.649,49.375,243951725,125999250691,38848973015,199921021746
413.853656,4988672,20433604608,48.330,49.374,244127295,126082040943,38874259075,200063011330
414.144607,4992000,20447236096,46.852,49.372,244299718,126162899356,38899251891,200216826227
414.414699,4995328,20460867584,50.470,49.373,244465164,126244769738,38924481579,200347853840
414.687687,4998656,20474499072,49.934,49.373,244627116,126328681488,38950328375,200478506447
414.960177,5001984,20488130560,50.026,49.374,244799550,126409035557,38975401596,200614201612
415.238477,5005312,20501762048,48.981,49.373,244970521,126490578266,39000696882,200753987456
415.518414,5008640,20515393536,48.695,49.373,245146224,126572182077,39025940075,200895268041
415.788721,5011968,20529025024,50.430,49.374,245315103,126654219401,39051185634,201026583498
416.060473,5015296,20542656512,50.162,49.374,245482717,126736258222,39076536054,201159039891
416.329956,5018624,20556288000,50.584,49.375,245652165,126818676419,39101883630,201288718458
416.603503,5021952,20569919488,49.832,49.375,245834481,126900820758,39127354300,201422894610
416.890428,5025280,20583550976,47.509,49.374,246006074,126983073517,39152583225,201570633721
417.167178,5028608,20597182464,49.256,49.374,246170387,127064025178,39177494325,201710093164
417.447645,5031936,20610813952,48.603,49.373,246338946,127146424999,39202835188,201850760031
417.730178,5035264,20624445440,48.247,49.373,246513056,127228964764,39228168866,201993611499
418.007223,5038592,20638076928,49.203,49.373,246686854,127309949112,39253130300,202133445236
418.275678,5041920,20651708416,50.777,49.373,246848024,127390585396,39277930934,202265211318
418.546504,5045248,20665339904,50.333,49.374,247017027,127472996228,39303232341,202396627784
418.825259,5048576,20678971392,48.901,49.374,247207668,127555153763,39328596070,202535953117
419.121695,5051904,20692602880,45.985,49.371,247368251,127639011241,39354431937,202690226451
419.391391,5055232,20706234368,50.544,49.372,247532790,127721134498,39379778048,202820851765
419.666675,5058560,20719865856,49.518,49.372,247692099,127803827238,39405159628,202956221122
419.941104,5061888,20733497344,49.672,49.372,247859937,127888050158,39430929177,203088070115
420.222236,5065216,20747128832,48.488,49.372,248110458,127971273716,39456734686,203227942191
420.504128,5068544,20760760320,48.357,49.371,248288499,128052063658,39481688056,203372703966
420.775206,5071872,20774391808,50.286,49.372,248458966,128135074446,39507170929,203503195708
421.050792,5075200,20788023296,49.464,49.372,248620777,128219553497,39533106895,203635699928
421.316014,5078528,20801654784,51.397,49.373,248788720,128302116967,39558592497,203760862350
421.587684,5081856,20815286272,50.177,49.374,248949599,128384819123,39583980852,203892451607
421.876233,5085184,20828917760,47.242,49.372,249123520,128466583354,39609216077,204042376826
422.155094,5088512,20842549248,48.883,49.372,249293811,128549535168,39634793745,204180395813
422.435261,5091840,20856180736,48.655,49.371,249459738,128629961128,39659573661,204323907692
422.716020,5095168,20869812224,48.552,49.371,249630709,128713052973,39685432583,204463478264
422.991261,5098496,20883443712,49.526,49.371,249797130,128794694407,39710498210,204600396516
423.269424,5101824,20897075200,49.005,49.371,249939525,128885353290,39738299034,204725192202
423.547353,5105152,20910706688,49.047,49.370,250107915,128971633782,39764966573,204857010711
423.832123,5108480,20924338176,47.868,49.369,250280896,129055923455,39790937168,204998627082
424.120671,5111808,20937969664,47.242,49.368,250446847,129136969173,39815822482,205149906348
424.392665,5115136,20951601152,50.117,49.368,250621477,129218853068,39841026205,205283147387
424.664743,5118464,20965232640,50.101,49.369,250781111,129299931362,39865955602,205417855026
424.936226,5121792,20978864128,50.211,49.369,250947917,129381150943,39891075613,205551572258
425.215331,5125120,20992495616,48.840,49.369,251123356,129461960511,39916063303,205693555480
425.496153,5128448,21006127104,48.541,49.369,251293204,129545982494,39941562902,205832908520
425.769378,5131776,21019758592,49.891,49.369,251466001,129628710553,39966978932,205966163250
426.040204,5135104,21033390080,50.333,49.369,251628865,129711664229,39992421789,206096613099
426.308297,5138432,21047021568,50.846,49.370,251780623,129795223689,40018247622,206222800553
426.577319,5141760,21060653056,50.671,49.371,251945880,129876147292,40043212217,206354605068
426.864913,5145088,21074284544,47.398,49.370,252115987,129958025651,40068272775,206503610665
427.145538,5148416,21087916032,48.575,49.369,252287150,130040974204,40093710450,206643654650
427.425412,5151744,21101547520,48.706,49.369,252456069,130121862669,40118639574,206786139085
427.705986,5155072,21115179008,48.584,49.368,252621957,130202108487,40143473211,206930506289
427.983159,5158400,21128810496,49.180,49.368,252793376,130283474735,40168628924,207069715862
428.253147,5161728,21142441984,50.489,49.369,252963768,130365399824,40193750880,207200711313
428.524519,5165056,21156073472,50.232,49.370,253128925,130447673292,40219101738,207332321955
428.812467,5168384,21169704960,47.340,49.368,253276666,130538775494,40247312689,207465490454
429.111299,5171712,21183336448,45.616,49.366,253468537,130621115276,40272700887,207624642417
429.378689,5175040,21196967936,50.980,49.367,253633913,130701911821,40297529844,207755324409
429.654564,5178368,21210599424,49.412,49.367,253786709,130790674514,40324847045,207880718449
429.936641,5181696,21224230912,48.325,49.366,253932453,130881578075,40352789980,208008537290
430.219833,5185024,21237862400,48.135,49.365,254083282,130970763568,40380283472,208140514174
430.507187,5188352,21251493888,47.438,49.364,254255790,131053245231,40405608799,208288084176
430.777176,5191680,21265125376,50.489,49.365,254406185,131138345787,40431941144,208413751420
431.051118,5195008,21278756864,49.760,49.365,254546917,131227615215,40459452688,208536473786
431.323272,5198336,21292388352,50.087,49.365,254700565,131313134820,40485874247,208663656681
431.590835,5201664,21306019840,50.947,49.366,254852816,131397574826,40511921613,208788129493
431.889027,5204992,21319651328,45.714,49.364,255026854,131487908356,40539783956,208933079464
432.173184,5208320,21333282816,47.972,49.363,255172245,131579780674,40567831615,209061994724
432.455242,5211648,21346914304,48.329,49.362,255322239,131667874170,40595214037,209194286314
432.740766,5214976,21360545792,47.742,49.361,255480523,131756082414,40622517869,209330165371
433.019407,5218304,21374177280,48.921,49.361,255659677,131837328748,40647689187,209470899746
433.293345,5221632,21387808768,49.761,49.361,255830781,131919738122,40673010822,209605060023
433.561354,5224960,21401440256,50.862,49.362,255996773,132002711766,40698517959,209732551248
433.839120,5228288,21415071744,49.075,49.362,256167883,132085139029,40723944290,209870530569
434.135989,5231616,21428703232,45.917,49.359,256369753,132167155840,40749231025,210028102339
434.402983,5234944,21442334720,51.055,49.360,256542992,132248616401,40774244936,210157064173
434.676430,5238272,21455966208,49.850,49.361,256707898,132331901498,40799738183,210289673651
434.951335,5241600,21469597696,49.586,49.361,256853684,132420897170,40827242980,210413665284
435.234719,5244928,21483229184,48.103,49.360,257013461,132510363312,40854660167,210545684383
435.519591,5248256,21496860672,47.851,49.359,257178935,132593829133,40880438662,210688995995
435.785945,5251584,21510492160,51.178,49.360,257343895,132675829131,40905599539,210816458395
436.064765,5254912,21524123648,48.890,49.360,257486997,132766691795,40933679386,210941326740
436.334853,5258240,21537755136,50.471,49.361,257645502,132856071236,40961108413,211060222903
436.608639,5261568,21551386624,49.789,49.361,257788875,132946293102,40988908046,211181115425
436.905118,5264896,21565018112,45.978,49.359,257953264,133035600949,41016449597,211326339832
437.186495,5268224,21578649600,48.446,49.358,258124721,133118657158,41041895329,211466984774
437.465583,5271552,21592281088,48.843,49.358,258296244,133200120434,41066896670,211608095314
437.741017,5274880,21605912576,49.491,49.358,258460197,133282548660,41092265685,211743879232
438.019038,5278208,21619544064,49.030,49.358,258627295,133364404005,41117631066,211883088990
438.292737,5281536,21633175552,49.805,49.358,258797626,133446522128,41142966183,212017237346
438.564770,5284864,21646807040,50.110,49.358,258962312,133528270443,41168028780,212150623807
438.845094,5288192,21660438528,48.628,49.358,259133443,133611300331,41193643490,212290133708
439.126841,5291520,21674070016,48.382,49.357,259294660,133694625002,41219142868,212430813462
439.407469,5294848,21687701504,48.575,49.357,259467192,133779253545,41245277928,212567919402
439.683498,5298176,21701332992,49.384,49.357,259629898,133863322147,41271161091,212701355725
439.957055,5301504,21714964480,49.830,49.357,259785900,133948161600,41297565321,212830784371
440.238192,5304832,21728595968,48.487,49.356,259948771,134032653408,41323450849,212968864023
440.525529,5308160,21742227456,47.441,49.355,260106480,134121338467,41350818366,213105885197
440.794621,5311488,21755858944,50.657,49.356,260255559,134205516440,41376772342,213232165383
441.073758,5314816,21769490432,48.834,49.356,260398254,134295796620,41404614437,213358116821
441.341427,5318144,21783121920,50.927,49.357,260535843,134382980638,41431537738,213477985884
441.612387,5321472,21796753408,50.308,49.357,260677394,134470235046,41458542479,213600879722
441.903729,5324800,21810384896,46.789,49.356,260842644,134559492654,41485974521,213741132856
442.187610,5328128,21824016384,48.018,49.355,261034976,134644521462,41511948234,213881439030
442.475378,5331456,21837647872,47.370,49.353,261193883,134732684965,41538999583,214019951410
442.756778,5334784,21851279360,48.442,49.353,261367929,134816286294,41564703350,214159723765
443.037439,5338112,21864910848,48.569,49.352,261544816,134897400200,41589798239,214302787349
443.306842,5341440,21878542336,50.599,49.353,261709082,134979574035,41615307626,214432677048
443.581732,5344768,21892173824,49.589,49.353,261881287,135061349051,41640436351,214569197512
443.861798,5348096,21905805312,48.672,49.353,262054731,135144170061,41665984905,214708708478
444.159950,5351424,21919436800,45.720,49.350,262214704,135233307488,41693578532,214855650947
444.427311,5354752,21933068288,50.985,49.351,262380864,135313315609,41718195483,214987679982
444.696611,5358080,21946699776,50.618,49.352,262546895,135394808519,41743369896,215118685778
444.973728,5361408,21960331264,49.190,49.352,262709337,135480021970,41769710796,215251338032
445.258249,5364736,21973962752,47.910,49.351,262855040,135571887012,41798223454,215379854967
445.548744,5368064,21987594240,46.925,49.349,263047605,135656950249,41824379350,215526582554
445.822333,5371392,22001225728,49.825,49.350,263190893,135745614950,41851897731,215649300432
446.099050,5374720,22014857216,49.262,49.350,263354118,135835010562,41879425307,215774408841
446.371347,5378048,22028488704,50.061,49.350,263518009,135917932885,41904807852,215906425033
446.644285,5381376,22042120192,49.944,49.351,263675374,136005181784,41931733614,216031355478
446.934718,5384704,22055751680,46.935,49.349,263844107,136088500716,41957501570,216180528291
447.210177,5388032,22069383168,49.487,49.349,264042941,136169620472,41982513998,216318435531
447.491152,5391360,22083014656,48.515,49.348,264200551,136254790752,42008768499,216454756486
447.769034,5394688,22096646144,49.055,49.348,264411046,136336007970,42033817357,216595078356
448.051148,5398016,22110277632,48.319,49.348,264580340,136418375023,42059104797,216737708210
448.329071,5401344,22123909120,49.048,49.347,264748077,136503423002,42085365147,216871193906
448.601996,5404672,22137540608,49.946,49.348,264920445,136586730565,42111085683,217002672200
448.877884,5408000,22151172096,49.410,49.348,265097751,136668781709,42136616151,217139242696
449.169870,5411328,22164803584,46.685,49.346,265264174,136750125289,42161817681,217293015964
449.445128,5414656,22178435072,49.522,49.346,265431567,136832102093,42187037780,217429347061
449.721398,5417984,22192066560,49.341,49.346,265577448,136920602297,42214612687,217555138675
449.999975,5421312,22205698048,48.933,49.346,265723141,137011113641,42242693387,217679668131
450.283774,5424640,22219329536,48.032,49.345,265869856,137103218708,42271343481,217806955428
450.578236,5427968,22232961024,46.293,49.343,266035882,137191358709,42298559660,217951886416
450.850920,5431296,22246592512,49.990,49.344,266175831,137279695034,42325782920,218074955529
451.128080,5434624,22260224000,49.183,49.343,266325784,137367523689,42352892719,218202998921
451.393534,5437952,22273855488,51.352,49.345,266489865,137450354964,42378417447,218328078448
451.659502,5441280,22287486976,51.252,49.346,266638791,137533969848,42404145822,218452312741
451.941720,5444608,22301118464,48.301,49.345,266800167,137615843190,42429430854,218595534243
452.221559,5447936,22314749952,48.712,49.345,266966994,137698335889,42454920447,218735442854
452.506017,5451264,22328381440,47.921,49.344,267125526,137784582922,42481451462,218873645152
452.792207,5454592,22342012928,47.631,49.343,267275825,137874015697,42509344976,219007570793
453.069209,5457920,22355644416,49.211,49.343,267452552,137955474488,42534419288,219146342112
453.342172,5461248,22369275904,49.939,49.343,267628216,138037673635,42559986977,219279594702
453.613791,5464576,22382907392,50.186,49.344,267799248,138119042435,42585149373,219413187078
453.893014,5467904,22396538880,48.819,49.343,267969872,138201585764,42610582069,219552417435
454.175045,5471232,22410170368,48.333,49.343,268130249,138286173192,42636606261,219691098548
454.452334,5474560,22423801856,49.160,49.342,268298591,138365879056,42661263222,219833145695
454.724654,5477888,22437433344,50.057,49.343,268473073,138449351756,42686928651,219964089147
454.999224,5481216,22451064832,49.647,49.343,268644216,138530720179,42711968206,220100812203
455.277951,5484544,22464696320,48.906,49.343,268815577,138613889498,42737604447,220238559625
455.567047,5487872,22478327808,47.152,49.341,268969955,138701579891,42764698377,220378813657
455.839996,5491200,22491959296,49.942,49.342,269114863,138789929755,42791924443,220502019000
456.118027,5494528,22505590784,49.029,49.342,269257060,138880245425,42819699088,220627031601
456.391573,5497856,22519222272,49.833,49.342,269400270,138969611371,42847473246,220748712277
456.661721,5501184,22532853760,50.459,49.343,269550710,139055672218,42873951579,220873268860
456.943663,5504512,22546485248,48.348,49.342,269705655,139137966929,42899396483,221015474197
457.220475,5507840,22560116736,49.245,49.342,269867759,139220113681,42924597798,221152940324
457.501891,5511168,22573748224,48.439,49.341,270034480,139303069130,42950126533,221293841759
457.780557,5514496,22587379712,48.917,49.341,270200313,139386288340,42975704768,221431647887
458.063485,5517824,22601011200,48.180,49.340,270365864,139468925511,43001264559,221574288953
458.337325,5521152,22614642688,49.779,49.341,270538843,139551576116,43026772925,221707934319
458.608684,5524480,22628274176,50.234,49.341,270709303,139634003862,43052179370,221839578424
458.885933,5527808,22641905664,49.167,49.341,270870440,139714937743,43077219849,221979418111
459.169850,5531136,22655537152,48.012,49.340,271040919,139798726874,43103034563,222121368359
459.455941,5534464,22669168640,47.647,49.339,271242333,139886096792,43129945758,222259433851
459.730735,5537792,22682800128,49.606,49.339,271383363,139975242728,43157598730,222382709851
460.013357,5541120,22696431616,48.232,49.339,271538683,140061555755,43184297227,222518660573
460.288302,5544448,22710063104,49.579,49.339,271695631,140147324569,43210709135,222648153094
460.581828,5547776,22723694592,46.440,49.337,271864629,140232117550,43236837921,222798009898
460.850228,5551104,22737326080,50.788,49.338,272021746,140316497601,43262912404,222923266164
461.128106,5554432,22750957568,49.056,49.338,272165161,140407955858,43290971748,223046328005
461.400696,5557760,22764589056,50.007,49.338,272305619,140495939148,43318229222,223169555186
461.668583,5561088,22778220544,50.885,49.339,272454175,140580034840,43344206937,223294782157
461.954554,5564416,22791852032,47.667,49.338,272625733,140663009272,43369733719,223440121597
462.231232,5567744,22805483520,49.268,49.338,272788480,140743971384,43394742380,223579233892
462.510083,5571072,22819115008,48.884,49.338,272960148,140826804956,43420299985,223717721684
462.785296,5574400,22832746496,49.531,49.338,273123213,140906920518,43444976451,223857074352
463.068090,5577728,22846377984,48.203,49.337,273294266,140989747329,43470455844,223999545154
463.339838,5581056,22860009472,50.162,49.337,273460835,141071448981,43495691260,224132616337
463.610170,5584384,22873640960,50.425,49.338,273628696,141154143671,43521324854,224262641153
463.886720,5587712,22887272448,49.291,49.338,273794373,141234482580,43546070923,224402959554
464.177107,5591040,22900903936,46.943,49.337,273963918,141317324772,43571629224,224552778583
464.449582,5594368,22914535424,50.028,49.337,274135611,141397739311,43596454661,224688819143
464.723288,5597696,22928166912,49.803,49.337,274301342,141480584647,43622032726,224822032014
464.997368,5601024,22941798400,49.735,49.337,274456928,141566997370,43648771166,224949452342
465.277354,5604352,22955429888,48.686,49.337,274608688,141656859627,43676519073,225077102325
465.568689,5607680,22969061376,46.790,49.335,274778504,141739410264,43702109669,225228498154
465.843043,5611008,22982692864,49.686,49.336,274952612,141825750121,43728879330,225356275255
466.114455,5614336,22996324352,50.224,49.336,275118370,141905936435,43753622334,225491630540
466.384346,5617664,23009955840,50.507,49.337,275284476,141988937890,43779286622,225620494440
466.652597,5620992,23023587328,50.816,49.338,275448967,142072132315,43805103120,225747493926
466.936742,5624320,23037218816,47.974,49.337,275614358,142153348947,43830277444,225893751423
467.218992,5627648,23050850304,48.296,49.336,275830256,142236054847,43855754219,226035686172
467.503107,5630976,23064481792,47.979,49.335,275993530,142318219703,43881166871,226180292879
467.780647,5634304,23078113280,49.115,49.335,276162554,142401269123,43906818121,226316807083
468.061280,5637632,23091744768,48.574,49.335,276343947,142483274399,43932131095,226458362041
468.336999,5640960,23105376256,49.440,49.335,276518863,142564593096,43957197721,226596112237
468.606354,5644288,23119007744,50.608,49.336,276682271,142646028277,43982349525,226727396828
468.884293,5647616,23132639232,49.045,49.335,276850090,142727382158,44007382267,226867414664
469.164782,5650944,23146270720,48.599,49.335,277019010,142811124420,44033242920,227005870596
469.449817,5654272,23159902208,47.824,49.334,277184358,142896154987,44059207916,227147488449
469.724863,5657600,23173533696,49.561,49.334,277330820,142984396848,44086455121,227273042764
470.003203,5660928,23187165184,48.974,49.334,277472689,143074302742,44114348004,227398574955
470.277018,5664256,23200796672,49.784,49.334,277629683,143159109438,44140534276,227528748000
470.565403,5667584,23214428160,47.268,49.333,277801146,143241390357,44165947233,227677497496
470.833860,5670912,23228059648,50.777,49.334,277958050,143325374409,44191801945,227803762910
471.112634,5674240,23241691136,48.898,49.334,278101778,143415541623,44219674672,227929477326
471.388463,5677568,23255322624,49.420,49.334,278250047,143504412366,44247407648,228054224142
471.656089,5680896,23268954112,50.935,49.335,278397760,143590103481,44273857127,228176523698
471.938839,5684224,23282585600,48.210,49.334,278557407,143674065100,44299847019,228316855580
472.218281,5687552,23296217088,48.781,49.334,278724306,143758110031,44325792522,228453481925
472.497849,5690880,23309848576,48.759,49.333,278887750,143839011533,44350710849,228595814597
472.778793,5694208,23323480064,48.520,49.333,279082998,143921065027,44375996567,228737675170
473.058236,5697536,23337111552,48.781,49.332,279258226,144002852795,44401171273,228878470848
473.332718,5700864,23350743040,49.663,49.333,279431993,144085742340,44426924601,229012146992
473.599407,5704192,23364374528,51.114,49.334,279593638,144165166922,44451468902,229144052045
473.875175,5707520,23378006016,49.431,49.334,279761261,144247739511,44476932916,229279865980
474.156993,5710848,23391637504,48.370,49.333,279922280,144330524076,44502374989,229421299035
474.437220,5714176,23405268992,48.644,49.333,280092036,144411927750,44527425222,229563453588
474.704887,5717504,23418900480,50.927,49.334,280266610,144493554048,44552419370,229692889487
474.977071,5720832,23432531968,50.082,49.334,280437068,144575345070,44577617905,229826532741
475.251810,5724160,23446163456,49.616,49.334,280582539,144664021168,44605136833,229950582411
475.547930,5727488,23459794944,46.034,49.332,280745989,144752954349,44632497205,230096163759
475.822685,5730816,23473426432,49.613,49.332,280888366,144841359467,44659968860,230220629592
476.097646,5734144,23487057920,49.576,49.332,281039321,144927357588,44686764287,230349069464
476.364801,5737472,23500689408,51.025,49.333,281210244,145008749724,44711969892,230477827135
476.631934,5740800,23514320896,51.029,49.334,281378890,145090326458,44736996361,230606614228
476.914226,5744128,23527952384,48.289,49.334,281551035,145172868766,44762389672,230749095259
477.195287,5747456,23541583872,48.500,49.333,281713717,145255376623,44787791361,230890497061
477.475680,5750784,23555215360,48.616,49.333,281881879,145340040418,44813736642,231027360554
477.761158,5754112,23568846848,47.750,49.332,282050220,145422698745,44839159261,231172802380
478.036933,5757440,23582478336,49.430,49.332,282213656,145503837626,44864195389,231310998758
478.313404,5760768,23596109824,49.305,49.332,282385617,145586065755,44889579084,231448097907
478.587540,5764096,23609741312,49.725,49.332,282548671,145668997766,44915043547,231582040059
478.866532,5767424,23623372800,48.860,49.332,282720747,145754386462,44941326245,231716406670
479.191220,5770752,23637004288,41.983,49.327,282898861,145842290016,44968245478,231892138849
479.539917,5774080,23650635776,39.093,49.319,283070779,145929708320,44995164930,232092671320
479.921651,5777408,23664267264,35.709,49.309,283251306,146021869538,45024017313,232317684305
480.296458,5780736,23677898752,36.369,49.299,283428298,146107982204,45050445189,232546983906
480.661875,5784064,23691530240,37.304,49.289,283601879,146194737091,45077110082,232765384998
481.051907,5787392,23705161728,34.950,49.278,283776647,146281067818,45103838349,233008967932
481.424359,5790720,23718793216,36.599,49.268,283955850,146369250412,45130870781,233232566752
481.799124,5794048,23732424704,36.373,49.258,284135555,146455162981,45157224995,233462138609
482.165539,5797376,23746056192,37.202,49.249,284313405,146539777862,45183217218,233685250268
482.525409,5800704,23759687680,37.879,49.240,284489454,146623497784,45209097117,233903293095
482.900109,5804032,23773319168,36.380,49.230,284676091,146709935526,45235719414,234131486399
483.256567,5807360,23786950656,38.241,49.222,284842381,146793055145,45261240616,234347399658
483.624018,5810688,23800582144,37.097,49.213,285026303,146878709618,45287717664,234569396411
483.976824,5814016,23814213632,38.637,49.205,285196238,146959397822,45312479019,234785486221
484.340898,5817344,23827845120,37.442,49.196,285372965,147044205431,45338502874,235005985461
484.693530,5820672,23841476608,38.656,49.189,285556176,147129584710,45364834228,235213745845
485.050877,5824000,23855108096,38.146,49.181,285729007,147216469216,45391729133,235423495928
485.411460,5827328,23868739584,37.804,49.172,285937218,147299905109,45417365228,235642835788
485.773533,5830656,23882371072,37.648,49.164,286110217,147382677455,45442983168,235864097303
486.138441,5833984,23896002560,37.356,49.155,286284055,147467743058,45469196059,236085000234
486.485890,5837312,23909634048,39.233,49.148,286459506,147550112004,45494614029,236292751124
486.841599,5840640,23923265536,38.322,49.140,286638454,147631654173,45519770021,236510249989
487.197914,5843968,23936897024,38.257,49.132,286816977,147715377817,45545473573,236724759491
487.572655,5847296,23950528512,36.376,49.122,286995264,147801769797,45572035444,236953219253
487.925237,5850624,23964160000,38.662,49.114,287189984,147885976638,45597833350,237163388089
488.280251,5853952,23977791488,38.397,49.107,287363225,147969313744,45623411495,237377196810
488.633677,5857280,23991422976,38.570,49.099,287545887,148054252166,45649459003,237586988132
488.987522,5860608,24005054464,38.524,49.091,287727776,148137883814,45675197439,237799141265
489.380569,5863936,24018685952,34.682,49.080,287905001,148227964577,45702683104,238040219164
489.763606,5867264,24032317440,35.588,49.069,288081472,148311599557,45728511884,238281488526
490.144043,5870592,24045948928,35.831,49.059,288257977,148392669597,45753569741,238524189513
490.525203,5873920,24059580416,35.763,49.049,288436436,148476396633,45779292456,238763655675
490.923319,5877248,24073211904,34.240,49.037,288617286,148567838838,45807360335,239006983819
491.290842,5880576,24086843392,37.090,49.028,288790286,148650954359,45832876427,239233895232
491.619369,5883904,24100474880,41.493,49.023,288961146,148734565588,45858675525,239420712653
491.897075,5887232,24114106368,49.086,49.023,289128818,148817387972,45884206154,239557933217
492.180809,5890560,24127737856,48.043,49.022,289302580,148900512730,45909765447,239700815312
492.476038,5893888,24141369344,46.173,49.020,289482133,148983997669,45935686994,239854086106
492.751259,5897216,24155000832,49.529,49.021,289714521,149066466596,45961044578,239989433812
493.030003,5900544,24168632320,48.903,49.021,289893941,149149825083,45986873736,240126522947
493.308089,5903872,24182263808,49.019,49.021,290068502,149233146169,46012497971,240263238332
493.595351,5907200,24195895296,47.453,49.020,290240023,149315450762,46037790716,240411053997
493.870053,5910528,24209526784,49.623,49.020,290432196,149397598789,46062996497,240546659355
494.144453,5913856,24223158272,49.678,49.020,290599906,149480623840,46088553166,240680481641
494.416014,5917184,24236789760,50.197,49.021,290775143,149564488270,46114298743,240810165712
494.686059,5920512,24250421248,50.479,49.022,290945501,149648308038,46140009340,240938444787
494.966487,5923840,24264052736,48.610,49.022,291111556,149731728033,46165729108,241077248954
495.250315,5927168,24277684224,48.027,49.021,291339292,149815362798,46191600285,241219084954
495.528511,5930496,24291315712,48.999,49.021,291507760,149897969570,46217075927,241357215723
495.807009,5933824,24304947200,48.946,49.021,291671782,149980183518,46242408116,241496239429
496.088030,5937152,24318578688,48.507,49.021,291849583,150064060557,46268150753,241635317861
496.368193,5940480,24332210176,48.655,49.020,292019157,150147397563,46294067245,241773704353
496.639307,5943808,24345841664,50.280,49.021,292179212,150230791466,46319794228,241903299213
496.922511,5947136,24359473152,48.133,49.021,292324460,150322768364,46348162192,242030518394
497.205084,5950464,24373104640,48.241,49.020,292494323,150407317423,46374294080,242169568392
497.489297,5953792,24386736128,47.962,49.020,292662048,150489370113,46399493767,242314716825
497.757982,5957120,24400367616,50.734,49.021,292826459,150571969267,46424884453,242443477059
498.032879,5960448,24413999104,49.588,49.021,292992304,150654495923,46450459628,242578226394
498.301550,5963776,24427630592,50.737,49.022,293236026,150735169957,46475229984,242709911083
498.588368,5967104,24441262080,47.527,49.021,293407941,150817325139,46500507630,242857324567
498.861078,5970432,24454893568,49.985,49.021,293566633,150901748870,46526462352,242987075877
499.135771,5973760,24468525056,49.625,49.022,293706417,150991076425,46554057015,243110191826
499.413501,5977088,24482156544,49.082,49.022,293849209,151081323499,46582262154,243234378016
499.679230,5980416,24495788032,51.299,49.023,293986958,151168373700,46609071638,243352425305
499.966847,5983744,24509419520,47.395,49.022,294131096,151257059247,46636349288,243490138285
500.248211,5987072,24523051008,48.448,49.022,294291448,151342371424,46662505800,243627372981
500.530554,5990400,24536682496,48.280,49.021,294453675,151425999370,46688382580,243767903757
500.807974,5993728,24550313984,49.137,49.021,294625714,151510468891,46714167206,243902527411
501.096879,5997056,24563945472,47.183,49.020,294799078,151599762614,46741507672,244040192278
501.375383,6000384,24577576960,48.945,49.020,294966061,151683252390,46767383967,244177161690
501.647422,6003712,24591208448,50.109,49.021,295128404,151767948186,46793530221,244305637044
501.925233,6007040,24604839936,49.067,49.021,295281323,151853309087,46819730664,244438807381
502.208698,6010368,24618471424,48.089,49.020,295429180,151942238583,46847218975,244571287627
502.502737,6013696,24632102912,46.359,49.019,295594596,152031150367,46874470128,244715180505
502.780680,6017024,24645734400,49.044,49.019,295764914,152116705365,46900686696,244848549778
503.054212,6020352,24659365888,49.835,49.019,295925559,152197894769,46925712493,244984590955
503.329904,6023680,24672997376,49.445,49.020,296090275,152281396616,46951474265,245118589888
503.619192,6027008,24686628864,47.121,49.018,296259836,152366291044,46977563983,245264148097
503.893301,6030336,24700260352,49.730,49.019,296456105,152448737554,47003044023,245398520266
504.165959,6033664,24713891840,49.995,49.019,296623323,152530486810,47028213327,245532565396
504.432607,6036992,24727523328,51.122,49.020,296781021,152610153385,47052772031,245663995932
504.699686,6040320,24741154816,51.039,49.022,296942329,152690506982,47077461253,245794926980
504.978140,6043648,24754786304,48.954,49.022,297110082,152771744310,47102524867,245935468493
505.256502,6046976,24768417792,48.970,49.021,297272692,152852790031,47127507473,246076319188
505.538036,6050304,24782049280,48.419,49.021,297445380,152935056492,47152941013,246218186962
505.818556,6053632,24795680768,48.594,49.021,297609053,153018142459,47178423036,246358128064
506.105979,6056960,24809312256,47.426,49.020,297762222,153106345223,47205434516,246496298109
506.382434,6060288,24822943744,49.308,49.020,297926864,153189003357,47230846085,246632810672
506.652824,6063616,24836575232,50.414,49.021,298068759,153274957383,47257459654,246757029880
506.927940,6066944,24850206720,49.548,49.021,298226782,153360254188,47283814475,246887304757
507.209077,6070272,24863838208,48.487,49.021,298393767,153442692361,47309199779,247028647962
507.495041,6073600,24877469696,47.669,49.020,298561781,153524231292,47334227140,247176507585
507.767232,6076928,24891101184,50.081,49.021,298734302,153607799476,47360003125,247307094413
508.038733,6080256,24904732672,50.208,49.021,298907363,153689708960,47385339013,247439592517
508.310526,6083584,24918364160,50.154,49.022,299074945,153771128188,47410404115,247573438141
508.599735,6086912,24931995648,47.134,49.021,299246770,153855111799,47436297796,247720252309
508.870342,6090240,24945627136,50.374,49.022,299419447,153935476270,47461026270,247854573787
509.143785,6093568,24959258624,49.851,49.022,299589375,154019497023,47486893930,247985563757
509.416537,6096896,24972890112,49.978,49.023,299758930,154103652837,47512887410,248115612154
509.681454,6100224,24986521600,51.456,49.024,299923305,154184691817,47537854256,248243104246
509.957771,6103552,25000153088,49.333,49.024,300093614,154266619465,47563179785,248380128319
510.237939,6106880,25013784576,48.655,49.024,300254164,154346901700,47587870643,248524220234
510.515927,6110208,25027416064,49.036,49.024,300428847,154428706464,47613087069,248663358575
510.793168,6113536,25041047552,49.168,49.024,300594936,154510392496,47638205961,248802185971
511.076071,6116864,25054679040,48.184,49.023,300761672,154591760158,47663501769,248946886914
511.350746,6120192,25068310528,49.628,49.024,300926841,154674219606,47689132299,249081610697
511.624435,6123520,25081942016,49.807,49.024,301087028,154757697955,47715000273,249213615355
511.900936,6126848,25095573504,49.300,49.024,301246461,154842291089,47741204939,249346667161
512.180010,6130176,25109204992,48.845,49.024,301413376,154924768823,47766549255,249486073208
512.474303,6133504,25122836480,46.320,49.023,301576939,155009261770,47792772532,249636699016
512.748947,6136832,25136467968,49.633,49.023,301718108,155098570702,47820317021,249759794035
513.027139,6140160,25150099456,49.000,49.023,301876290,155181624993,47845980766,249896848112
513.299580,6143488,25163730944,50.035,49.023,302045855,155263901140,47871244911,250029780672
513.585861,6146816,25177362432,47.616,49.023,302214054,155345918141,47896440031,250177084445
513.861959,6150144,25190993920,49.372,49.023,302383872,155427101133,47921385062,250315634168
514.134716,6153472,25204625408,49.977,49.023,302551982,155510180198,47946614769,250448323650
514.407823,6156800,25218256896,49.913,49.024,302707994,155590971401,47971735309,250584056736
514.671914,6160128,25231888384,51.617,49.025,302876354,155673616646,47997373402,250707669223
514.951018,6163456,25245519872,48.840,49.025,303041252,155756086967,48022699518,250847111422
515.235394,6166784,25259151360,47.935,49.024,303213909,155837469656,48047703151,250993381831
515.511908,6170112,25272782848,49.298,49.025,303444512,155918755635,48072755226,251131657884
515.796437,6173440,25286414336,47.909,49.024,303598632,156007732448,48100058132,251265501157
516.077191,6176768,25300045824,48.553,49.024,303758289,156091226299,48125654470,251404962163
516.355208,6180096,25313677312,49.031,49.024,303931853,156173894073,48150889913,251543079663
516.628019,6183424,25327308800,49.967,49.024,304094041,156257283343,48176515069,251674674590
516.907770,6186752,25340940288,48.727,49.024,304236678,156348146694,48204617261,251800256876
517.190341,6190080,25354571776,48.241,49.024,304403370,156430294418,48229907993,251943582313
517.476340,6193408,25368203264,47.663,49.023,304583596,156515578748,48256271069,252084832259
517.757184,6196736,25381834752,48.538,49.023,304731723,156606444367,48284381401,252211345805
518.035833,6200064,25395466240,48.920,49.023,304894865,156695447972,48311642321,252339366868
518.316688,6203392,25409097728,48.536,49.022,305043243,156786714971,48339784592,252465446407
518.599980,6206720,25422729216,48.118,49.022,305205755,156868436383,48364908282,252610191116
518.874686,6210048,25436360704,49.622,49.022,305373408,156951030930,48390522833,252744558889
519.145889,6213376,25449992192,50.263,49.023,305538555,157032423576,48415656014,252877441650
519.416576,6216704,25463623680,50.359,49.024,305704406,157116630305,48441495196,253005697168
519.683226,6220032,25477255168,51.121,49.025,305840549,157203425258,48468329857,253125074427
519.964530,6223360,25490886656,48.458,49.024,305991703,157292255201,48495772665,253255523514
520.242359,6226688,25504518144,49.064,49.024,306169093,157372226400,48520555462,253397639751
520.526483,6230016,25518149632,47.977,49.024,306333779,157457471798,48546764302,253537334536
520.803457,6233344,25531781120,49.216,49.024,306497695,157540072498,48572203076,253674365646
521.087146,6236672,25545412608,48.051,49.023,306679723,157622915183,48597772199,253817475095
521.364531,6240000,25559044096,49.143,49.023,306848089,157706717378,48623643859,253952743059
521.636847,6243328,25572675584,50.058,49.024,307014093,157790247667,48649432947,254083518232
521.910771,6246656,25586307072,49.764,49.024,307182856,157871099013,48674421175,254220180766
522.189288,6249984,25599938560,48.943,49.024,307355126,157953353102,48699862179,254359043052
522.481466,6253312,25613570048,46.655,49.023,307519248,158037445709,48725813587,254508579770
522.748644,6256640,25627201536,51.020,49.024,307685566,158118697051,48750939535,254637850013
523.020907,6259968,25640833024,50.067,49.024,307860862,158199518349,48775875786,254773104352
523.293367,6263296,25654464512,50.031,49.025,308059006,158280724287,48801045034,254907394003
523.579215,6266624,25668096000,47.688,49.024,308235422,158364088517,48826705027,255052028108
523.856223,6269952,25681727488,49.210,49.024,308406686,158446248077,48851937577,255189944639
524.126437,6273280,25695358976,50.447,49.025,308574262,158529040603,48877649424,255319683328
524.397765,6276608,25708990464,50.240,49.026,308754576,158610762803,48902875154,255452451490
524.671417,6279936,25722621952,49.813,49.026,308933666,158694725664,48928739846,255583724157
524.947117,6283264,25736253440,49.443,49.026,309104458,158776549755,48954150207,255720340233
525.232606,6286592,25749884928,47.748,49.026,309308554,158857924959,48979259439,255867687747
525.508249,6289920,25763516416,49.453,49.026,309482108,158940378176,49004689501,256003401972
525.786342,6293248,25777147904,49.018,49.026,309654687,159022314355,49030000751,256142356952
526.066780,6296576,25790779392,48.608,49.026,309821768,159105884440,49055698794,256281246513
526.342869,6299904,25804410880,49.374,49.026,309998103,159187341440,49080883610,256419130601
526.611986,6303232,25818042368,50.653,49.027,310164680,159269094601,49105995991,256549766454
526.891580,6306560,25831673856,48.755,49.027,310308010,159360043970,49134129263,256674916693
527.179231,6309888,25845305344,47.389,49.026,310459484,159451876032,49162540245,256806514789
527.469539,6313216,25858936832,46.955,49.025,310608836,159538172173,49189000405,256950767470
527.746820,6316544,25872568320,49.161,49.025,310750753,159628210749,49216913421,257074969072
528.024322,6319872,25886199808,49.122,49.025,310905627,159713384602,49243219047,257207970920
528.294504,6323200,25899831296,50.453,49.025,311070432,159796437700,49268928958,257337359495
528.578327,6326528,25913462784,48.028,49.025,311236282,159879127452,49294362920,257481082536
528.858033,6329856,25927094272,48.735,49.025,311446432,159961954052,49319908382,257620285834
529.130724,6333184,25940725760,49.989,49.025,311602129,160047724147,49346341263,257747502249
529.407093,6336512,25954357248,49.324,49.025,311774382,160132114762,49372337229,257880873827
529.673510,6339840,25967988736,51.166,49.026,311943478,160213015558,49397373407,258010027579
529.952828,6343168,25981620224,48.803,49.026,312114031,160297838323,49423543334,258145457027
530.247561,6346496,25995251712,46.250,49.025,312283790,160386053206,49450799686,258290593430
530.526945,6349824,26008883200,48.791,49.025,312459834,160468461985,49476213412,258430181835
530.809145,6353152,26022514688,48.304,49.024,312636184,160553086997,49502382829,258568596594
531.094169,6356480,26036146176,47.826,49.024,312796291,160640549051,49529497921,258705141377
531.374495,6359808,26049777664,48.627,49.023,312948254,160729824750,49557001252,258834115027
531.651342,6363136,26063409152,49.238,49.023,313114415,160814601603,49582979155,258967370717
531.923809,6366464,26077040640,50.030,49.024,313288502,160894781017,49607853020,259103804689
532.209130,6369792,26090672128,47.776,49.023,313458520,160976723774,49633047726,259250360419
532.499522,6373120,26104303616,46.942,49.022,313630038,161060101476,49658728062,259399469618
532.770785,6376448,26117935104,50.252,49.023,313806309,161141858597,49684002324,259531905001
533.047133,6379776,26131566592,49.327,49.023,313969717,161223454112,49709015961,259670005015
533.317735,6383104,26145198080,50.375,49.024,314132437,161306542180,49734413715,259800181298
533.600791,6386432,26158829568,48.158,49.023,314301991,161386999280,49759084079,259947006689
533.875631,6389760,26172461056,49.598,49.024,314467011,161467879946,49783935004,260084828949
534.149377,6393088,26186092544,49.796,49.024,314630285,161549603521,49809033530,260220175498
534.427396,6396416,26199724032,49.031,49.024,314802463,161634601106,49834983302,260354769003
534.702111,6399744,26213355520,49.620,49.024,314967970,161719051965,49860715770,260487226984
534.973640,6403072,26226987008,50.203,49.025,315133968,161801281922,49886139174,260619460857
535.259919,6406400,26240618496,47.616,49.024,315301830,161885429326,49911890185,260763602754
535.544279,6409728,26254249984,47.937,49.023,315461623,161968103070,49937658174,260907569086
535.827149,6413056,26267881472,48.190,49.023,315605909,162057947147,49965330948,261038400000
536.112878,6416384,26281512960,47.708,49.022,315761502,162146577339,49992604929,261174000128
536.396714,6419712,26295144448,48.026,49.022,315919800,162232776684,50019162101,261311684305
536.669649,6423040,26308775936,49.944,49.022,316076399,162319927724,50046092314,261436737935
536.947985,6426368,26322407424,48.975,49.022,316225092,162409211444,50073758643,261563494962
537.228191,6429696,26336038912,48.648,49.022,316396580,162491486965,50099059603,261704182233
537.518602,6433024,26349670400,46.939,49.021,316567314,162573702383,50124305618,261855499073
537.785026,6436352,26363301888,51.165,49.022,316722216,162655302593,50149430332,261983563750
538.056363,6439680,26376933376,50.238,49.023,316890042,162736935534,50174581125,262116513504
538.331102,6443008,26390564864,49.616,49.023,317056140,162819457272,50200088052,262251252930
538.615697,6446336,26404196352,47.898,49.022,317237335,162903100668,50225751617,262394348947
538.898582,6449664,26417827840,48.188,49.022,317408603,162986871530,50251467837,262535450755
539.172246,6452992,26431459328,49.811,49.022,317575444,163070070696,50277064153,262668145579
539.445137,6456320,26445090816,49.952,49.023,317736307,163152314242,50302521725,262801370351
539.715933,6459648,26458722304,50.339,49.023,317908108,163236078270,50328495751,262930152990
539.993075,6462976,26472353792,49.186,49.024,318062017,163324569138,50355684745,263057431317
540.289854,6466304,26485985280,45.931,49.022,318220824,163415224882,50383554744,263200761624
540.571716,6469632,26499616768,48.362,49.021,318381819,163500182098,50409602390,263338824433
540.856233,6472960,26513248256,47.911,49.021,318538872,163589420733,50437074158,263472295917
541.142581,6476288,26526879744,47.605,49.020,318707970,163672168067,50462454782,263618660238
541.421001,6479616,26540511232,48.960,49.020,318885249,163755790009,50488250885,263755183765
541.698483,6482944,26554142720,49.126,49.020,319050108,163839849510,50514081456,263890208947
541.973270,6486272,26567774208,49.607,49.020,319225332,163922736361,50539598859,264024591645
542.251694,6489600,26581405696,48.960,49.020,319405060,164005803975,50565086742,264162390924
542.549416,6492928,26595037184,45.786,49.019,319574409,164090344570,50590973219,264316929562
542.819821,6496256,26608668672,50.411,49.019,319746405,164174321083,50616890028,264444929404
543.094866,6499584,26622300160,49.561,49.020,319909891,164256039221,50642069860,264581299105
543.370390,6502912,26635931648,49.475,49.020,320080590,164341496103,50668457434,264711932540
543.646526,6506240,26649563136,49.365,49.020,320246438,164421042915,50692974382,264853299971
543.929586,6509568,26663194624,48.158,49.020,320408865,164506467957,50719375941,264991369082
544.199573,6512896,26676826112,50.489,49.020,320572422,164587963490,50744537253,265123158663
544.477140,6516224,26690457600,49.111,49.020,320739263,164671858837,50770249685,265258878833
544.744114,6519552,26704089088,51.059,49.021,320909087,164755301029,50795800221,265384785364
545.018907,6522880,26717720576,49.606,49.022,321074884,164841005518,50822042391,265514612867
545.304823,6526208,26731352064,47.677,49.021,321240008,164923003894,50847347681,265661426684
545.593144,6529536,26744983552,47.279,49.020,321387051,165015881213,50875910495,265792329678
545.879063,6532864,26758615040,47.676,49.019,321541059,165105899447,50903151120,265927059212
546.168278,6536192,26772246528,47.133,49.018,321719235,165198893021,50931819303,266058474399
546.448871,6539520,26785878016,48.581,49.018,321885557,165284051898,50958018950,266194886945
546.727183,6542848,26799509504,48.979,49.018,322035060,165374916900,50986169334,266319036380
547.001901,6546176,26813140992,49.620,49.018,322175950,165463868034,51013801026,266442604048
547.290169,6549504,26826772480,47.288,49.017,322321928,165554806159,51041969076,266576247267
547.587253,6552832,26840403968,45.884,49.016,322485447,165642451329,51068956709,266724796910
547.856403,6556160,26854035456,50.646,49.017,322648032,165722925982,51093785832,266857413820
548.129583,6559488,26867666944,49.899,49.017,322810122,165805097883,51119086739,266991249712
548.402682,6562816,26881298432,49.914,49.017,322985055,165887202285,51144325017,267125380259
548.685082,6566144,26894929920,48.270,49.017,323148994,165969831892,51169675960,267267811052
548.967512,6569472,26908561408,48.265,49.017,323310924,166054966718,51196090783,267405307568
549.237723,6572800,26922192896,50.448,49.017,323479536,166136456508,51221117633,267537525365
549.510050,6576128,26935824384,50.056,49.018,323639201,166216990275,51245833691,267673405400
549.776302,6579456,26949455872,51.198,49.019,323812918,166300117304,51271612661,267798601061
550.049373,6582784,26963087360,49.919,49.019,323977464,166383537138,51297156134,267930655676
550.337316,6586112,26976718848,47.341,49.019,324150358,166466989328,51322740142,268077189035
550.616648,6589440,26990350336,48.800,49.018,324323782,166548956447,51348079393,268217224516
550.901342,6592768,27003981824,47.881,49.018,324483356,166635817939,51374946568,268354421664
551.187251,6596096,27017613312,47.678,49.017,324635545,166724942721,51402587813,268488968314
551.464105,6599424,27031244800,49.237,49.017,324803509,166806238521,51427648599,268628108767
551.736378,6602752,27044876288,50.066,49.018,324973368,166890783755,51453648605,268757351496
552.011968,6606080,27058507776,49.463,49.018,325140494,166972974665,51479203882,268893387785
552.295845,6609408,27072139264,48.019,49.017,325298931,167061689582,51506695280,269026586215
552.596246,6612736,27085770752,45.378,49.015,325459411,167147756671,51533049294,269181616176
552.867107,6616064,27099402240,50.327,49.016,325649351,167230198499,51558484033,269312866912
553.137042,6619392,27113033728,50.499,49.017,325815357,167312323106,51583762353,269443555934
553.416897,6622720,27126665216,48.709,49.017,325983582,167396416689,51609805145,269580869441
553.695880,6626048,27140296704,48.861,49.017,326156137,167480567628,51635718609,269717276018
553.979338,6629376,27153928192,48.090,49.016,326343380,167562999301,51661210437,269860792732
554.253569,6632704,27167559680,49.708,49.016,326539349,167646207428,51686783958,269994112258
554.523215,6636032,27181191168,50.553,49.017,326703237,167726434265,51711563131,270127423459
554.794214,6639360,27194822656,50.301,49.018,326856116,167813919803,51738439966,270250399161
555.069818,6642688,27208454144,49.460,49.018,326998733,167904214896,51766562390,270372545473
555.375508,6646016,27222085632,44.592,49.016,327158010,168001708479,51796483298,270513242788
555.662564,6649344,27235717120,47.487,49.015,327305176,168093921506,51824817613,270644223981
555.946905,6652672,27249348608,47.941,49.014,327450122,168184304668,51852613188,270775495312
556.238797,6656000,27262980096,46.700,49.013,327605303,168277657344,51881548557,270908706346
556.516505,6659328,27276611584,49.086,49.013,327778651,168358837079,51906691788,271048416355
556.793412,6662656,27290243072,49.228,49.013,327940905,168445827456,51933472390,271178031924
557.067956,6665984,27303874560,49.651,49.014,328081061,168535017126,51961073545,271301152252
557.354493,6669312,27317506048,47.573,49.013,328236779,168624694902,51988695389,271435703961
557.641859,6672640,27331137536,47.436,49.012,328395737,168705038196,52013529905,271586793509
557.912680,6675968,27344769024,50.334,49.013,328558122,168787978310,52039207625,271717034263
558.188281,6679296,27358400512,49.461,49.013,328737635,168871706670,52064806476,271850999890
558.458701,6682624,27372032000,50.409,49.014,328904142,168954745582,52090460980,271980463313
558.740794,6685952,27385663488,48.323,49.013,329071514,169038195870,52116334586,272120877145
559.023218,6689280,27399294976,48.266,49.013,329241064,169120903454,52141814666,272263134854
559.295823,6692608,27412926464,50.005,49.013,329378669,169209129077,52169031626,272386042527
559.573983,6695936,27426557952,49.006,49.013,329527570,169297022275,52196051427,272515352476
559.843139,6699264,27440189440,50.645,49.014,329690221,169380834948,52222067913,272642081246
560.113047,6702592,27453820928,50.504,49.015,329845734,169465156315,52248112008,272768765662
560.406816,6705920,27467452416,46.402,49.013,330002277,169552618187,52275184108,272914158704
560.687460,6709248,27481083904,48.572,49.013,330159111,169638175894,52301623532,273049559647
560.976877,6712576,27494715392,47.100,49.012,330332683,169729052858,52329764601,273184690366
561.257316,6715904,27508346880,48.608,49.012,330537169,169814776548,52356293864,273319546684
561.535910,6719232,27521978368,48.930,49.012,330702752,169897667868,52381860963,273457475366
561.809973,6722560,27535609856,49.738,49.012,330866564,169979788162,52407217855,273592239502
562.082571,6725888,27549241344,50.006,49.013,331027936,170064264196,52433272359,273721669687
562.364492,6729216,27562872832,48.352,49.012,331197995,170146796941,52458793109,273863527082
562.659780,6732544,27576504320,46.163,49.011,331365011,170230802196,52484566245,274016589383
562.928474,6735872,27590135808,50.732,49.012,331553478,170312329421,52509551794,274147492090
563.201516,6739200,27603767296,49.925,49.012,331714286,170394493884,52534840602,274281285862
563.474508,6742528,27617398784,49.934,49.013,331905170,170476860269,52560411488,274414523250
563.758819,6745856,27631030272,47.946,49.012,332068257,170564933789,52587538549,274549513014
564.043480,6749184,27644661760,47.887,49.012,332241296,170647336188,52612957400,274694518425
564.315653,6752512,27658293248,50.084,49.012,332405870,170728760791,52637912309,274828823847
564.589526,6755840,27671924736,49.773,49.012,332570377,170810887258,52663208079,274963264481
564.855257,6759168,27685556224,51.298,49.014,332733009,170891726153,52688139437,275091674404
565.123747,6762496,27699187712,50.771,49.014,332898341,170972426975,52713187142,275223195766
565.409998,6765824,27712819200,47.621,49.014,333063731,171054894257,52738618035,275369531685
565.691556,6769152,27726450688,48.415,49.013,333227095,171137612331,52764026291,275510743556
565.975296,6772480,27740082176,48.042,49.013,333385380,171225147217,52791026527,275646202443
566.252841,6775808,27753713664,49.115,49.013,333553090,171306885288,52816298478,275784823763
566.532309,6779136,27767345152,48.776,49.013,333721373,171387935315,52841199102,275926867189
566.806584,6782464,27780976640,49.700,49.013,333892493,171472271731,52867139066,276058491266
567.077073,6785792,27794608128,50.396,49.014,334055338,171554694163,52892291995,276189695509
567.355744,6789120,27808239616,48.916,49.014,334225128,171635510727,52917365885,276331075795
567.646100,6792448,27821871104,46.947,49.013,334391284,171717790583,52942761367,276482102156
567.917325,6795776,27835502592,50.259,49.013,334537906,171806884972,52970372207,276602160118
568.194945,6799104,27849134080,49.101,49.013,334680818,171896890527,52998291437,276726794679
568.471882,6802432,27862765568,49.222,49.013,334824165,171986739522,53026084145,276850938029
568.753434,6805760,27876397056,48.416,49.013,334973117,172075373047,53053448378,276982262665
569.041195,6809088,27890028544,47.371,49.012,335144040,172161239349,53079950201,277124457846
569.316942,6812416,27903660032,49.435,49.013,335319385,172244830368,53105486065,277259110867
569.590884,6815744,27917291520,49.761,49.013,335485331,172328238403,53131252610,277391568979
569.855798,6819072,27930923008,51.456,49.014,335640162,172410392980,53156635278,277517258276
570.125575,6822400,27944554496,50.529,49.015,335803639,172492711310,53182027522,277647339300
570.415731,6825728,27958185984,46.980,49.014,335976926,172574829179,53207358609,277798362033
570.692294,6829056,27971817472,49.289,49.014,336152033,172656829652,53232532122,277935977297
570.969508,6832384,27985448960,49.173,49.014,336318378,172739189000,53257915656,278073543471
571.247988,6835712,27999080448,48.950,49.014,336493593,172819358563,53282597025,278216052637
571.527652,6839040,28012711936,48.742,49.014,336675385,172901576609,53307923488,278356266736
571.803748,6842368,28026343424,49.372,49.014,336839622,172984927007,53333471660,278491404402
572.073739,6845696,28039974912,50.489,49.015,336991532,173070617625,53360069195,278615837694
572.362430,6849024,28053606400,47.218,49.014,337162113,173164374031,53388587763,278746723325
572.664216,6852352,28067237888,45.169,49.012,337320713,173253486069,53416049396,278897424565
572.939458,6855680,28080869376,49.525,49.012,337461144,173342677598,53443548947,279021372004
573.218348,6859008,28094500864,48.878,49.012,337605315,173432104297,53471197799,279148471968
573.496009,6862336,28108132352,49.094,49.012,337748146,173522392659,53499095349,279272785245
573.780901,6865664,28121763840,47.848,49.011,337893073,173614281471,53527435062,279401908772
574.079024,6868992,28135395328,45.724,49.010,338052857,173708801573,53556528312,279540066925
574.356257,6872320,28149026816,49.170,49.010,338203288,173799928514,53584431582,279663326022
574.632807,6875648,28162658304,49.291,49.010,338347680,173888947099,53611906208,279789089845
574.902941,6878976,28176289792,50.462,49.011,338487034,173977573294,53639275081,279908846334
575.174710,6882304,28189921280,50.158,49.011,338630720,174066638106,53666730446,280029642276
575.465736,6885632,28203552768,46.839,49.010,338803651,174151636783,53693101453,280176325192
575.744015,6888960,28217184256,48.985,49.010,338975466,174233896691,53718458787,280315053188
576.025572,6892288,28230815744,48.415,49.010,339143153,174317033202,53744019767,280455818983
576.305452,6895616,28244447232,48.705,49.010,339317501,174399854446,53769570841,280595270924
576.587188,6898944,28258078720,48.384,49.009,339484756,174482600289,53795036900,280736776061
576.858436,6902272,28271710208,50.255,49.010,339655022,174564636407,53820380849,280868848692
577.128660,6905600,28285341696,50.445,49.010,339823338,174645627635,53845319207,281001658390
577.415436,6908928,28298973184,47.534,49.010,339995944,174728405143,53870711756,281148234495
577.696567,6912256,28312604672,48.488,49.009,340168849,174809705446,53895651930,281291560226
577.967404,6915584,28326236160,50.331,49.010,340327151,174893896141,53921764582,281419313015
578.248049,6918912,28339867648,48.572,49.010,340472896,174985072161,53949928318,281545102315
578.526952,6922240,28353499136,48.875,49.010,340616018,175076168435,53977963688,281669466568
578.811463,6925568,28367130624,47.912,49.009,340766161,175163463472,54004828311,281806299209
579.094289,6928896,28380762112,48.197,49.009,340938465,175244920505,54030125034,281950880780
579.369611,6932224,28394393600,49.511,49.009,341114537,175329512986,54056387619,282082503206
579.641403,6935552,28408025088,50.154,49.010,341281845,175410276601,54081335916,282217151797
579.911063,6938880,28421656576,50.551,49.010,341448805,175496196855,54107679162,282341686502
580.180821,6942208,28435288064,50.532,49.011,341609467,175580845148,54133881125,282467852940
580.465265,6945536,28448919552,47.923,49.011,341778311,175662607872,54158941861,282613939044
580.745439,6948864,28462551040,48.654,49.010,341948857,175745655484,54184762497,282752907159
581.028764,6952192,28476182528,48.113,49.010,342113784,175830178640,54210999366,282892845350
581.306050,6955520,28489814016,49.160,49.010,342297224,175912085355,54236298141,283031178121
581.588898,6958848,28503445504,48.194,49.010,342466547,175995956712,54262106922,283171827018
581.856917,6962176,28517076992,50.860,49.010,342633154,176077314861,54287394238,283301509389
582.129538,6965504,28530708480,50.002,49.011,342802278,176160145436,54312753702,283433813742
582.412598,6968832,28544339968,48.158,49.011,343053407,176244204165,54338700595,283574242090
582.697439,6972160,28557971456,47.857,49.010,343220632,176327136300,54364317326,283718297491
582.985158,6975488,28571602944,47.378,49.009,343399544,176412090399,54390396365,283862086455
583.254046,6978816,28585234432,50.696,49.010,343574344,176493794189,54415411144,283992811336
583.526196,6982144,28598865920,50.088,49.010,343736806,176576035307,54441160807,284124925598
583.805819,6985472,28612497408,48.750,49.010,343911163,176661846242,54467687711,284259177998
584.092586,6988800,28626128896,47.535,49.010,344102797,176744932674,54493371172,284404847275
584.369120,6992128,28639760384,49.294,49.010,344249778,176834307774,54520777397,284530309709
584.643981,6995456,28653391872,49.594,49.010,344413856,176918983746,54546869974,284661631104
584.914125,6998784,28667023360,50.460,49.011,344577907,177001655666,54572088804,284792386965
585.187537,7002112,28680654848,49.857,49.011,344749462,177085121481,54598018560,284924208118
585.472683,7005440,28694286336,47.805,49.010,344969278,177170020838,54624068278,285065517161
585.756193,7008768,28707917824,48.081,49.010,345150027,177254239966,54649900287,285206693213
586.035947,7012096,28721549312,48.727,49.010,345316300,177337623063,54675533136,285345213272
586.319035,7015424,28735180800,48.153,49.009,345609281,177421092220,54700995664,285487007576
586.601433,7018752,28748812288,48.271,49.009,345777644,177502544085,54726268167,285630994529
586.875330,7022080,28762443776,49.769,49.009,345938277,177589656574,54753141092,285757188808
587.148228,7025408,28776075264,49.951,49.010,346106530,177671115095,54778230027,285891971388
587.429243,7028736,28789706752,48.508,49.010,346275502,177754400975,54803816583,286032057919
587.716244,7032064,28803338240,47.496,49.009,346443671,177838254250,54829598970,286177010970
587.997852,7035392,28816969728,48.406,49.009,346616736,177920726500,54854957725,286318757289
588.275171,7038720,28830601216,49.154,49.009,346816369,178005788955,54881212797,286451982460
588.547741,7042048,28844232704,50.011,49.009,346982795,178087950963,54906531734,286585021133
588.823713,7045376,28857864192,49.394,49.009,347146079,178170547495,54932045512,286720544334
589.112307,7048704,28871495680,47.234,49.008,347316532,178251609557,54957002226,286871767091
589.382877,7052032,28885127168,50.381,49.009,347488713,178334109677,54982472200,287002537483
589.657468,7055360,28898758656,49.643,49.009,347647697,178419930760,55008902951,287131600710
589.925776,7058688,28912390144,50.805,49.010,347846219,178502566959,55034300424,287259883162
590.194248,7062016,28926021632,50.774,49.011,348015848,178584307630,55059272309,287390258216
590.482697,7065344,28939653120,47.258,49.010,348178011,178669373361,55085469456,287534721809
590.766238,7068672,28953284608,48.076,49.010,348323276,178759329950,55113324089,287665371233
591.051600,7072000,28966916096,47.769,49.009,348487787,178843823300,55139174849,287807904413
591.330654,7075328,28980547584,48.849,49.009,348663994,178925900652,55164546772,287947734435
591.614407,7078656,28994179072,48.040,49.009,348834342,179011150126,55190924999,288086729298
591.893778,7081984,29007810560,48.794,49.008,348990098,179099979047,55218096405,288216286179
592.168110,7085312,29021442048,49.690,49.009,349162077,179182774729,55243616079,288350262557
592.454078,7088640,29035073536,47.668,49.008,349333602,179264443954,55268799819,288497785476
592.733734,7091968,29048705024,48.744,49.008,349498136,179345946903,55293783298,288639680106
593.011141,7095296,29062336512,49.139,49.008,349669178,179428270152,55318998158,288777799869
593.289770,7098624,29075968000,48.924,49.008,349860929,179512547158,55345022073,288913501871
593.563034,7101952,29089599488,49.884,49.008,350022687,179596456828,55370629391,289045061016
593.840543,7105280,29103230976,49.121,49.008,350256480,179677963581,55395764688,289184147150
594.130480,7108608,29116862464,47.015,49.008,350432042,179762547948,55421682947,289330942066
594.403217,7111936,29130493952,49.980,49.008,350606514,179846930358,55447777889,289460405583
594.675074,7115264,29144125440,50.142,49.008,350772954,179927597997,55472868973,289595465272
594.948021,7118592,29157756928,49.942,49.009,350917128,180017327573,55500669225,289716264518
595.220815,7121920,29171388416,49.970,49.009,351061374,180102986978,55527080430,289843786088
595.503010,7125248,29185019904,48.305,49.009,351239525,180183251623,55551793601,289990005962
595.781162,7128576,29198651392,49.007,49.009,351436852,180265780483,55577196226,290128375850
596.070051,7131904,29212282880,47.186,49.008,351584245,180357921693,55605793234,290260774516
596.360006,7135232,29225914368,47.012,49.007,351734820,180451494120,55634537950,290392290127
596.645010,7138560,29239545856,47.829,49.007,351914105,180537948983,55661094750,290531001951
596.923332,7141888,29253177344,48.977,49.007,352058428,180628655898,55689061936,290655648475
597.194901,7145216,29266808832,50.195,49.007,352196141,180716459461,55716179303,290778326625
597.481598,7148544,29280440320,47.547,49.006,352349003,180807961717,55744459174,290909721092
597.768687,7151872,29294071808,47.482,49.006,352505470,180895949910,55771694501,291047426883
598.058367,7155200,29307703296,47.057,49.005,352707466,180981374176,55797987409,291192489379
598.332881,7158528,29321334784,49.657,49.005,352846815,181070253290,55825370486,291316366342
598.609175,7161856,29334966272,49.337,49.005,353006440,181157082003,55852134705,291445606275
598.885950,7165184,29348597760,49.251,49.005,353160422,181244230549,55879074894,291574438049
599.175913,7168512,29362229248,47.011,49.004,353366384,181327524626,55904769290,291722956910
599.443016,7171840,29375860736,51.035,49.005,353529171,181407135014,55929321657,291855192576
599.712936,7175168,29389492224,50.502,49.006,353703609,181490239766,55954933560,291984277911
599.984379,7178496,29403123712,50.219,49.006,353863494,181576318038,55981361457,292109925857
600.253251,7181824,29416755200,50.699,49.007,354031502,181659447900,56007130903,292237811489
600.536913,7185152,29430386688,48.055,49.007,354198726,181741311612,56032371930,292382745354
600.820091,7188480,29444018176,48.138,49.006,354371710,181827084725,56058353085,292521735948
601.103983,7191808,29457649664,48.016,49.006,354523364,181915005840,56085529181,292656320392
601.384282,7195136,29471281152,48.632,49.006,354685965,181998203735,56111251736,292795504269
601.664787,7198464,29484912640,48.596,49.006,354857907,182080605452,56136534751,292936258156
601.940754,7201792,29498544128,49.395,49.006,355016504,182166240955,56163038410,293067229017
602.216007,7205120,29512175616,49.524,49.006,355176711,182252071137,56189297868,293197351301
602.499328,7208448,29525807104,48.113,49.006,355331369,182340955557,56216806099,293329922549
602.781902,7211776,29539438592,48.241,49.005,355490163,182425987181,56243067520,293468241265
603.067547,7215104,29553070080,47.722,49.005,355651841,182508622136,56268557439,293613685815
603.341300,7218432,29566701568,49.795,49.005,355793562,182597151204,56295970008,293736889271
603.628698,7221760,29580333056,47.431,49.004,355946945,182689754060,56324518715,293867257051
603.900595,7225088,29593964544,50.135,49.005,356112481,182772849388,56350109807,293998450192
604.191729,7228416,29607596032,46.822,49.004,356279946,182858163506,56376438812,294144791174
604.462594,7231744,29621227520,50.326,49.004,356447943,182940797328,56401977734,294275474335
604.734971,7235072,29634859008,50.046,49.005,356612095,183023607313,56427449061,294407480983
605.009508,7238400,29648490496,49.653,49.005,356782939,183106243345,56452917281,294541719407
605.272785,7241728,29662121984,51.776,49.006,356946313,183187109020,56477896739,294667791678
605.556235,7245056,29675753472,48.091,49.006,357137853,183271822163,56503881655,294807791860
605.834275,7248384,29689384960,49.027,49.006,357305064,183353754088,56529178507,294946786323
606.113935,7251712,29703016448,48.743,49.006,357481441,183435029908,56554276065,295088500531
606.394172,7255040,29716647936,48.643,49.005,357653065,183517733714,56579789401,295228593073
606.674924,7258368,29730279424,48.554,49.005,357815420,183599765427,56605096231,295370242782
606.949095,7261696,29743910912,49.719,49.006,357978792,183682657254,56630577826,295504018937
607.216913,7265024,29757542400,50.898,49.006,358151873,183763791912,56655516663,295634280686
607.501344,7268352,29771173888,47.925,49.006,358321132,183845937637,56680902848,295778944114
607.778940,7271680,29784805376,49.106,49.006,358499497,183927269709,56705881933,295918686725
608.054121,7275008,29798436864,49.536,49.006,358664792,184008453116,56731001153,296055892834
608.324891,7278336,29812068352,50.344,49.007,358860570,184090436429,56756214027,296187666606
608.595977,7281664,29825699840,50.285,49.007,359024503,184170927777,56781069820,296322335087
608.867956,7284992,29839331328,50.120,49.008,359195185,184251848523,56806004120,296457000532
609.155865,7288320,29852962816,47.347,49.007,359363013,184334489444,56831416103,296604965722
609.425987,7291648,29866594304,50.464,49.008,359538768,184415581536,56856378228,296737946620
609.701705,7294976,29880225792,49.440,49.008,359706964,184497512748,56881571773,296874715457
609.977373,7298304,29893857280,49.449,49.008,359893293,184583663474,56908075539,297004376980
610.243670,7301632,29907488768,51.189,49.009,360060381,184665336669,56933145794,297132520805
610.527794,7304960,29921120256,47.977,49.009,360232619,184747339426,56958547788,297277263459
610.805706,7308288,29934751744,49.050,49.009,360402818,184831307285,56984228081,297413153924
611.090981,7311616,29948383232,47.784,49.008,360554606,184920399677,57011791675,297547324275
611.368957,7314944,29962014720,49.038,49.008,360730911,185002090297,57036956247,297686790479
611.650746,7318272,29975646208,48.375,49.008,360900785,185083665322,57062146283,297830173416
611.925652,7321600,29989277696,49.586,49.008,361049663,185172125699,57089716268,297954750985
612.199088,7324928,30002909184,49.853,49.008,361207596,185255938574,57115487645,298086261193
612.475846,7328256,30016540672,49.254,49.009,361414233,185338581480,57140809987,298223178555
612.754434,7331584,30030172160,48.931,49.008,361583065,185420327433,57165882644,298363392577
613.088230,7334912,30043803648,40.838,49.004,361762273,185502667197,57191265277,298557569675
613.445508,7338240,30057435136,38.154,48.998,361938218,185585601787,57216829510,298774327748
613.815607,7341568,30071066624,36.832,48.990,362113772,185668952675,57242475998,299002992880
614.177073,7344896,30084698112,37.712,48.984,362287266,185751324247,57267856030,299224867102
614.555493,7348224,30098329600,36.022,48.976,362453562,185831468030,57292579612,299467492992
614.924035,7351552,30111961088,36.988,48.969,362635167,185916430499,57318574136,299692348643
615.286696,7354880,30125592576,37.587,48.962,362809865,185999304423,57344246011,299914222552
615.651729,7358208,30139224064,37.343,48.955,362986603,186085549705,57370641146,300133523674
616.029414,7361536,30152855552,36.092,48.947,363168700,186175599037,57398190298,300358823307
616.400476,7364864,30166487040,36.736,48.940,363334361,186258306960,57423625525,300589839738
616.761363,7368192,30180118528,37.772,48.933,363539423,186341960953,57449285458,300809185795
617.119227,7371520,30193750016,38.091,48.927,363717167,186425022227,57474633196,301026480634
617.480216,7374848,30207381504,37.761,48.920,363905826,186508972876,57500608443,301244920232
617.851643,7378176,30221012992,36.700,48.913,364084678,186598235864,57528173811,301464927350
618.207554,7381504,30234644480,38.300,48.907,364261463,186683441804,57554449370,301676394138
618.560457,7384832,30248275968,38.627,48.901,364436055,186769851702,57581194042,301882825685
618.924705,7388160,30261907456,37.424,48.894,364617083,186857037073,57607905711,302099505973
619.298879,7391488,30275538944,36.431,48.887,364795624,186952644764,57637236156,302311939077
619.670391,7394816,30289170432,36.692,48.879,364964602,187036899164,57662995694,302540999557
620.021015,7398144,30302801920,38.878,48.874,365144347,187119959202,57688487495,302751344362
620.407492,7401472,30316433408,35.271,48.865,365344477,187221705220,57719688536,302965686254
620.773726,7404800,30330064896,37.221,48.858,365527789,187312297042,57747493022,303178637839
621.152984,7408128,30343696384,35.943,48.851,365702325,187401938601,57775000423,303406144625
621.521410,7411456,30357327872,36.999,48.844,365888051,187497079901,57804242283,303613361364
621.878419,7414784,30370959360,38.182,48.837,366060951,187582362890,57830303435,303826188548
622.239173,7418112,30384590848,37.786,48.831,366265972,187670867602,57857414956,304037312822
622.597328,7421440,30398222336,38.060,48.825,366439887,187761378433,57885174015,304241880095
622.978991,7424768,30411853824,35.716,48.817,366611244,187844696244,57910747734,304482333937
623.368507,7428096,30425485312,34.996,48.808,366785543,187934144942,57938246615,304720326731
623.755710,7431424,30439116800,35.205,48.800,366956263,188021230640,57965145567,304959845484
624.142483,7434752,30452748288,35.244,48.791,367123742,188106467695,57991581276,305201817101
624.526563,7438080,30466379776,35.491,48.783,367301091,188193106891,58018214720,305439110295
624.912161,7441408,30480011264,35.352,48.775,367471175,188274873247,58043038329,305687028133
625.236906,7444736,30493642752,41.976,48.771,367642779,188356391171,58068000385,305873906848
625.513680,7448064,30507274240,49.251,48.772,367819544,188437997501,58093251238,306012103115
625.799692,7451392,30520905728,47.661,48.771,367987880,188522037855,58119214377,306155441867
626.082116,7454720,30534537216,48.266,48.771,368161561,188605884091,58145028088,306295603673
626.355412,7458048,30548168704,49.878,48.771,368332084,188687421051,58170096194,306430728581
626.628846,7461376,30561800192,49.853,48.772,368506728,188769201927,58195461863,306565543039
626.905583,7464704,30575431680,49.258,48.772,368707176,188851933679,58220808637,306702258479
627.193842,7468032,30589063168,47.289,48.771,368871184,188937448421,58247168123,306845542858
627.462496,7471360,30602694656,50.740,48.772,369059601,189020471175,58272643275,306973568799
627.741151,7474688,30616326144,48.919,48.772,369201505,189111137103,58300665010,307098394505
628.014910,7478016,30629957632,49.794,48.773,369345251,189199672829,58328009787,307221931396
628.286961,7481344,30643589120,50.106,48.773,369488087,189288871535,58355589901,307342720009
628.570780,7484672,30657220608,48.029,48.773,369639300,189376831227,58382737574,307477366924
628.850043,7488000,30670852096,48.812,48.773,369807843,189459130553,58408038269,307617101205
629.133952,7491328,30684483584,48.014,48.773,369974178,189544037551,58434383135,307757020659
629.415896,7494656,30698115072,48.348,48.772,370151251,189627976385,58460061753,307897097996
629.699311,7497984,30711746560,48.097,48.772,370324517,189711144394,58485517495,308039833193
629.975495,7501312,30725378048,49.356,48.772,370569091,189796176388,58511597008,308172077594
630.246548,7504640,30739009536,50.291,48.773,370739660,189877848442,58536761568,308304762240
630.524137,7507968,30752641024,49.107,48.773,370908775,189959886319,58561938843,308443458842
630.800263,7511296,30766272512,49.367,48.773,371067533,190040876107,58586908293,308582210417
631.088149,7514624,30779904000,47.350,48.773,371234441,190124746310,58612787051,308727751667
631.359816,7517952,30793535488,50.177,48.773,371412250,190206949677,58638331794,308859732036
631.633321,7521280,30807166976,49.840,48.774,371578355,190288086541,58663408994,308995669232
631.906898,7524608,30820798464,49.827,48.774,371740247,190372212605,58689335132,309126738893
632.189518,7527936,30834429952,48.233,48.774,371913684,190453617982,58714378425,309271314245
632.467419,7531264,30848061440,49.052,48.774,372084128,190536079072,58739865902,309409548262
632.740135,7534592,30861692928,49.984,48.775,372257488,190621288477,58766067107,309537806308
633.011166,7537920,30875324416,50.295,48.775,372445772,190704010699,58791568158,309668622012
633.277337,7541248,30888955904,51.213,48.776,372609502,190785349940,58816667509,309796904486
633.555867,7544576,30902587392,48.941,48.776,372781305,190867921897,58842117554,309935286991
633.843471,7547904,30916218880,47.397,48.776,372951213,190954040755,58868620797,310076901025
634.122785,7551232,30929850368,48.803,48.776,373116975,191036339776,58894046248,310216646201
634.403637,7554560,30943481856,48.536,48.776,373283185,191118314822,58919284536,310358453528
634.687903,7557888,30957113344,47.953,48.775,373455261,191201326989,58944917026,310501777794
634.965061,7561216,30970744832,49.183,48.776,373621408,191283861931,58970389186,310639047629
635.239495,7564544,30984376320,49.671,48.776,373785401,191365226794,58995469975,310775556680
635.510865,7567872,30998007808,50.232,48.777,373951006,191448847184,59021365182,310904796319
635.792254,7571200,31011639296,48.443,48.776,374115942,191533440847,59047470128,311042630617
636.083173,7574528,31025270784,46.857,48.775,374275446,191620442336,59074221107,311186226481
636.356297,7577856,31038902272,49.909,48.776,374455536,191703550830,59099717739,311318688434
636.634858,7581184,31052533760,48.935,48.776,374604467,191787559681,59125677694,311454523887
636.906596,7584512,31066165248,50.164,48.777,374770369,191870119818,59150969737,311586372973
637.193385,7587840,31079796736,47.531,48.776,374941466,191952239716,59176240241,311733770279
637.466648,7591168,31093428224,49.884,48.777,375172803,192031836259,59200922383,311871778267
637.735008,7594496,31107059712,50.796,48.777,375341342,192112893771,59225856984,312002840061
638.008496,7597824,31120691200,49.843,48.778,375500581,192196031016,59251502466,312135196850
638.271071,7601152,31134322688,51.915,48.779,375670964,192277783387,59276700888,312258949092
638.549349,7604480,31147954176,48.985,48.779,375845090,192360159375,59302108410,312397397565
638.832473,7607808,31161585664,48.147,48.779,376015702,192442965169,59327753783,312539895128
639.107146,7611136,31175217152,49.628,48.779,376187815,192523357768,59352510258,312678149049
639.387424,7614464,31188848640,48.636,48.779,376358286,192603511182,59377332542,312822279413
639.671075,7617792,31202480128,48.057,48.779,376511823,192691921324,59404523736,312956245311
639.946604,7621120,31216111616,49.474,48.779,376729073,192775765578,59430500890,313089483475
640.218353,7624448,31229743104,50.162,48.780,376890103,192858270729,59455993470,313221160798
640.494926,7627776,31243374592,49.287,48.780,377052848,192943311002,59481984972,313353928242
640.776657,7631104,31257006080,48.385,48.780,377221316,193024999946,59507164679,313497307725
641.061052,7634432,31270637568,47.932,48.779,377391119,193110024750,59533471280,313637213800
641.335705,7637760,31284269056,49.632,48.780,377533995,193199358798,59561201040,313760143829
641.613625,7641088,31297900544,49.048,48.780,377684716,193288241764,59588558678,313887339780
641.891858,7644416,31311532032,48.993,48.780,377827739,193379184019,59616681512,314011289244
642.176256,7647744,31325163520,47.931,48.780,377988594,193461427865,59641974910,314156439856
642.449951,7651072,31338795008,49.805,48.780,378152597,193543463818,59667244773,314291078315
642.723104,7654400,31352426496,49.904,48.781,378317291,193626236791,59692784772,314423803281
642.996980,7657728,31366057984,49.772,48.781,378489761,193708558356,59718228777,314558111785
643.264421,7661056,31379689472,50.970,48.782,378654841,193791334941,59743682162,314685257399
643.544429,7664384,31393320960,48.682,48.782,378825245,193872877175,59768971964,314826838436
643.824386,7667712,31406952448,48.691,48.782,378995512,193954688233,59794280902,314968070389
644.104570,7671040,31420583936,48.652,48.782,379170970,194038294240,59819977121,315106664262
644.387238,7674368,31434215424,48.224,48.782,379342371,194120060901,59845169590,315250719610
644.678438,7677696,31447846912,46.811,48.781,379515902,194209337599,59872597336,315390494828
644.952352,7681024,31461478400,49.766,48.781,379691494,194293821614,59898674729,315521241556
645.223310,7684352,31475109888,50.308,48.782,379862124,194376396333,59924041739,315652471231
645.503315,7687680,31488741376,48.683,48.782,380037168,194460712650,59950086912,315789641966
645.781636,7691008,31502372864,48.977,48.782,380206123,194543479928,59975715940,315927456424
646.071669,7694336,31516004352,47.000,48.781,380367696,194628271889,60001918399,316073635702
646.339534,7697664,31529635840,50.889,48.782,380550373,194709896228,60027104043,316203242089
646.611961,7700992,31543267328,50.037,48.782,380723344,194790592677,60052090786,316338717356
646.886829,7704320,31556898816,49.593,48.783,380886271,194874522210,60077655461,316472008352
647.171452,7707648,31570530304,47.893,48.782,381056816,194956700497,60102811014,316617605242
647.450722,7710976,31584161792,48.811,48.782,381219170,195043939309,60129629059,316749287420
647.721979,7714304,31597793280,50.253,48.783,381386246,195126599206,60154995933,316880828781
647.997857,7717632,31611424768,49.411,48.783,381534336,195217036452,60182853790,317003416585
648.270280,7720960,31625056256,50.038,48.784,381680985,195305050005,60210035188,317126523959
648.549904,7724288,31638687744,48.749,48.784,381853632,195390552198,60236629181,317260916417
648.838395,7727616,31652319232,47.251,48.783,382018745,195476062956,60262873589,317404472097
649.116475,7730944,31665950720,49.020,48.783,382189167,195558270618,60288237201,317543170031
649.394704,7734272,31679582208,48.994,48.783,382352292,195638865942,60313026136,317685054952
649.680308,7737600,31693213696,47.729,48.783,382497458,195728534348,60340715120,317818586625
649.960783,7740928,31706845184,48.601,48.783,382650195,195817048872,60367881169,317949189508
650.235625,7744256,31720476672,49.598,48.783,382789205,195905420437,60395255127,318073865108
650.510112,7747584,31734108160,49.662,48.783,382936574,195993339910,60422233695,318199620821
650.784693,7750912,31747739648,49.645,48.784,383095642,196075150988,60447300673,318335752495
651.074731,7754240,31761371136,46.999,48.783,383265583,196159954396,60473375198,318482249082
651.347027,7757568,31775002624,50.061,48.784,383439042,196241032778,60498303931,318617158246
651.622108,7760896,31788634112,49.554,48.784,383596307,196324736189,60524135695,318750202591
651.891762,7764224,31802265600,50.552,48.785,383768429,196408391698,60549966497,318877848955
652.177670,7767552,31815897088,47.678,48.784,383940995,196490771718,60575411109,319023817855
652.450992,7770880,31829528576,49.873,48.785,384110689,196571498502,60600256721,319160309345
652.723149,7774208,31843160064,50.087,48.785,384267654,196654615779,60626101620,319291210973
652.997355,7777536,31856791552,49.713,48.785,384525636,196738784121,60651918287,319422967118
653.263020,7780864,31870423040,51.311,48.787,384721418,196820860013,60677358516,319548930379
653.534997,7784192,31884054528,50.120,48.787,384889390,196902442492,60702744802,319682227825
653.817158,7787520,31897686016,48.311,48.787,385057670,196985588703,60728296248,319823517081
654.094137,7790848,31911317504,49.215,48.787,385224667,197067759947,60753578760,319961248290
654.372420,7794176,31924948992,48.984,48.787,385391378,197146917868,60778015376,320105319166
654.653805,7797504,31938580480,48.444,48.787,385556964,197228861716,60803359280,320247646970
654.930156,7800832,31952211968,49.327,48.787,385725601,197311080060,60828688258,320384568457
655.199884,7804160,31965843456,50.538,48.788,385893938,197392124485,60853710477,320516742468
655.472214,7807488,31979474944,50.055,48.788,386068301,197475570598,60879445537,320647366879
655.758458,7810816,31993106432,47.622,48.788,386238148,197557734923,60904649870,320794568961
656.037263,7814144,32006737920,48.893,48.788,386396769,197640323812,60930223603,320933210790
656.310027,7817472,32020369408,49.975,48.788,386543327,197729949912,60957708980,321054325405
656.590217,7820800,32034000896,48.651,48.788,386689947,197820473279,60985607706,321181021396
656.864515,7824128,32047632384,49.696,48.789,386831839,197909802497,61013238924,321303742496
657.156891,7827456,32061263872,46.623,48.788,387005194,197998319745,61040348129,321446354308
657.434766,7830784,32074895360,49.056,48.788,387174199,198081581494,61065940676,321583281276
657.705922,7834112,32088526848,50.272,48.789,387338494,198163291505,61091142086,321715949661
657.981746,7837440,32102158336,49.421,48.789,387490000,198252174803,61118608216,321840948428
658.248839,7840768,32115789824,51.036,48.790,387628975,198340974167,61146165857,321957352034
658.524960,7844096,32129421312,49.368,48.790,387799821,198426214594,61172368872,322089156664
658.806995,7847424,32143052800,48.333,48.790,387972158,198508981405,61197852895,322230743481
659.091506,7850752,32156684288,47.912,48.789,388123167,198598859797,61225411028,322363154112
659.371453,7854080,32170315776,48.693,48.789,388299002,198680612845,61250632372,322504507957
659.649054,7857408,32183947264,49.105,48.789,388462602,198762075358,61275718141,322644053762
659.929232,7860736,32197578752,48.653,48.789,388617105,198850013038,61302867765,322775125180
660.196151,7864064,32211210240,51.070,48.790,388776013,198931130043,61327758596,322904619038
660.468523,7867392,32224841728,50.047,48.791,388943589,199013810184,61353103497,323036813071
660.748984,7870720,32238473216,48.604,48.791,389109501,199096663782,61378563712,323177025459
661.044013,7874048,32252104704,46.204,48.790,389280105,199185354397,61405719519,323322446104
661.314463,7877376,32265736192,50.403,48.790,389453720,199265457563,61430193289,323457526273
661.584175,7880704,32279367680,50.541,48.791,389623343,199348057639,61455782298,323587020395
661.859837,7884032,32292999168,49.450,48.791,389777649,199435963416,61482785668,323713956956
662.144899,7887360,32306630656,47.819,48.791,389937865,199519541604,61508696998,323857175591
662.427076,7890688,32320262144,48.308,48.791,390113113,199610223454,61536691590,323985339143
662.700969,7894016,32333893632,49.769,48.791,390264966,199696430940,61563370492,324112855399
662.971180,7897344,32347525120,50.447,48.792,390430919,199778521366,61588636491,324243935146
663.238836,7900672,32361156608,50.929,48.793,390592369,199861747836,61614162427,324370702731
663.514369,7904000,32374788096,49.473,48.793,390758474,199944406741,61639704145,324505764927
663.802254,7907328,32388419584,47.350,48.792,390933068,200027738799,61665304350,324652454596
664.080517,7910656,32402051072,48.988,48.792,391102817,200109387343,61690621994,324792029959
664.356978,7913984,32415682560,49.307,48.793,391275723,200191646422,61715834613,324929254121
664.639621,7917312,32429314048,48.229,48.792,391452633,200274014645,61741266282,325072293450
664.919404,7920640,32442945536,48.722,48.792,391618829,200357512794,61766898187,325210500704
665.192764,7923968,32456577024,49.866,48.793,391787024,200440777987,61792467642,325343048743
665.462004,7927296,32470208512,50.630,48.793,391949514,200524275706,61818217538,325470827524
665.743545,7930624,32483840000,48.417,48.793,392105462,200610285048,61844845016,325606498340
666.041399,7933952,32497471488,45.766,48.792,392269431,200698440432,61871815945,325755569618
666.310770,7937280,32511102976,50.605,48.793,392437838,200780496269,61897121279,325885932250
666.582907,7940608,32524734464,50.091,48.793,392604420,200860502385,61921878548,326022188045
666.851706,7943936,32538365952,50.713,48.794,392766043,200944077695,61947680096,326149202198
667.135323,7947264,32551997440,48.063,48.794,392953198,201026194525,61972884378,326293690058
667.415307,7950592,32565628928,48.687,48.794,393121707,201107523903,61998077005,326435752625
667.690833,7953920,32579260416,49.474,48.794,393297166,201190706823,62023836574,326570118191
667.968889,7957248,32592891904,49.024,48.794,393484524,201272678865,62049137904,326709005878
668.235695,7960576,32606523392,51.091,48.795,393649548,201356359386,62074902592,326834214620
668.507199,7963904,32620154880,50.207,48.796,393826743,201438495398,62100349603,326966107016
668.792298,7967232,32633786368,47.813,48.795,393990665,201520592307,62125662271,327111978688
669.071851,7970560,32647417856,48.762,48.795,394161619,201603164884,62151094880,327251488063
669.351802,7973888,32661049344,48.692,48.795,394333877,201685348236,62176306629,327392051631
669.635252,7977216,32674680832,48.091,48.795,394510952,201769880569,62202220445,327532233665
669.909176,7980544,32688312320,49.764,48.795,394675540,201851221461,62227315961,327668158573
670.180356,7983872,32701943808,50.267,48.796,394880221,201932003352,62252195863,327802386821
670.454250,7987200,32715575296,49.769,48.796,395045931,202013697505,62277424923,327937630027
670.743098,7990528,32729206784,47.193,48.795,395219397,202097823506,62303265343,328083988521
671.024523,7993856,32742838272,48.437,48.795,395390283,202183165607,62329529983,328220533930
671.293637,7997184,32756469760,50.653,48.796,395557557,202264945679,62354623715,328350914772
671.564795,8000512,32770101248,50.271,48.797,395727600,202345249693,62379305376,328486105019
671.832030,8003840,32783732736,51.009,48.798,395893961,202427119198,62404617833,328614339540
672.111413,8007168,32797364224,48.791,48.798,396060982,202508116660,62429412398,328756456408
672.385479,8010496,32810995712,49.738,48.798,396227272,202588964424,62454414242,328893440451
672.658018,8013824,32824627200,50.017,48.798,396401338,202670568907,62479486580,329027704157
672.929369,8017152,32838258688,50.236,48.799,396566317,202752816709,62504893524,329159607457
673.194333,8020480,32851890176,51.447,48.800,396711030,202839730447,62531737635,329277284966
673.471028,8023808,32865521664,49.265,48.800,396868012,202924485451,62557838896,329410450130
673.755686,8027136,32879153152,47.887,48.800,397034572,203008012645,62583470231,329553801169
674.035543,8030464,32892784640,48.709,48.800,397190855,203091663894,62609344831,329691648921
674.318513,8033792,32906416128,48.173,48.800,397353886,203176087120,62635352427,329831781498
674.595269,8037120,32920047616,49.255,48.800,397519458,203256017781,62659815144,329973381809
674.875558,8040448,32933679104,48.634,48.800,397682857,203340483066,62685757900,330110751718
675.148355,8043776,32947310592,49.969,48.800,397845512,203424336906,62711702046,330241276123
675.417888,8047104,32960942080,50.574,48.801,398006794,203506215634,62737003679,330371771264
675.699702,8050432,32974573568,48.370,48.801,398170198,203588966301,62762562305,330513150755
675.992037,8053760,32988205056,46.630,48.800,398334137,203673756624,62788456592,330662532186
676.266439,8057088,33001836544,49.677,48.800,398506409,203757182406,62814053897,330795735643
676.537880,8060416,33015468032,50.219,48.801,398678843,203839305484,62839416811,330927491323
676.809022,8063744,33029099520,50.274,48.801,398845741,203921334600,62864548113,331059774560
677.088896,8067072,33042731008,48.706,48.801,399014690,204003021476,62889663172,331201336929
677.365886,8070400,33056362496,49.213,48.801,399182500,204085100223,62914968917,331339239006
677.635714,8073728,33069993984,50.519,48.802,399353189,204166780358,62940277537,331470356458
677.907621,8077056,33083625472,50.133,48.803,399503018,204254144486,62967426373,331593749097
678.177039,8080384,33097256960,50.596,48.803,399643016,204342800541,62995055306,331712286701
678.453187,8083712,33110888448,49.363,48.803,399803004,204424573516,63020245053,331849709963
678.739580,8087040,33124519936,47.597,48.803,399984786,204507558518,63045668456,331995689060
679.020825,8090368,33138151424,48.468,48.803,400159773,204589076950,63070817422,332138616085
679.299113,8093696,33151782912,48.983,48.803,400327929,204670107144,63095619364,332279750654
679.579672,8097024,33165414400,48.587,48.803,400492896,204752132081,63120873135,332421386181
679.861314,8100352,33179045888,48.400,48.803,400655375,204838865519,63147578217,332556267295
680.136209,8103680,33192677376,49.588,48.803,400805371,204928814452,63175065827,332679385167
680.412598,8107008,33206308864,49.320,48.803,400971797,205012453686,63200862149,332814022671
680.691890,8110336,33219940352,48.807,48.803,401132060,205096391408,63226698353,332951067289
680.985690,8113664,33233571840,46.397,48.802,401283412,205184624311,63253851271,333095273753
681.252178,8116992,33247203328,51.152,48.803,401459040,205265360429,63278765330,333224880005
681.524758,8120320,33260834816,50.009,48.804,401635306,205347669516,63304149137,333358012322
681.798020,8123648,33274466304,49.884,48.804,401789484,205431916254,63330365352,333488142860
682.077390,8126976,33288097792,48.794,48.804,401942223,205517502674,63356688377,333622445901
682.359894,8130304,33301729280,48.252,48.804,402149186,205598151818,63381642027,333767920429
682.629666,8133632,33315360768,50.530,48.804,402313032,205681169932,63407309628,333896639347
682.906187,8136960,33328992256,49.296,48.805,402458412,205770095971,63434860211,334022036821
683.172868,8140288,33342623744,51.115,48.806,402596167,205857976186,63462191460,334139268118
683.446216,8143616,33356255232,49.869,48.806,402741191,205945157327,63489147008,334264472863
683.731160,8146944,33369886720,47.839,48.806,402905548,206025745160,63513846733,334413111227
684.009169,8150272,33383518208,49.033,48.806,403065822,206110789129,63540190106,334546797980
684.303804,8153600,33397149696,46.266,48.805,403222994,206202928056,63568589874,334685233546
684.583390,8156928,33410781184,48.756,48.805,403390492,206285096271,63593830836,334825820463
684.862994,8160256,33424412672,48.753,48.805,403559838,206368288350,63619341648,334964678118
685.135500,8163584,33438044160,50.023,48.805,403727964,206449973133,63644547361,335098627723
685.405541,8166912,33451675648,50.479,48.806,403892380,206532622715,63670250589,335228387832
685.699518,8170240,33465307136,46.369,48.805,404066961,206617922510,63696417135,335377982472
685.984508,8173568,33478938624,47.831,48.804,404232799,206703620747,63722731286,335517802483
686.252979,8176896,33492570112,50.775,48.805,404402464,206785229679,63747805208,335648080650
686.528890,8180224,33506201600,49.406,48.805,404562548,206867271127,63772979898,335784919026
686.802646,8183552,33519833088,49.794,48.806,404732358,206950822289,63798547748,335917439912
687.086815,8186880,33533464576,47.970,48.805,404939367,207033650215,63824130399,336060964671
687.364518,8190208,33547096064,49.087,48.805,405100367,207114871368,63849212725,336200888066
687.634636,8193536,33560727552,50.465,48.806,405265555,207195760687,63874070714,336334059230
687.909699,8196864,33574359040,49.558,48.806,405435486,207279601385,63899994659,336466954781
688.184099,8200192,33587990528,49.677,48.807,405612477,207364086437,63925976957,336598227942
688.457298,8203520,33601622016,49.896,48.807,405783678,207446487068,63951215870,336731984230
688.739717,8206848,33615253504,48.267,48.807,405957152,207527705273,63976144600,336877027674
689.022641,8210176,33628884992,48.181,48.807,406131290,207610932530,64001851908,337018888845
689.303056,8213504,33642516480,48.612,48.807,406304559,207694891115,64027710868,337157143873
689.583534,8216832,33656147968,48.601,48.806,406476423,207778365025,64053271478,337296368992
689.863670,8220160,33669779456,48.660,48.806,406675674,207861132538,64078932350,337436084641
690.134002,8223488,33683410944,50.425,48.807,406839224,207943542191,64104468148,337566513615
690.410600,8226816,33697042432,49.283,48.807,407008023,208028938595,64130602527,337698508209
690.694791,8230144,33710673920,47.966,48.807,407181944,208112659092,64156267748,337840973827
690.982304,8233472,33724305408,47.412,48.806,407352905,208195910555,64181941545,337987442789
691.253883,8236800,33737936896,50.193,48.807,407523181,208277734124,64207093436,338120474958
691.526015,8240128,33751568384,50.091,48.807,407701185,208360028182,64232336402,338253252259
691.795028,8243456,33765199872,50.672,48.808,407871911,208441515194,64257624668,338383684551
692.070777,8246784,33778831360,49.434,48.808,408037492,208522237012,64282493923,338522647366
692.351694,8250112,33792462848,48.525,48.808,408225423,208605291904,64307962602,338663149493
692.632652,8253440,33806094336,48.518,48.808,408393945,208691163411,64334347274,338798810521
692.903835,8256768,33819725824,50.267,48.809,408563506,208774646969,64360218403,338928309211
693.175422,8260096,33833357312,50.192,48.809,408732014,208857899249,64385863202,339058580190
693.444924,8263424,33846988800,50.580,48.810,408906280,208939282435,64410878186,339190287758
693.727244,8266752,33860620288,48.284,48.810,409084320,209020135010,64435654061,339335743170
694.008734,8270080,33874251776,48.426,48.810,409250035,209103930092,64461394353,339475421076
694.288653,8273408,33887883264,48.698,48.810,409427657,209186156192,64486676597,339616018116
694.565369,8276736,33901514752,49.262,48.810,409602274,209267679937,64511975871,339754077160
694.845052,8280064,33915146240,48.739,48.810,409770179,209349335058,64537055261,339895258846
695.118026,8283392,33928777728,49.937,48.810,409939119,209431770922,64562354755,340028290918
695.393193,8286720,33942409216,49.539,48.810,410151815,209514902331,64587965313,340162511461
695.673419,8290048,33956040704,48.645,48.810,410321009,209598664341,64613768094,340300673374
695.964296,8293376,33969672192,46.863,48.810,410487051,209681375568,64639263434,340451375572
696.237930,8296704,33983303680,49.817,48.810,410657914,209764159739,64664701725,340584779291
696.511232,8300032,33996935168,49.877,48.810,410828916,209846881145,64690234006,340717800071
696.786089,8303360,34010566656,49.595,48.811,410996998,209928898479,64715484560,340853606047
697.068586,8306688,34024198144,48.253,48.810,411174201,210013441368,64741382086,340992800609
697.358727,8310016,34037829632,46.982,48.810,411403037,210097827642,64767313232,341139900471
697.634779,8313344,34051461120,49.380,48.810,411578708,210183183971,64793580118,341271322647
697.912017,8316672,34065092608,49.169,48.810,411737380,210266460575,64819111117,341407703440
698.176229,8320000,34078724096,51.593,48.811,411943469,210347697804,64844420127,341533987460
698.442535,8323328,34092355584,51.187,48.812,412110402,210429209329,64869431954,341662434266
698.729608,8326656,34105987072,47.484,48.811,412275612,210511781142,64894878567,341809556358
699.005645,8329984,34119618560,49.383,48.812,412444551,210593129678,64920096024,341947474075
699.290536,8333312,34133250048,47.848,48.811,412609221,210679196085,64946646587,342086441646
699.570205,8336640,34146881536,48.741,48.811,412779845,210761419960,64972033151,342226622727
699.856982,8339968,34160513024,47.533,48.811,412926814,210853588502,65000432464,342357039364
700.136704,8343296,34174144512,48.732,48.811,413078473,210943415891,65028272618,342484223488
700.413790,8346624,34187776000,49.196,48.811,413219914,211034165481,65056360406,342607194270
700.710946,8349952,34201407488,45.873,48.810,413376595,211126557377,65084763993,342747712530
701.007467,8353280,34215038976,45.971,48.808,413533581,211218062253,65113027565,342888871386
701.271032,8356608,34228670464,51.720,48.809,413701546,211300051736,65138259206,343013343384
701.543648,8359936,34242301952,50.003,48.810,413866120,211382571680,65163679607,343146181743
701.819106,8363264,34255933440,49.486,48.810,414043376,211468292341,65189873905,343276816938
702.104695,8366592,34269564928,47.731,48.810,414195831,211557832824,65217658176,343410249883
702.387226,8369920,34283196416,48.248,48.810,414372576,211640436705,65243142707,343552700057
702.658979,8373248,34296827904,50.161,48.810,414544471,211722168215,65268328042,343685762216
702.931914,8376576,34310459392,49.944,48.811,414701762,211806490115,65294183531,343815735388
703.202300,8379904,34324090880,50.415,48.811,414842611,211895234338,65321480107,343935764227
703.476729,8383232,34337722368,49.672,48.811,414995409,211983755789,65348780786,344060158778
703.763426,8386560,34351353856,47.547,48.811,415159672,212065414340,65373829519,344208770259
704.042765,8389888,34364985344,48.799,48.811,415331183,212147308795,65399008358,344349232311
704.325457,8393216,34378616832,48.220,48.811,415497570,212230379742,65424642697,344491059269
704.604052,8396544,34392248320,48.930,48.811,415671215,212311704914,65449664394,344631908015
704.884924,8399872,34405879808,48.533,48.811,415845267,212394659533,65475087312,344772172699
705.155556,8403200,34419511296,50.369,48.811,416010897,212477973606,65501109642,344901075040
705.426578,8406528,34433142784,50.297,48.812,416173675,212560921577,65526547105,345031664368
705.711476,8409856,34446774272,47.847,48.811,416338233,212646228285,65552856787,345172116436
705.999126,8413184,34460405760,47.389,48.811,416501507,212734751464,65579983756,345309974753
706.282158,8416512,34474037248,48.162,48.811,416671223,212817680106,65605590783,345452411190
706.554052,8419840,34487668736,50.135,48.811,416850090,212898380660,65630613163,345587129179
706.824705,8423168,34501300224,50.365,48.812,417020571,212980502768,65655849054,345718562845
707.106292,8426496,34514931712,48.409,48.812,417183244,213064473480,65681815370,345857700722
707.390488,8429824,34528563200,47.965,48.811,417354909,213147030199,65707206146,346001802416
707.662593,8433152,34542194688,50.096,48.812,417518357,213229255090,65732511336,346134444126
707.936373,8436480,34555826176,49.790,48.812,417690593,213313755374,65758619691,346264805190
708.205350,8439808,34569457664,50.679,48.813,417853952,213396971697,65784341760,346392622063
708.474096,8443136,34583089152,50.723,48.813,418013047,213477654235,65809328427,346524454126
708.753748,8446464,34596720640,48.745,48.813,418179854,213558397920,65834112248,346667455947
709.037662,8449792,34610352128,48.013,48.813,418343601,213643180190,65860202558,346807739896
709.315075,8453120,34623983616,49.138,48.813,418521046,213724493587,65885354967,346947235787
709.594586,8456448,34637615104,48.769,48.813,418686895,213806051967,65910569989,347088405868
709.880211,8459776,34651246592,47.725,48.813,418851217,213894900728,65938067086,347223127432
710.150476,8463104,34664878080,50.438,48.813,419011654,213977049971,65963221413,347354319360
710.425151,8466432,34678509568,49.628,48.814,419153757,214066275121,65990655599,347477848525
710.702168,8469760,34692141056,49.208,48.814,419314491,214149826313,66016385130,347613308115
710.992300,8473088,34705772544,46.984,48.813,419459379,214240971334,66044561468,347748845571
711.275178,8476416,34719404032,48.189,48.813,419641679,214326442825,66070855889,347886926062
711.548544,8479744,34733035520,49.865,48.813,419818395,214408810529,66096308701,348020564045
711.820595,8483072,34746667008,50.106,48.814,419972110,214492062644,66122130023,348151186888
712.096209,8486400,34760298496,49.459,48.814,420134543,214574601732,66147462953,348287003909
712.376603,8489728,34773929984,48.615,48.814,420308750,214654737054,66172178426,348431566433
712.651770,8493056,34787561472,49.539,48.814,420472081,214735597995,66197260408,348569337937
712.924665,8496384,34801192960,49.951,48.815,420637042,214817718401,66222586866,348703081773
713.193602,8499712,34814824448,50.687,48.815,420803053,214900971648,66248278830,348830844502
713.459046,8503040,34828455936,51.353,48.816,420980075,214983094886,66273515000,348957119447
713.741746,8506368,34842087424,48.219,48.816,421154461,215063884098,66298409727,349102718815
714.024193,8509696,34855718912,48.262,48.816,421330301,215146533642,66323853157,349245133800
714.304834,8513024,34869350400,48.573,48.816,421500153,215232750950,66350431822,349379767246
714.587193,8516352,34882981888,48.277,48.816,421670576,215313987751,66375360113,349524419817
714.867086,8519680,34896613376,48.702,48.816,421844527,215397005725,66400858136,349663621474
715.137964,8523008,34910244864,50.323,48.816,422007699,215476380046,66425277252,349799972363
715.410710,8526336,34923876352,49.979,48.817,422155154,215565518961,66452796258,349921371272
715.700187,8529664,34937507840,47.090,48.816,422321300,215649001783,66478599829,350069112243
715.978396,8532992,34951139328,48.997,48.816,422488539,215731176017,66504027197,350207827761
716.254384,8536320,34964770816,49.392,48.816,422689921,215815117051,66529944064,350341451693
716.529959,8539648,34978402304,49.466,48.816,422856654,215897408875,66555347078,350477482505
716.802410,8542976,34992033792,50.033,48.817,423026919,215979250444,66580521494,350611115282
717.077109,8546304,35005665280,49.623,48.817,423195508,216060623125,66605765815,350747742614
717.360136,8549632,35019296768,48.163,48.817,423362592,216144379526,66631575727,350888718183
717.629409,8552960,35032928256,50.623,48.818,423529739,216226099853,66656781180,351019384340
717.900083,8556288,35046559744,50.361,48.818,423724417,216307829194,66682163667,351151199142
718.169588,8559616,35060191232,50.580,48.819,423885292,216390185550,66707597698,351281095397
718.440767,8562944,35073822720,50.267,48.819,424080205,216472409266,66732978321,351412708880
718.721423,8566272,35087454208,48.570,48.819,424252499,216554673012,66758137859,351554083733
719.001591,8569600,35101085696,48.655,48.819,424411836,216636544618,66783380216,351695283700
719.285199,8572928,35114717184,48.064,48.819,424581650,216718827719,66808839138,351839115468
719.567262,8576256,35128348672,48.328,48.819,424737241,216803953850,66835156829,351976736318
719.847531,8579584,35141980160,48.637,48.819,424907408,216885642516,66860480780,352118268444
720.119801,8582912,35155611648,50.066,48.819,425075415,216967362180,66885464010,352252446987
720.391640,8586240,35169243136,50.145,48.820,425235211,217048458368,66910507185,352386640104
720.678802,8589568,35182874624,47.470,48.819,425402820,217131550522,66935974028,352533165541
720.960447,8592896,35196506112,48.400,48.819,425656087,217214873564,66961610682,352673709675
721.236075,8596224,35210137600,49.456,48.819,425822699,217297589456,66987384184,352808596931
721.504938,8599552,35223769088,50.700,48.820,425978227,217379840839,67012677657,352937892390
721.779769,8602880,35237400576,49.600,48.820,426145388,217460994566,67037618800,353075253655
722.056328,8606208,35251032064,49.290,48.820,426314223,217543074266,67062940144,353212542749
722.352873,8609536,35264663552,45.968,48.819,426475314,217634584637,67091180323,353353944790
722.624065,8612864,35278295040,50.265,48.820,426640153,217714198173,67115771498,353490171533
722.894313,8616192,35291926528,50.441,48.820,426810571,217797655480,67141446682,353619127699
723.165227,8619520,35305558016,50.317,48.821,426951314,217886290585,67168790540,353739672053
723.435542,8622848,35319189504,50.428,48.821,427121070,217967893086,67194043528,353871226227
723.718428,8626176,35332820992,48.187,48.821,427283025,218050919432,67219698934,354013332953
724.001983,8629504,35346452480,48.074,48.821,427458044,218134407018,67245607463,354155175587
724.277088,8632832,35360083968,49.550,48.821,427625200,218215152415,67270553947,354293262744
724.554426,8636160,35373715456,49.151,48.821,427788861,218295891494,67295455822,354433715364
724.835794,8639488,35387346944,48.447,48.821,427951793,218378425065,67320804799,354575186546
725.111344,8642816,35400978432,49.470,48.821,428119706,218461593028,67346484561,354709792974
725.383835,8646144,35414609920,50.026,48.822,428298169,218543609485,67371942806,354842969343
725.654894,8649472,35428241408,50.290,48.822,428452627,218624588059,67396872566,354976983419
725.937881,8652800,35441872896,48.170,48.822,428617693,218710602072,67423347557,355114250003
726.222834,8656128,35455504384,47.838,48.822,428807762,218792878153,67448696000,355259691039
726.498100,8659456,35469135872,49.521,48.822,428978421,218874247639,67473760098,355396862734
726.771912,8662784,35482767360,49.784,48.822,429133567,218959266487,67499964708,355526587767
727.048934,8666112,35496398848,49.207,48.823,429279918,219048764982,67527705757,355651622056
727.335311,8669440,35510030336,47.600,48.822,429505124,219129807801,67552648492,355800418274
727.609376,8672768,35523661824,49.738,48.822,429671658,219211788782,67577984624,355935439318
727.884671,8676096,35537293312,49.516,48.823,429877663,219295375550,67603771887,356068811333
728.153553,8679424,35550924800,50.697,48.823,430043658,219376828668,67628913969,356199468994
728.418688,8682752,35564556288,51.413,48.824,430241676,219458486378,67654064570,356325746747
728.704400,8686080,35578187776,47.710,48.824,430415562,219540456598,67679357535,356472429271
728.982140,8689408,35591819264,49.080,48.824,430587777,219621458721,67704317993,356612648061
729.263754,8692736,35605450752,48.405,48.824,430757843,219704784295,67730027551,356752912503
729.544517,8696064,35619082240,48.551,48.824,430931475,219787293093,67755585584,356893643375
729.824109,8699392,35632713728,48.755,48.824,431107897,219869741254,67781005831,357033444345
730.099014,8702720,35646345216,49.586,48.824,431285927,219952458081,67806438543,357168060883
730.368501,8706048,35659976704,50.583,48.825,431453737,220033729738,67831489777,357299639216
730.649795,8709376,35673608192,48.460,48.824,431623801,220115568577,67856593960,357442405792
730.936924,8712704,35687239680,47.475,48.824,431793684,220198605864,67882252249,357588634715
731.211806,8716032,35700871168,49.590,48.824,431963403,220282240354,67908106175,357721584580
731.483876,8719360,35714502656,50.103,48.825,432131076,220364747149,67933719713,357853566609
731.755729,8722688,35728134144,50.143,48.825,432290388,220446013485,67958849799,357987503230
732.031716,8726016,35741765632,49.392,48.825,432454201,220528553217,67984289344,358123437408
732.319682,8729344,35755397120,47.337,48.825,432626832,220610092254,68009396742,358273220650
732.594895,8732672,35769028608,49.531,48.825,432768486,220700614270,68037227310,358395146938
732.865377,8736000,35782660096,50.397,48.826,432929578,220783697347,68063155964,358524504716
733.138482,8739328,35796291584,49.913,48.826,433084556,220871461406,68090344902,358648395800
733.408637,8742656,35809923072,50.458,48.827,433225378,220960084446,68117823567,358767832081
733.698786,8745984,35823554560,46.981,48.826,433395180,221047556997,68144787390,358909444061
733.974841,8749312,35837186048,49.380,48.826,433571490,221128652323,68169512884,359048530670
734.257423,8752640,35850817536,48.239,48.826,433742120,221211737894,68195032062,359190368441
734.537741,8755968,35864449024,48.629,48.826,433912592,221293673557,68220224382,359331715097
734.820580,8759296,35878080512,48.195,48.826,434077636,221375850692,68245520068,359475249657
735.093363,8762624,35891712000,49.972,48.826,434244390,221458392041,68270958638,359608250201
735.362424,8765952,35905343488,50.663,48.827,434409656,221540503845,68296303768,359737830669
735.646647,8769280,35918974976,47.961,48.826,434574348,221621953744,68321479701,359883819288
735.923565,8772608,35932606464,49.226,48.827,434730881,221705352682,68347163046,360019339491
736.203595,8775936,35946237952,48.679,48.826,434904292,221786733273,68372411308,360161120979
736.475952,8779264,35959869440,50.050,48.827,435067319,221868570539,68397625833,360294699732
736.746726,8782592,35973500928,50.343,48.828,435232732,221950249922,68422691473,360427029719
737.026243,8785920,35987132416,48.768,48.827,435412416,222034492309,68448821237,360563843393
737.314209,8789248,36000763904,47.337,48.827,435577242,222117271461,68474403465,360711540089
737.589208,8792576,36014395392,49.569,48.827,435744219,222200987040,68500310925,360844575447
737.858632,8795904,36028026880,50.595,48.828,435909612,222283442063,68525694431,360974231179
738.130801,8799232,36041658368,50.085,48.828,436080693,222367623804,68551730018,361103486171
738.405243,8802560,36055289856,49.670,48.829,436255291,222450854321,68577274594,361236983639
738.687826,8805888,36068921344,48.239,48.828,436427841,222533829545,68602891919,361378821599
738.970054,8809216,36082552832,48.300,48.828,436593820,222620333395,68629552923,361514595749
739.249491,8812544,36096184320,48.782,48.828,436764444,222704155808,68655394373,361651883031
739.526662,8815872,36109815808,49.181,48.828,436931767,222785464194,68680484198,361791106021
739.806177,8819200,36123447296,48.768,48.828,437098866,222867007730,68705583136,361932514561
740.080564,8822528,36137078784,49.680,48.829,437243503,222955782495,68732753952,362056800757
740.356921,8825856,36150710272,49.326,48.829,437396316,223043906416,68759876915,362183901654
740.634338,8829184,36164341760,49.137,48.829,437568456,223126388995,68785631395,362321127131
740.913253,8832512,36177973248,48.873,48.829,437732905,223210959318,68811954020,362456381256
741.236232,8835840,36191604736,42.206,48.826,437896632,223296937150,68838473338,362633323606
741.583263,8839168,36205236224,39.280,48.822,438094639,223380292153,68864098753,362839038329
741.943557,8842496,36218867712,37.834,48.816,438266532,223466582427,68890717219,363053044395
742.300100,8845824,36232499200,38.232,48.811,438443083,223553346940,68917463598,363262589054
742.676891,8849152,36246130688,36.178,48.805,438620224,223640491510,68944268896,363491601827
743.038098,8852480,36259762176,37.739,48.799,438807346,223730061469,68971560165,363701406426
743.388447,8855808,36273393664,38.908,48.795,438977537,223811297739,68996624824,363914021315
743.745879,8859136,36287025152,38.137,48.790,439149334,223897777598,69023204827,364124947646
744.101858,8862464,36300656640,38.293,48.785,439324647,223983810034,69049584318,364335122611
744.489517,8865792,36314288128,35.164,48.777,439498559,224069126119,69075920313,364577962267
744.872857,8869120,36327919616,35.560,48.771,439673941,224155458183,69102383492,364815066809
745.255444,8872448,36341551104,35.630,48.764,439851595,224238378889,69127966765,365056797722
745.637831,8875776,36355182592,35.648,48.757,440021793,224319781362,69153076341,365301232967
746.017924,8879104,36368814080,35.864,48.751,440194451,224408870628,69180415286,365530653617
746.382670,8882432,36382445568,37.373,48.745,440366221,224489587026,69205330996,365758777555
746.750326,8885760,36396077056,37.077,48.739,440531415,224572248026,69230691109,365986568074
747.139495,8889088,36409708544,35.027,48.732,440719478,224662888343,69258669619,366221875545
747.530049,8892416,36423340032,34.903,48.725,440887511,224746671892,69284409803,366470405705
747.904754,8895744,36436971520,36.379,48.719,441092400,224832316894,69310724218,366700200088
748.275465,8899072,36450603008,36.771,48.713,441278365,224917335955,69336691913,366927042457
748.652670,8902400,36464234496,36.138,48.706,441446295,225004556620,69363528110,367156778032
749.025716,8905728,36477865984,36.541,48.700,441616685,225092229704,69390627020,367380974664
749.414548,8909056,36491497472,35.057,48.693,441793022,225178446422,69417094192,367624055843
749.788068,8912384,36505128960,36.495,48.687,441967048,225263412596,69443401524,367853111584
750.153398,8915712,36518760448,37.313,48.682,442140373,225348230211,69469572776,368074562107
750.513549,8919040,36532391936,37.849,48.677,442324864,225428933595,69494411747,368297846541
750.881076,8922368,36546023424,37.090,48.671,442497520,225518228026,69521882158,368514088696
751.256591,8925696,36559654912,36.301,48.665,442676955,225603111526,69548120032,368745639524
751.616567,8929024,36573286400,37.868,48.660,442856052,225685886679,69573492456,368965266499
751.979046,8932352,36586917888,37.606,48.654,443039534,225773030485,69600334775,369180030780
752.337530,8935680,36600549376,38.025,48.649,443213803,225854304326,69625396526,369400657955
752.698965,8939008,36614180864,37.715,48.644,443394185,225935210648,69650285893,369625110408
753.062040,8942336,36627812352,37.545,48.639,443573176,226019071399,69676042910,369846081284
753.392199,8945664,36641443840,41.288,48.635,443750087,226100893459,69701461406,370037232334
753.672786,8948992,36655075328,48.582,48.635,443919776,226182749352,69726967847,370178716325
753.960363,8952320,36668706816,47.401,48.635,444084406,226266472395,69752748893,370324331688
754.242120,8955648,36682338304,48.380,48.635,444246030,226350403423,69778521907,370464000772
754.520809,8958976,36695969792,48.913,48.635,444390178,226440677034,69806438150,370589396447
754.800472,8962304,36709601280,48.743,48.635,444537767,226531319642,69834373163,370715349921
755.078045,8965632,36723232768,49.110,48.635,444688281,226620086205,69861961051,370842038999
755.369187,8968960,36736864256,46.821,48.634,444864036,226702645778,69887489507,370993029381
755.641812,8972288,36750495744,50.001,48.635,445038770,226784861722,69912785260,371126267181
755.913170,8975616,36764127232,50.234,48.635,445201600,226868115644,69938367270,371256516212
756.183848,8978944,36777758720,50.360,48.636,445372029,226950190463,69963729384,371387916018
756.450649,8982272,36791390208,51.092,48.637,445538709,227030472295,69988548925,371518525106
756.733785,8985600,36805021696,48.145,48.637,445703234,227111531004,70013477078,371664358611
757.018045,8988928,36818653184,47.954,48.636,445870525,227193794209,70038732310,371809318068
757.295508,8992256,36832284672,49.129,48.637,446039393,227274890732,70063806220,371948920987
757.577366,8995584,36845916160,48.363,48.637,446203114,227355940430,70088777840,372093481667
757.859897,8998912,36859547648,48.248,48.636,446368085,227438346030,70114087004,372236632295
758.137707,9002240,36873179136,49.068,48.637,446530583,227525635020,70140977736,372366476367
758.416452,9005568,36886810624,48.903,48.637,446677653,227613797133,70168254522,372495419156
758.689950,9008896,36900442112,49.841,48.637,446849997,227694545791,70193173104,372631764586
758.968678,9012224,36914073600,48.906,48.637,447007413,227779036669,70219354022,372767051287
759.260395,9015552,36927705088,46.728,48.636,447174611,227865956858,70245855618,372911976127
759.538227,9018880,36941336576,49.064,48.637,447318858,227957502863,70273980225,373034801699
759.818260,9022208,36954968064,48.678,48.637,447473810,228042664297,70300073828,373170955650
760.092192,9025536,36968599552,49.762,48.637,447624711,228131657649,70327529144,373293996572
760.396345,9028864,36982231040,44.818,48.635,447783043,228224698236,70356142942,373440590518
760.669348,9032192,36995862528,49.931,48.636,447949570,228305759660,70380905112,373576656999
760.938893,9035520,37009494016,50.572,48.637,448147699,228388266443,70406339124,373706549001
761.212887,9038848,37023125504,49.751,48.637,448313681,228471831091,70431727337,373839605165
761.479974,9042176,37036756992,51.038,48.638,448482043,228554585429,70456990953,373966879247
761.765887,9045504,37050388480,47.677,48.638,448685722,228643000665,70484006059,374103296448
762.050172,9048832,37064019968,47.950,48.637,448848348,228729034482,70510630799,374241636688
762.336465,9052160,37077651456,47.614,48.637,448994067,228820429079,70538885340,374372852862
762.621229,9055488,37091282944,47.870,48.637,449260060,228904291998,70564712220,374515501565
762.903583,9058816,37104914432,48.278,48.636,449419385,228990407402,70591379334,374651798248
763.185388,9062144,37118545920,48.372,48.636,449598930,229081913173,70619687264,374778320364
763.461424,9065472,37132177408,49.383,48.637,449743583,229171209174,70647248388,374902858978
763.743955,9068800,37145808896,48.248,48.636,449888839,229262927449,70675512325,375030067034
764.035357,9072128,37159440384,46.779,48.636,450060102,229349284504,70702187481,375175077247
764.319610,9075456,37173071872,47.956,48.636,450225235,229434098211,70728336781,375315462863
764.587030,9078784,37186703360,50.974,48.636,450396114,229513434851,70752791264,375448337376
764.858699,9082112,37200334848,50.177,48.637,450558177,229593590205,70777558928,375583991819
765.128566,9085440,37213966336,50.512,48.638,450733635,229675659114,70802956979,375714705916
765.418229,9088768,37227597824,47.060,48.637,450902995,229758209513,70828502838,375864234495
765.691490,9092096,37241229312,49.884,48.637,451064766,229840164776,70853951412,375998396106
765.962502,9095424,37254860800,50.298,48.638,451213118,229926297453,70880545893,376123375999
766.234847,9098752,37268492288,50.052,48.638,451372191,230009119927,70906396103,376254836746
766.504984,9102080,37282123776,50.461,48.639,451579936,230094079538,70932466736,376381254851
766.782791,9105408,37295755264,49.068,48.639,451748894,230175035499,70957377718,376521690846
767.063872,9108736,37309386752,48.497,48.639,451914932,230258324573,70983010614,376661591146
767.345139,9112064,37323018240,48.465,48.639,452083458,230343272624,71008922300,376799381689
767.628669,9115392,37336649728,48.078,48.639,452253244,230425672598,71034187832,376943540189
767.910119,9118720,37350281216,48.433,48.639,452416418,230510224680,71060135057,377081767235
768.188558,9122048,37363912704,48.957,48.639,452584455,230592626792,71085484888,377220528750
768.458918,9125376,37377544192,50.420,48.640,452741344,230674645590,71110855560,377351652441
768.732667,9128704,37391175680,49.796,48.640,452909581,230756398903,71136148203,377486705802
769.018723,9132032,37404807168,47.653,48.640,453081697,230838170379,71161420600,377633965470
769.300078,9135360,37418438656,48.449,48.640,453231177,230921668240,71187098579,377773833647
769.578632,9138688,37432070144,48.937,48.640,453411317,231004231321,71212613523,377912372062
769.851764,9142016,37445701632,49.908,48.640,453584735,231085469685,71237694014,378047673492
770.123389,9145344,37459333120,50.185,48.641,453745618,231169281197,71263624666,378177156857
770.416304,9148672,37472964608,46.537,48.640,453910318,231253149049,71289512749,378327841819
770.688486,9152000,37486596096,50.082,48.640,454083570,231334453657,71314610748,378462158158
770.964323,9155328,37500227584,49.419,48.641,454240585,231422079565,71341553155,378589897728
771.237290,9158656,37513859072,49.938,48.641,454391897,231508668690,71368332071,378715751233
771.505798,9161984,37527490560,50.768,48.642,454538067,231595291760,71395145916,378837090315
771.782405,9165312,37541122048,49.281,48.642,454708180,231676974722,71420456028,378975030572
772.067952,9168640,37554753536,47.738,48.642,454872436,231763588158,71446945875,379114001594
772.352716,9171968,37568385024,47.869,48.641,455045458,231847415041,71472795715,379256771320
772.635178,9175296,37582016512,48.260,48.641,455210701,231930325203,71498481867,379398527870
772.923946,9178624,37595648000,47.206,48.641,455384277,232016265660,71525017325,379541527038
773.202796,9181952,37609279488,48.885,48.641,455557444,232097619356,71550138113,379682392032
773.480239,9185280,37622910976,49.132,48.641,455730592,232181357847,71575856283,379818134650
773.754685,9188608,37636542464,49.669,48.641,455895210,232264340006,71601367537,379951895000
774.035684,9191936,37650173952,48.511,48.641,456064668,232349690754,71627737441,380088199923
774.325250,9195264,37663805440,47.076,48.641,456231271,232432179094,71652995200,380238271196
774.597706,9198592,37677436928,50.032,48.641,456400295,232515524297,71678547521,380369641115
774.874706,9201920,37691068416,49.211,48.642,456565986,232598358147,71704092619,380506202985
775.146787,9205248,37704699904,50.101,48.642,456734595,232682094127,71729831577,380636592815
775.431904,9208576,37718331392,47.810,48.642,456907004,232763232825,71754749462,380784091479
775.707431,9211904,37731962880,49.474,48.642,457071538,232844984949,71779914079,380921111231
775.982737,9215232,37745594368,49.514,48.642,457222439,232934388547,71807164278,381045744855
776.257266,9218560,37759225856,49.654,48.643,457389036,233017124745,71832623223,381180217439
776.524202,9221888,37772857344,51.067,48.644,457553911,233100224926,71858200311,381306507480
776.807071,9225216,37786488832,48.190,48.643,457729930,233184321867,71883999514,381446842575
777.093817,9228544,37800120320,47.539,48.643,457896495,233266535215,71909436182,381593840403
777.376600,9231872,37813751808,48.205,48.643,458064671,233349497224,71934962182,381735836915
777.661261,9235200,37827383296,47.887,48.642,458234558,233432118798,71960408685,381880226959
777.944067,9238528,37841014784,48.201,48.642,458408897,233516229378,71986296521,382020543793
778.219804,9241856,37854646272,49.437,48.643,458577879,233598957068,72011858158,382155819304
778.491222,9245184,37868277760,50.223,48.643,458735970,233679200036,72036582109,382291182272
778.764995,9248512,37881909248,49.791,48.644,458900875,233761638573,72061957268,382425092057
779.055591,9251840,37895540736,46.909,48.643,459067519,233844749018,72087576845,382574833915
779.337493,9255168,37909172224,48.355,48.643,459228334,233929705265,72113670611,382713061616
779.604919,9258496,37922803712,50.973,48.644,459412952,234011385478,72138851237,382841939302
779.880226,9261824,37936435200,49.514,48.644,459581291,234093151829,72164060383,382978433673
780.157217,9265152,37950066688,49.213,48.644,459725112,234183661781,72191902361,383102207612
780.447695,9268480,37963698176,46.928,48.643,459892342,234270073137,72218433578,383246373651
780.728881,9271808,37977329664,48.479,48.643,460048301,234361332372,72246546748,383372786465
781.002580,9275136,37990961152,49.805,48.644,460188731,234450770861,72273840088,383495923284
781.277866,9278464,38004592640,49.518,48.644,460341876,234534761745,72299712763,383629107899
781.543054,9281792,38018224128,51.403,48.645,460530304,234617267868,72325358638,383754252756
781.822219,9285120,38031855616,48.829,48.645,460704108,234699373584,72350746468,383894085367
782.104895,9288448,38045487104,48.223,48.645,460878879,234782600537,72376298144,384035845008
782.385557,9291776,38059118592,48.569,48.645,461084220,234866290618,72401830109,384175060580
782.664493,9295104,38072750080,48.870,48.645,461246221,234947519832,72426904410,384316072656
782.947335,9298432,38086381568,48.195,48.645,461422950,235034312430,72453676306,384451727694
783.228716,9301760,38100013056,48.445,48.645,461585068,235119743375,72480034942,384588316949
783.499754,9305088,38113644544,50.294,48.645,461750680,235202192579,72505210030,384719889695
783.775969,9308416,38127276032,49.351,48.646,461923776,235284685946,72530794073,384856028098
784.063028,9311744,38140907520,47.487,48.645,462093940,235369236048,72556920508,384999668441
784.342201,9315072,38154539008,48.828,48.645,462262848,235451523022,72582298402,385139346909
784.616271,9318400,38168170496,49.737,48.646,462459164,235534213012,72607826228,385273287321
784.889306,9321728,38181801984,49.926,48.646,462628431,235616597119,72633195619,385406570373
785.157847,9325056,38195433472,50.761,48.647,462792954,235697784822,72658134755,385537612825
785.444963,9328384,38209064960,47.477,48.646,462955935,235780697760,72683691849,385684023116
785.718851,9331712,38222696448,49.770,48.647,463124743,235862830568,72709072832,385818677762
785.990851,9335040,38236327936,50.116,48.647,463305708,235948629981,72735588305,385945202998
786.269297,9338368,38249959424,48.956,48.647,463449118,236039517125,72763701006,386069462874
786.534909,9341696,38263590912,51.321,48.648,463585140,236126355331,72790590926,386187482921
786.815001,9345024,38277222400,48.668,48.648,463742175,236208651043,72815937181,386328003376
787.099944,9348352,38290853888,47.839,48.648,463906452,236291908464,72841590787,386471788206
787.381887,9351680,38304485376,48.348,48.648,464074688,236373830400,72866846196,386614759330
787.661252,9355008,38318116864,48.795,48.648,464239033,236457265559,72892468834,386752853344
787.942356,9358336,38331748352,48.493,48.648,464406422,236540269701,72918105498,386893147853
788.220383,9361664,38345379840,49.029,48.648,464570049,236622899233,72943604711,387031102645
788.487077,9364992,38359011328,51.113,48.649,464734985,236704065363,72968772640,387160031239
788.761928,9368320,38372642816,49.596,48.649,464895953,236785381238,72993828827,387296971069
789.045237,9371648,38386274304,48.115,48.649,465060509,236869643547,73019733228,387437620031
789.339436,9374976,38399905792,46.334,48.648,465236496,236953325458,73045483958,387590021995
789.606811,9378304,38413537280,50.983,48.649,465406085,237033542430,73070300018,387721259620
789.884961,9381632,38427168768,49.008,48.649,465573478,237116428113,73095869374,387859010727
790.157451,9384960,38440800256,50.026,48.650,465748821,237199271617,73121402800,387990917552
790.441942,9388288,38454431744,47.915,48.649,465909655,237281651365,73146862942,388135720139
790.721199,9391616,38468063232,48.814,48.649,466072928,237362013042,73171856613,388278382411
790.992945,9394944,38481694720,50.163,48.650,466237444,237445640353,73197767620,388408109027
791.266760,9398272,38495326208,49.784,48.650,466407725,237528049625,73223092801,388542291654
791.535730,9401600,38508957696,50.680,48.651,466578906,237610600687,73248601709,388671163146
791.810481,9404928,38522589184,49.614,48.651,466747222,237692485692,73273908894,388806983094
792.094740,9408256,38536220672,47.955,48.651,466916260,237774378566,73299189116,388952362462
792.371636,9411584,38549852160,49.230,48.651,467087313,237855555570,73324258819,389091554228
792.650300,9414912,38563483648,48.917,48.651,467261916,237936774951,73349287052,389232418266
792.931463,9418240,38577115136,48.483,48.651,467430087,238018758725,73374558056,389374546044
793.211343,9421568,38590746624,48.705,48.651,467604549,238102367288,73400276575,389512728102
793.486595,9424896,38604378112,49.524,48.652,467774431,238186118682,73426243629,389645753062
793.757730,9428224,38618009600,50.276,48.652,467939745,238267458323,73451289052,389778931587
794.045930,9431552,38631641088,47.299,48.652,468147199,238350894232,73477101436,389925445824
794.333061,9434880,38645272576,47.475,48.651,468322943,238436519282,73503410144,390067526062
794.604430,9438208,38658904064,50.232,48.652,468491835,238518586581,73528497958,390199918764
794.877013,9441536,38672535552,50.009,48.652,468653897,238599971824,73553727759,390334313547
795.148746,9444864,38686167040,50.165,48.653,468822521,238682105212,73579034698,390466902835
795.433768,9448192,38699798528,47.826,48.652,468988203,238764262604,73604307192,390612633938
795.711820,9451520,38713430016,49.025,48.653,469154377,238846281836,73629503361,390751948503
795.984987,9454848,38727061504,49.902,48.653,469324334,238932460337,73656020076,390879137977
796.256081,9458176,38740692992,50.283,48.654,469496385,239014739308,73681486568,391010482386
796.520967,9461504,38754324480,51.462,48.654,469657362,239095177711,73706252738,391138962883
796.796805,9464832,38767955968,49.418,48.655,469834131,239175868497,73731109904,391277983854
797.080301,9468160,38781587456,48.084,48.655,470008197,239258490227,73756543940,391421347810
797.359248,9471488,38795218944,48.868,48.655,470195976,239340218242,73781845304,391561584159
797.639287,9474816,38808850432,48.677,48.655,470364521,239421120109,73806939251,391704254200
797.921563,9478144,38822481920,48.291,48.655,470535956,239504376780,73832555348,391845241956
798.203176,9481472,38836113408,48.405,48.654,470708599,239586395259,73857808356,391987979318
798.474573,9484800,38849744896,50.227,48.655,470872615,239668936739,73883217624,392119522230
798.749164,9488128,38863376384,49.643,48.655,471039637,239753630962,73909323305,392250439857
799.039943,9491456,38877007872,46.879,48.655,471213174,239837331345,73935138237,392399422468
799.325302,9494784,38890639360,47.769,48.654,471373995,239923594536,73961897024,392538318871
799.601191,9498112,38904270848,49.409,48.655,471539587,240007493771,73987638410,392672203356
799.876411,9501440,38917902336,49.529,48.655,471704934,240090678427,74013311867,392806383152
800.147735,9504768,38931533824,50.241,48.655,471862515,240173134314,74038648970,392937932044
800.437651,9508096,38945165312,47.019,48.655,472017092,240261448345,74065902110,393077954646
800.716536,9511424,38958796800,48.879,48.655,472177618,240344160270,74091386341,393216567607
800.991439,9514752,38972428288,49.587,48.655,472331028,240431256094,74118346380,393343721763
801.266711,9518080,38986059776,49.520,48.656,472471993,240520316578,74146076550,393467605942
801.533760,9521408,38999691264,51.045,48.656,472609817,240607905351,74173289604,393585513933
801.820346,9524736,39013322752,47.565,48.656,472760958,240700846266,74201781390,393714838997
802.103109,9528064,39026954240,48.208,48.656,472921998,240782556196,74226886304,393859287905
802.380022,9531392,39040585728,49.227,48.656,473081882,240863704652,74252089977,393998235026
802.658434,9534720,39054217216,48.962,48.656,473252021,240945906402,74277436863,394137085077
802.938927,9538048,39067848704,48.598,48.656,473424055,241027511127,74302688734,394279252784
803.220640,9541376,39081480192,48.388,48.656,473579264,241115265392,74329741213,394412336224
803.491014,9544704,39095111680,50.417,48.657,473748651,241196583784,74354959186,394544714581
803.766788,9548032,39108743168,49.430,48.657,473912034,241281586237,74381130396,394676542384
804.050262,9551360,39122374656,48.087,48.657,474085819,241366209837,74407142629,394816445670
804.338454,9554688,39136006144,47.300,48.656,474257190,241449111049,74432559253,394964205474
804.610162,9558016,39149637632,50.170,48.657,474398881,241536515638,74459687614,395087099205
804.890380,9561344,39163269120,48.646,48.657,474543130,241627518491,74487937978,395212648498
805.170458,9564672,39176900608,48.670,48.657,474691884,241718483589,74515943545,395338687845
805.452856,9568000,39190532096,48.271,48.657,474852295,241803915055,74542411053,395476126729
805.731850,9571328,39204163584,48.859,48.657,475031459,241885779037,74567690767,395616329442
806.006400,9574656,39217795072,49.650,48.657,475175727,241974178412,74594951780,395740991142
806.280843,9577984,39231426560,49.670,48.657,475336996,242058896155,74621141608,395871812632
806.550921,9581312,39245058048,50.472,48.658,475482550,242146664170,74648160104,395993192639
806.829940,9584640,39258689536,48.855,48.658,475643342,242232593980,74674571617,396126793773
807.115036,9587968,39272321024,47.814,48.658,475814309,242317938479,74700718496,396267598522
807.395523,9591296,39285952512,48.599,48.658,475986208,242400805231,74726155248,396407727495
807.682886,9594624,39299584000,47.436,48.657,476153777,242486808917,74752442719,396549581871
807.963873,9597952,39313215488,48.513,48.657,476317345,242571616188,74778549775,396686793144
808.252698,9601280,39326846976,47.196,48.657,476470715,242664934812,74807211984,396817706444
808.526601,9604608,39340478464,49.768,48.657,476640297,242747305690,74832569347,396952137353
808.800548,9607936,39354109952,49.760,48.657,476797084,242834325742,74859515281,397078329868
809.096698,9611264,39367741440,46.029,48.656,476948858,242924100959,74887143699,397222348791
809.380881,9614592,39381372928,47.967,48.656,477119711,243004862805,74912065949,397369735481
809.653315,9617920,39395004416,50.036,48.657,477291737,243087083983,74937452433,397502843285
809.929528,9621248,39408635904,49.351,48.657,477451550,243170562739,74963200983,397637508192
810.202297,9624576,39422267392,49.975,48.657,477600124,243258258714,74990398528,397761417092
810.484114,9627904,39435898880,48.370,48.657,477757807,243341582676,75016075752,397901801825
810.763599,9631232,39449530368,48.774,48.657,477924708,243423204949,75041322801,398042783294
811.031103,9634560,39463161856,50.958,48.658,478082831,243504498108,75066381020,398172149604
811.304543,9637888,39476793344,49.852,48.658,478240445,243588112360,75091945901,398304186922
811.568780,9641216,39490424832,51.588,48.659,478407341,243668572462,75117137028,398431362838
811.843689,9644544,39504056320,49.585,48.660,478592013,243750733492,75142700902,398566734738
812.133711,9647872,39517687808,47.002,48.659,478766903,243835324201,75168669457,398713337149
812.411659,9651200,39531319296,49.043,48.659,478942619,243918523701,75194517543,398849591951
812.696184,9654528,39544950784,47.910,48.659,479103525,244003377253,75220664197,398990398125
812.975166,9657856,39558582272,48.862,48.659,479262505,244088582760,75246908527,399124943890
813.259380,9661184,39572213760,47.962,48.659,479422735,244174669256,75273190549,399263780118
813.533005,9664512,39585845248,49.818,48.659,479588453,244257739319,75298834308,399396385369
813.804532,9667840,39599476736,50.203,48.660,479755779,244338312336,75323688006,399531305134
814.088036,9671168,39613108224,48.082,48.659,479923535,244419586344,75348707069,399677104816
814.369716,9674496,39626739712,48.394,48.659,480086288,244500057493,75373459430,399822371138
814.639460,9677824,39640371200,50.535,48.660,480255295,244581573812,75398517021,399953994941
814.908701,9681152,39654002688,50.629,48.661,480412943,244664476935,75424015062,400082883034
815.184020,9684480,39667634176,49.512,48.661,480572374,244749000550,75450119993,400214824572
815.463959,9687808,39681265664,48.694,48.661,480739612,244830916366,75475371855,400355911529
815.745139,9691136,39694897152,48.480,48.661,480913718,244914029565,75500752139,400496983468
816.019756,9694464,39708528640,49.638,48.661,481082531,244999062179,75526785406,400627666660
816.297281,9697792,39722160128,49.118,48.661,481232414,245087818343,75554176359,400754744238
816.568140,9701120,39735791616,50.327,48.662,481404606,245170222392,75579678053,400885820723
816.837426,9704448,39749423104,50.621,48.663,481576248,245251488194,75604888079,401017170805
817.130427,9707776,39763054592,46.524,48.662,481736598,245339190076,75632022218,401161366011
817.411034,9711104,39776686080,48.579,48.662,481908206,245421477174,75657474946,401302340164
817.694560,9714432,39790317568,48.078,48.662,482080896,245505763134,75683361741,401443113618
817.973120,9717760,39803949056,48.936,48.662,482259887,245587935521,75708633915,401582306332
818.257655,9721088,39817580544,47.908,48.661,482434354,245673080586,75734744348,401722742884
818.528022,9724416,39831212032,50.418,48.662,482596266,245753724873,75759613603,401856342719
818.802017,9727744,39844843520,49.751,48.662,482766624,245835725519,75784873503,401991444681
819.083514,9731072,39858475008,48.425,48.662,482929018,245921714755,75811409094,402127035851
819.375727,9734400,39872106496,46.649,48.662,483094680,246004342553,75836801210,402279426555
819.647880,9737728,39885737984,50.087,48.662,483264773,246086352852,75862076828,402412464045
819.920449,9741056,39899369472,50.011,48.662,483433223,246169656524,75887591359,402544062011
820.195412,9744384,39913000960,49.576,48.663,483619381,246253744436,75913471468,402676514961
820.477543,9747712,39926632448,48.316,48.663,483785719,246336034790,75938950271,402818987248
820.761599,9751040,39940263936,47.989,48.662,483949484,246416542424,75963718704,402966562041
821.035371,9754368,39953895424,49.792,48.663,484105613,246502706422,75990184627,403094511600
821.305425,9757696,39967526912,50.477,48.663,484273156,246583922433,76015330942,403226766350
821.571276,9761024,39981158400,51.275,48.664,484438789,246665591388,76040507357,403354214374
821.838820,9764352,39994789888,50.950,48.665,484599263,246746492166,76065370241,403484733768
822.125812,9767680,40008421376,47.498,48.665,484760725,246831418236,76091353193,403628051373
822.406844,9771008,40022052864,48.505,48.665,484951708,246913799438,76116597709,403769605855
822.683795,9774336,40035684352,49.220,48.665,485121838,246994716600,76141576685,403909318704
822.969155,9777664,40049315840,47.769,48.664,485298132,247078493308,76167283660,404052730443
823.248032,9780992,40062947328,48.880,48.664,485465830,247161229900,76193067358,404190873869
823.521561,9784320,40076578816,49.836,48.665,485619884,247250342226,76220441638,404313294916
823.793004,9787648,40090210304,50.219,48.665,485780015,247331102919,76245296809,404448034603
824.072198,9790976,40103841792,48.824,48.665,485940976,247414278906,76270878488,404586237779
824.363823,9794304,40117473280,46.743,48.665,486129716,247495786198,76295884490,404739834417
824.633712,9797632,40131104768,50.508,48.665,486291964,247578148838,76321342742,404869943970
824.907152,9800960,40144736256,49.852,48.666,486462283,247659755011,76346499611,405004905588
825.178015,9804288,40158367744,50.326,48.666,486625143,247740902567,76371499882,405138333420
825.457381,9807616,40171999232,48.794,48.666,486787319,247823536676,76396967725,405277660309
825.740472,9810944,40185630720,48.152,48.666,486955177,247905652938,76422285790,405421479889
826.009730,9814272,40199262208,50.626,48.667,487116688,247988411782,76447835133,405550337170
826.281652,9817600,40212893696,50.130,48.667,487280252,248070292754,76473041420,405683271642
826.551755,9820928,40226525184,50.468,48.668,487458167,248153526743,76498789908,405812209078
826.820427,9824256,40240156672,50.737,48.669,487629598,248235025290,76523974569,405942668064
827.108537,9827584,40253788160,47.313,48.668,487797511,248318299233,76549560145,406089788838
827.385960,9830912,40267419648,49.136,48.668,487963318,248399955488,76574620484,406228858946
827.664510,9834240,40281051136,48.937,48.668,488132548,248481326617,76599762607,406369312229
827.944897,9837568,40294682624,48.617,48.668,488304883,248564147771,76625498781,406508918116
828.229010,9840896,40308314112,47.979,48.668,488474937,248646185453,76650653196,406654117805
828.497860,9844224,40321945600,50.703,48.669,488634498,248727074673,76675674239,406785556628
828.769831,9847552,40335577088,50.121,48.669,488805409,248809656631,76701070499,406917578248
829.059909,9850880,40349208576,46.993,48.669,488970786,248895319261,76727607428,407062070828
829.342012,9854208,40362840064,48.321,48.669,489140983,248977121918,76752947117,407205307331
829.616022,9857536,40376471552,49.748,48.669,489296214,249063436802,76779630697,407332767593
829.886332,9860864,40390103040,50.429,48.669,489464694,249146179880,76805137117,407462965137
830.159443,9864192,40403734528,49.912,48.670,489624726,249229695015,76830892054,407594511295
830.446135,9867520,40417366016,47.547,48.669,489786869,249316298193,76857203460,407735300409
830.734656,9870848,40430997504,47.246,48.669,489948892,249404828031,76884100677,407874706012
831.006827,9874176,40444628992,50.084,48.669,490113169,249489430745,76910230107,408003526176
831.279537,9877504,40458260480,49.985,48.670,490253582,249577966784,76937710479,408125691498
831.547278,9880832,40471891968,50.913,48.671,490390625,249665888437,76964784748,408244311881
831.818092,9884160,40485523456,50.335,48.671,490540792,249751933582,76991132843,408369521332
832.107579,9887488,40499154944,47.088,48.671,490721434,249838066278,77017612734,408513060656
832.388717,9890816,40512786432,48.487,48.671,490898378,249920408133,77043023778,408654533730
832.667540,9894144,40526417920,48.889,48.671,491085079,250000720076,77067803468,408797020393
832.948647,9897472,40540049408,48.492,48.671,491249310,250083885226,77093402939,408937264572
833.235981,9900800,40553680896,47.441,48.670,491405094,250175353185,77121453051,409069798907
833.512239,9904128,40567312384,49.343,48.670,491547469,250265358001,77149611606,409192901642
833.786268,9907456,40580943872,49.745,48.671,491718657,250349429941,77175415384,409324642746
834.065981,9910784,40594575360,48.734,48.671,491892940,250431959313,77200815709,409464383737
834.358185,9914112,40608206848,46.651,48.670,492065329,250512484940,77225573740,409620109145
834.624051,9917440,40621838336,51.272,48.671,492228377,250593895146,77250643827,409747921489
834.897257,9920768,40635469824,49.895,48.671,492396289,250677574467,77276452277,409879114858
835.176728,9924096,40649101312,48.776,48.671,492554032,250766084227,77304151823,410007899962
835.456143,9927424,40662732800,48.786,48.671,492724227,250849798507,77329982058,410145245910
835.735038,9930752,40676364288,48.877,48.671,492907221,250930200373,77354879252,410287621462
836.012588,9934080,40689995776,49.114,48.672,493057518,251019002887,77382238145,410414497093
836.285892,9937408,40703627264,49.877,48.672,493230676,251101826619,77407734406,410547122607
836.553715,9940736,40717258752,50.897,48.673,493394711,251182964429,77432815171,410677244512
836.824915,9944064,40730890240,50.264,48.673,493564325,251266203702,77458509527,410807344057
837.108881,9947392,40744521728,48.004,48.673,493734988,251348261649,77483836172,410952197572
837.387395,9950720,40758153216,48.944,48.673,493900700,251429461571,77508814104,411093139233
837.666319,9954048,40771784704,48.872,48.673,494077289,251510956046,77533868025,411233736257
837.948248,9957376,40785416192,48.351,48.673,494240470,251591790324,77558766434,411378597202
838.229877,9960704,40799047680,48.402,48.673,494411466,251675558391,77584580908,411518040079
838.499668,9964032,40812679168,50.526,48.673,494582278,251757574144,77609839521,411648575442
838.771643,9967360,40826310656,50.120,48.674,494748314,251838898685,77634791674,411782595164
839.049416,9970688,40839942144,49.074,48.674,494911034,251920985681,77660024305,411921232983
839.339488,9974016,40853573632,46.993,48.673,495077477,252001185914,77684772228,412075280647
839.607336,9977344,40867205120,50.893,48.674,495243308,252081500684,77709489871,412207040479
839.878861,9980672,40880836608,50.203,48.675,495408459,252162830893,77734506559,412340762919
840.154747,9984000,40894468096,49.410,48.675,495580651,252244665988,77759880804,412477735062
840.433406,9987328,40908099584,48.918,48.675,495756318,252328252743,77785514280,412614920817
840.719860,9990656,40921731072,47.587,48.675,495926125,252411044779,77811058322,412761001530
840.989354,9993984,40935362560,50.582,48.675,496091537,252494231881,77836643329,412889479371
841.261053,9997312,40948994048,50.171,48.676,496234771,252581561514,77863823990,413012589283
841.539412,10000640,40962625536,48.971,48.676,496378256,252671989570,77891904461,413137262782
841.810174,10003968,40976257024,50.345,48.676,496518393,252759999598,77919262217,413258287168
842.103920,10007296,40989888512,46.406,48.676,496681081,252848864189,77946674223,413401426876
842.389208,10010624,41003520000,47.782,48.675,496857293,252935359823,77973191301,413540415936
842.667676,10013952,41017151488,48.952,48.675,497030033,253016616632,77998162651,413681014670
842.949730,10017280,41030782976,48.329,48.675,497197099,253099731577,78023808260,413822068689
843.230338,10020608,41044414464,48.579,48.675,497358060,253182582571,78049633084,413961920116
843.506363,10023936,41058045952,49.385,48.675,497502374,253272405874,78077079471,414086195024
843.775641,10027264,41071677440,50.622,48.676,497673907,253352111278,78101627356,414220153760
844.067220,10030592,41085308928,46.751,48.675,497826717,253441590408,78129282972,414359781350
844.356342,10033920,41098940416,47.148,48.675,497985564,253529304854,78156399907,414499999810
844.627809,10037248,41112571904,50.214,48.675,498150630,253609558101,78181322219,414635001104
844.899001,10040576,41126203392,50.265,48.676,498318239,253691702033,78206588469,414766788269
845.175851,10043904,41139834880,49.238,48.676,498473686,253780519186,78234128681,414892604746
845.457697,10047232,41153466368,48.365,48.676,498620500,253868909547,78261753423,415023761923
845.740153,10050560,41167097856,48.260,48.676,498788374,253948226925,78286215734,415171281524
846.010879,10053888,41180729344,50.352,48.676,498932771,254032774693,78312267751,415298727100
846.282663,10057216,41194360832,50.155,48.677,499098273,254115332147,78337716105,415430453286
846.551690,10060544,41207992320,50.670,48.677,499265946,254198674692,78363313916,415558028420
846.821532,10063872,41221623808,50.517,48.678,499431030,254280280148,78388478814,415689490903
847.108107,10067200,41235255296,47.567,48.678,499605330,254364016952,78414358489,415833822547
847.387609,10070528,41248886784,48.771,48.678,499772234,254446149607,78439700822,415973978051
847.667374,10073856,41262518272,48.725,48.678,499934556,254529835902,78465485085,416111958477
847.948626,10077184,41276149760,48.467,48.678,500095955,254614761661,78491846785,416248963953
848.234224,10080512,41289781248,47.730,48.677,500257202,254700312127,78518316449,416389397114
848.508360,10083840,41303412736,49.725,48.678,500419402,254785329009,78544370279,416519477782
848.783956,10087168,41317044224,49.462,48.678,500586653,254868268512,78569833840,416654475118
849.062366,10090496,41330675712,48.962,48.678,500751380,254950057997,78595082093,416793876432
849.343063,10093824,41344307200,48.563,48.678,500916642,255032442053,78620282338,416935426387
849.628754,10097152,41357938688,47.714,48.678,501084231,255116660289,78646138568,417078574867
849.899011,10100480,41371570176,50.439,48.678,501254113,255200010530,78671808251,417207517864
850.180674,10103808,41385201664,48.396,48.678,501397318,255290819859,78700054345,417334880462
850.461568,10107136,41398833152,48.529,48.678,501546789,255380332399,78727735214,417463886128
850.748400,10110464,41412464640,47.524,48.678,501715500,255462592854,78753028058,417611403305
851.018996,10113792,41426096128,50.376,48.678,501874327,255546098194,78778807664,417740424442
851.293002,10117120,41439727616,49.749,48.679,502047741,255627853394,78803968417,417875778143
851.565519,10120448,41453359104,50.021,48.679,502216741,255711711064,78829914289,418005878178
851.834157,10123776,41466990592,50.743,48.680,502378340,255793983074,78855044895,418135355612
852.120740,10127104,41480622080,47.566,48.679,502545056,255877714179,78880943809,418280057117
852.400669,10130432,41494253568,48.696,48.679,502711286,255957996733,78905792601,418423565853
852.680157,10133760,41507885056,48.773,48.679,502888530,256038898852,78930724801,418565919159
852.962569,10137088,41521516544,48.268,48.679,503064654,256121083570,78956107658,418708886502
853.242115,10140416,41535148032,48.763,48.679,503229318,256206657633,78982397085,418843451093
853.515583,10143744,41548779520,49.847,48.680,503440183,256290225281,79008119390,418975282208
853.787665,10147072,41562411008,50.101,48.680,503607233,256373593397,79033828906,419105790708
854.068176,10150400,41576042496,48.595,48.680,503766782,256460280239,79060464071,419239534757
854.365212,10153728,41589673984,45.892,48.679,503918906,256550244736,79088195941,419384123611
854.635355,10157056,41603305472,50.460,48.680,504080473,256631320005,79113147294,419516903615
854.908364,10160384,41616936960,49.930,48.680,504249695,256713309319,79138348972,419650898904
855.182382,10163712,41630568448,49.747,48.680,504396489,256800102992,79165250457,419777792222
855.464523,10167040,41644199936,48.314,48.680,504541547,256892016125,79193490419,419904143711
855.754049,10170368,41657831424,47.082,48.680,504720634,256974384711,79218894168,420054301668
856.022289,10173696,41671462912,50.818,48.680,504884154,257056658581,79244301606,420182923800
856.297452,10177024,41685094400,49.540,48.681,505027429,257146377970,79271900604,420305978202
856.573275,10180352,41698725888,49.421,48.681,505169093,257236943699,79299625903,420428663674
856.841292,10183680,41712357376,50.860,48.682,505316405,257324270008,79326534922,420548685767
857.130376,10187008,41725988864,47.154,48.681,505478668,257408069412,79352298879,420695811836
857.411075,10190336,41739620352,48.563,48.681,505641485,257492029311,79378210632,420834191868
857.696040,10193664,41753251840,47.836,48.681,505834156,257575505497,79403815636,420977716312
857.975696,10196992,41766883328,48.744,48.681,506001547,257656377559,79428713983,421120276923
858.254728,10200320,41780514816,48.853,48.681,506171279,257736491014,79453395470,421263451017
858.528053,10203648,41794146304,49.873,48.681,506328711,257817187489,79478414153,421399742838
858.802118,10206976,41807777792,49.738,48.682,506495400,257900804707,79504209584,421531854954
859.079189,10210304,41821409280,49.198,48.682,506662122,257984256088,79529931154,421667288125
859.369356,10213632,41835040768,46.978,48.681,506840387,258066279561,79555204154,421818470077
859.643228,10216960,41848672256,49.773,48.681,507035290,258147754059,79580392866,421954064362
859.915647,10220288,41862303744,50.039,48.682,507206880,258231307492,79606352062,422084554751
860.187909,10223616,41875935232,50.068,48.682,507363111,258313410295,79631715507,422217633555
860.467680,10226944,41889566720,48.724,48.682,507535796,258396399288,79657365868,422356616489
860.752852,10230272,41903198208,47.801,48.682,507717000,258479273595,79682886911,422501300387
861.026673,10233600,41916829696,49.782,48.682,507855671,258566231543,79709845764,422627555828
861.299250,10236928,41930461184,50.010,48.683,507997571,258654494537,79737206933,422750018197
861.570653,10240256,41944092672,50.226,48.683,508136142,258742902128,79764621783,422871239485
861.842305,10243584,41957724160,50.180,48.684,508275084,258831230485,79791926307,422992908431
862.133216,10246912,41971355648,46.858,48.683,508432372,258920775092,79819621153,423131700525
862.414198,10250240,41984987136,48.514,48.683,508613812,259003597390,79845451455,423271934433
862.692610,10253568,41998618624,48.962,48.683,508780883,259086921266,79871106956,423409205042
862.973901,10256896,42012250112,48.461,48.683,508958778,259171733240,79897184234,423546813795
863.256412,10260224,42025881600,48.251,48.683,509129580,259253694926,79922516614,423690385739
863.531238,10263552,42039513088,49.600,48.683,509301671,259337006521,79948108002,423823986009
863.802708,10266880,42053144576,50.214,48.684,509468337,259418882707,79973336259,423956582489
864.084591,10270208,42066776064,48.359,48.684,509627659,259508421597,80000789754,424086897232
864.375653,10273536,42080407552,46.834,48.683,509775349,259600098450,80029091117,424222314424
864.658534,10276864,42094039040,48.188,48.683,509941220,259681343696,80054111409,424367454772
864.926868,10280192,42107670528,50.801,48.684,510112833,259762488863,80079161916,424498207002
865.203380,10283520,42121302016,49.298,48.684,510284502,259845777111,80104725597,424633588673
865.476239,10286848,42134933504,49.958,48.684,510449477,259929972914,80130566553,424763813187
865.764522,10290176,42148564992,47.285,48.684,510658280,260012057904,80155855749,424912798396
866.034477,10293504,42162196480,50.496,48.684,510865919,260095450727,80181690636,425041118534
866.302848,10296832,42175827968,50.793,48.685,511033697,260176765427,80206873618,425171642637
866.575898,10300160,42189459456,49.923,48.685,511212548,260258562332,80232169438,425305882629
866.841521,10303488,42203090944,51.319,48.686,511374896,260339024537,80257010061,425434913465
867.121833,10306816,42216722432,48.630,48.686,511551254,260421306741,80282340607,425575752817
867.403801,10310144,42230353920,48.344,48.686,511771425,260504115063,80308034044,425717027033
867.685147,10313472,42243985408,48.451,48.686,511943312,260585851391,80333052765,425860071840
867.966857,10316800,42257616896,48.388,48.686,512109806,260669620536,80358767292,425999903012
868.244338,10320128,42271248384,49.126,48.686,512281892,260751554897,80384073671,426138328626
868.521607,10323456,42284879872,49.163,48.686,512459796,260834216234,80409544018,426275442413
868.792778,10326784,42298511360,50.269,48.687,512629949,260916856675,80434826690,426406878529
869.066973,10330112,42312142848,49.715,48.687,512795709,260999026545,80460069388,426541955897
869.357964,10333440,42325774336,46.845,48.686,512971830,261082086270,80485583179,426692200261
869.634104,10336768,42339405824,49.365,48.686,513143645,261163088094,80510632213,426830975747
869.902208,10340096,42353037312,50.844,48.687,513314434,261245480740,80535918926,426959727087
870.177226,10343424,42366668800,49.566,48.687,513465795,261329914061,80561857164,427091591496
870.450601,10346752,42380300288,49.864,48.688,513632515,261412299562,80587115680,427225585317
870.745496,10350080,42393931776,46.225,48.687,513792638,261497332154,80613061122,427376780769
871.017908,10353408,42407563264,50.040,48.687,513943724,261585210825,80640009622,427500589344
871.295348,10356736,42421194752,49.133,48.688,514088177,261676139570,80667913192,427624198476
871.567628,10360064,42434826240,50.064,48.688,514244874,261761238593,80694039005,427752452545
871.835201,10363392,42448457728,50.945,48.689,514406201,261843838159,80719364345,427880276940
872.120068,10366720,42462089216,47.852,48.688,514580352,261926167596,80744941394,428025473074
872.401212,10370048,42475720704,48.486,48.688,514754566,262009437077,80770513889,428165522354
872.682031,10373376,42489352192,48.542,48.688,514929354,262091836616,80795982734,428306728650
872.961530,10376704,42502983680,48.771,48.688,515129714,262172555324,80820941790,428449233178
873.242766,10380032,42516615168,48.470,48.688,515290743,262257380829,80846983707,428586629365
873.517776,10383360,42530246656,49.567,48.688,515468304,262338714468,80872122505,428723546605
873.787980,10386688,42543878144,50.449,48.689,515637487,262420242260,80897322433,428855287156
874.062848,10390016,42557509632,49.593,48.689,515810655,262502823117,80922816731,428990060630
874.355791,10393344,42571141120,46.533,48.689,515975962,262591087275,80949729629,429134066799
874.633823,10396672,42584772608,49.028,48.689,516138623,262675190740,80975704721,429269567782
874.906385,10400000,42598404096,50.012,48.689,516308472,262755554853,81000560958,429405648349
875.179783,10403328,42612035584,49.859,48.689,516467445,262841782882,81027022710,429532981989
875.451566,10406656,42625667072,50.156,48.690,516624130,262924664988,81052521578,429664205604
875.741686,10409984,42639298560,46.986,48.689,516794454,263007282722,81078068336,429814223742
876.014854,10413312,42652930048,49.901,48.690,516949412,263091753269,81103709461,429945264042
876.288335,10416640,42666561536,49.844,48.690,517119862,263174229141,81129003930,430079240205
876.560963,10419968,42680193024,50.000,48.691,517300712,263257365975,81154698027,430210538288
876.826253,10423296,42693824512,51.383,48.691,517460185,263337964806,81179563033,430339141362
877.113845,10426624,42707456000,47.399,48.691,517632090,263421550800,81205198086,430485036298
877.396718,10429952,42721087488,48.189,48.691,517810822,263505872961,81231125220,430625082878
877.679452,10433280,42734718976,48.213,48.691,517981047,263587715548,81256377437,430768982522
877.958748,10436608,42748350464,48.806,48.691,518154665,263669788087,81281703617,430909174938
878.240068,10439936,42761981952,48.456,48.691,518359832,263750512880,81306756571,431053377708
878.513325,10443264,42775613440,49.885,48.691,518522708,263837295446,81333402456,431179767849
878.791575,10446592,42789244928,48.990,48.691,518697873,263921863277,81359362677,431314874296
879.065958,10449920,42802876416,49.681,48.691,518866817,264004293576,81384763978,431449582206
879.343805,10453248,42816507904,49.061,48.691,519041325,264086878140,81410233862,431587495395
879.630942,10456576,42830139392,47.474,48.691,519207521,264167623173,81435131041,431737788958
879.901857,10459904,42843770880,50.317,48.692,519377913,264249635130,81460456606,431869846884
880.176942,10463232,42857402368,49.554,48.692,519548734,264331942077,81485713561,432005498664
880.447676,10466560,42871033856,50.350,48.692,519715876,264413527474,81510893519,432137944889
880.739547,10469888,42884665344,46.704,48.692,519886159,264494994329,81536116245,432291551640
881.010423,10473216,42898296832,50.324,48.692,520046787,264578488750,81561900950,432420616631
881.280917,10476544,42911928320,50.395,48.693,520195279,264663632017,81588156419,432546803009
881.554112,10479872,42925559808,49.896,48.693,520366705,264746698456,81613853359,432679173482
881.823688,10483200,42939191296,50.566,48.694,520536369,264829781126,81639754251,432807457485
882.105561,10486528,42952822784,48.360,48.694,520695513,264913380451,81665386649,432947782539
882.389073,10489856,42966454272,48.081,48.693,520869655,264998164360,81691271142,433087960126
882.669184,10493184,42980085760,48.665,48.693,521036569,265079872604,81716540346,433229475265
882.953769,10496512,42993717248,47.899,48.693,521207122,265163476376,81742225430,433372510381
883.235520,10499840,43007348736,48.381,48.693,521373722,265246053454,81767698514,433514235683
883.512691,10503168,43020980224,49.181,48.693,521522041,265333848710,81794819977,433642384349
883.787543,10506496,43034611712,49.596,48.693,521680575,265418555457,81820994874,433773548236
884.064538,10509824,43048243200,49.212,48.694,521853295,265500811691,81846368296,433910877299
884.357336,10513152,43061874688,46.556,48.693,522018194,265586849690,81872731481,434058146893
884.636128,10516480,43075506176,48.895,48.693,522173127,265674704106,81899693787,434188271250
884.917817,10519808,43089137664,48.392,48.693,522321601,265767199549,81928026152,434313749075
885.194123,10523136,43102769152,49.335,48.693,522496653,265850273377,81953772767,434449118249
885.465764,10526464,43116400640,50.182,48.693,522663285,265931509291,81978852315,434582938044
885.758799,10529792,43130032128,46.518,48.693,522840854,266014506483,82004399980,434735304554
886.030097,10533120,43143663616,50.245,48.693,523003868,266097556775,82029981419,434865790851
886.301921,10536448,43157295104,50.148,48.694,523255549,266179502549,82055060145,434998890017
886.572985,10539776,43170926592,50.289,48.694,523423171,266263086007,82080943660,435128142218
886.840872,10543104,43184558080,50.885,48.695,523594640,266344349226,82106138979,435257930837
887.121955,10546432,43198189568,48.496,48.695,523759185,266425967757,82131246252,435400575249
887.405958,10549760,43211821056,47.998,48.695,523937599,266507087062,82156296817,435546979667
887.682245,10553088,43225452544,49.338,48.695,524111072,266588544364,82181451622,435685063547
887.969799,10556416,43239084032,47.405,48.694,524277530,266677679485,82208841058,435821793547
888.260333,10559744,43252715520,46.919,48.694,524430904,266770119295,82237146201,435955979216
888.537833,10563072,43266347008,49.123,48.694,524605638,266851862692,82262434974,436095004634
888.810251,10566400,43279978496,50.039,48.694,524782244,266934231739,82287706982,436227979106
889.087802,10569728,43293609984,49.113,48.694,524926399,267022714436,82315253862,436355122486
889.447670,10573056,43307241472,37.879,48.690,525093629,267118924011,82344857929,436552023314
889.822138,10576384,43320872960,36.402,48.685,525273892,267208067178,82372307801,436775523677
890.210411,10579712,43334504448,35.108,48.679,525462380,267306944245,82402445419,436996810422
890.601494,10583040,43348135936,34.856,48.673,525660015,267406801464,82432964222,437219166663
890.985566,10586368,43361767424,35.492,48.667,525843991,267502548483,82462475939,437441058190
891.392774,10589696,43375398912,33.476,48.660,526036137,267604021441,82493939396,437676256256
891.755073,10593024,43389030400,37.625,48.656,526211290,267685805459,82519008580,437900204393
892.127375,10596352,43402661888,36.614,48.651,526394814,267768440824,82544361701,438132490732
892.489049,10599680,43416293376,37.690,48.646,526562120,267849620375,82569321509,438356662661
892.844977,10603008,43429924864,38.298,48.642,526736009,267932008613,82594634260,438572896378
893.219153,10606336,43443556352,36.431,48.637,526912438,268018359487,82621267563,438800498311
893.586650,10609664,43457187840,37.093,48.632,527090765,268104572687,82647915552,439021750533
893.953275,10612992,43470819328,37.181,48.628,527278119,268190852498,82674443171,439242149755
894.316391,10616320,43484450816,37.540,48.623,527453762,268275926037,82700648434,439461113336
894.671853,10619648,43498082304,38.349,48.619,527630489,268358485041,82725909295,439676798146
895.025864,10622976,43511713792,38.506,48.615,527812631,268439958222,82751015811,439892789829
895.380764,10626304,43525345280,38.409,48.611,527986582,268524831788,82776921477,440104504602
895.743018,10629632,43538976768,37.630,48.607,528167097,268610043509,82803226893,440322355396
896.114265,10632960,43552608256,36.718,48.602,528350523,268700250546,82830925231,440540913031
896.480555,10636288,43566239744,37.215,48.597,528524563,268783592364,82856687155,440765821063
896.832980,10639616,43579871232,38.679,48.593,528699503,268865270392,82882085250,440979440578
897.201322,10642944,43593502720,37.008,48.588,528873249,268955201647,82909800819,441195300387
897.555988,10646272,43607134208,38.435,48.584,529063560,269039274624,82935827191,441407142330
897.926234,10649600,43620765696,36.817,48.579,529236635,269122926569,82961633762,441635516178
898.282737,10652928,43634397184,38.237,48.575,529409760,269209759474,82988402884,441844724688
898.647749,10656256,43648028672,37.345,48.571,529591995,269298034042,83015547574,442060383628
898.996967,10659584,43661660160,39.034,48.567,529778375,269383910264,83041788605,442264628040
899.349267,10662912,43675291648,38.693,48.563,529949246,269468551099,83067900852,442473528986
899.729444,10666240,43688923136,35.856,48.558,530125443,269552910905,83093749028,442711031702
900.126698,10669568,43702554624,34.314,48.552,530304979,269645167092,83122159343,442951843537
900.507268,10672896,43716186112,35.819,48.546,530469797,269727000220,83147319249,443193682006
900.894214,10676224,43729817600,35.228,48.540,530639882,269812255790,83173515013,443436178618
901.274163,10679552,43743449088,35.877,48.535,530807886,269893259407,83198356779,443678930778
901.603378,10682880,43757080576,41.406,48.533,530980774,269975586963,83223551573,443868900741
901.876168,10686208,43770712064,49.971,48.533,531150307,270056498929,83248404351,444004679052
902.150806,10689536,43784343552,49.634,48.533,531312133,270138114943,83273641596,444140864296
902.438371,10692864,43797975040,47.403,48.533,531484846,270221336805,83299223671,444287444638
902.719913,10696192,43811606528,48.417,48.533,531651454,270304246682,83324682802,444428611004
902.993266,10699520,43825238016,49.868,48.533,531827613,270388098936,83350349168,444560073234
903.270195,10702848,43838869504,49.224,48.534,531997375,270471188535,83376132589,444695910329
903.544436,10706176,43852500992,49.706,48.534,532186978,270556167245,83402146949,444826525779
903.832857,10709504,43866132480,47.262,48.533,532361094,270638274653,83427324839,444975836029
904.108608,10712832,43879763968,49.434,48.534,532535817,270722146866,83453259702,445109257320
904.380131,10716160,43893395456,50.204,48.534,532705162,270804386734,83478642159,445241300176
904.659327,10719488,43907026944,48.824,48.534,532877361,270891242302,83505254242,445373599547
904.923739,10722816,43920658432,51.554,48.535,533034783,270977972709,83532178295,445490645428
905.207190,10726144,43934289920,48.091,48.535,533184911,271064219781,83558731163,445627850136
905.491211,10729472,43947921408,47.995,48.535,533351516,271146670745,83584199539,445771970107
905.770141,10732800,43961552896,48.871,48.535,533516490,271227638013,83609260781,445913523665
906.053310,10736128,43975184384,48.139,48.535,533685607,271311286788,83635140222,446054691987
906.333537,10739456,43988815872,48.644,48.535,533939447,271392432573,83660130010,446197454164
906.615466,10742784,44002447360,48.351,48.535,534096580,271481614685,83687592457,446328497726
906.886823,10746112,44016078848,50.235,48.535,534235009,271569075079,83714792972,446451106761
907.163833,10749440,44029710336,49.209,48.536,534374486,271657710496,83742039703,446578060731
907.460692,10752768,44043341824,45.919,48.535,534529036,271749806870,83770480626,446718525571
907.737252,10756096,44056973312,49.289,48.535,534698320,271830390343,83795542345,446858177127
908.012795,10759424,44070604800,49.471,48.535,534857136,271918788664,83822649121,446984088203
908.288418,10762752,44084236288,49.457,48.536,535012983,272002147528,83848399995,447118119509
908.561060,10766080,44097867776,49.998,48.536,535186003,272085613051,83874171351,447248929088
908.846501,10769408,44111499264,47.756,48.536,535355302,272166953007,83899407511,447396148939
909.124485,10772736,44125130752,49.037,48.536,535521983,272251987668,83925386874,447530418563
909.400457,10776064,44138762240,49.395,48.536,535691187,272337874172,83951691312,447661101966
909.673228,10779392,44152393728,49.974,48.537,535877851,272420407948,83977192206,447793754374
909.940451,10782720,44166025216,51.012,48.537,536037620,272504993258,84003329371,447917645800
910.222036,10786048,44179656704,48.410,48.537,536201689,272590081754,84029492824,448054928467
910.505697,10789376,44193288192,48.056,48.537,536370861,272672596823,84054917201,448198655631
910.786514,10792704,44206919680,48.542,48.537,536539433,272754863021,84080231854,448340011628
911.065978,10796032,44220551168,48.777,48.537,536706496,272838475039,84106078302,448477394578
911.345672,10799360,44234182656,48.737,48.537,536874780,272921006174,84131549537,448617128702
911.619757,10802688,44247814144,49.735,48.538,537035396,273002094874,84156515401,448753796201
911.890002,10806016,44261445632,50.441,48.538,537269272,273084616314,84182042799,448883770857
912.170544,10809344,44275077120,48.590,48.538,537430238,273170377683,84208664382,449018680850
912.453889,10812672,44288708608,48.109,48.538,537605403,273253039433,84234090003,449162019123
912.740471,10816000,44302340096,47.566,48.538,537767877,273335250207,84259436494,449309039474
913.012416,10819328,44315971584,50.126,48.538,537935200,273416346476,84284531615,449443294226
913.285649,10822656,44329603072,49.889,48.539,538097108,273496316163,84309190527,449580993424
913.558265,10825984,44343234560,50.003,48.539,538265649,273579199129,84334662240,449713242675
913.842490,10829312,44356866048,47.960,48.539,538431856,273659786085,84359588244,449860636260
914.112978,10832640,44370497536,50.396,48.539,538598516,273741394421,84384733723,449992899720
914.386791,10835968,44384129024,49.784,48.540,538770353,273821980686,84409584046,450130108437
914.656247,10839296,44397760512,50.589,48.540,538933625,273902290766,84434490364,450263056268
914.925543,10842624,44411392000,50.619,48.541,539085633,273987265866,84460718332,450388171231
915.206327,10845952,44425023488,48.548,48.541,539235206,274073651745,84487485547,450522284584
915.488196,10849280,44438654976,48.361,48.541,539392265,274157606223,84513356514,450661786976
915.777748,10852608,44452286464,47.078,48.540,539539528,274249816327,84542014429,450794684386
916.062731,10855936,44465917952,47.833,48.540,539694865,274339352170,84569721514,450927767889
916.344190,10859264,44479549440,48.431,48.540,539863722,274421152700,84594799927,451070762318
916.616174,10862592,44493180928,50.119,48.541,540026773,274499977479,84619218705,451208992805
916.887114,10865920,44506812416,50.312,48.541,540192231,274581029758,84644222982,451342559633
917.163952,10869248,44520443904,49.240,48.541,540359295,274664991647,84670090490,451476914053
917.439261,10872576,44534075392,49.513,48.542,540523688,274745037855,84694815395,451616353147
917.727561,10875904,44547706880,47.282,48.541,540685691,274826606684,84719897133,451766363531
917.997786,10879232,44561338368,50.445,48.542,540851596,274908453330,84745032691,451897838504
918.271901,10882560,44574969856,49.729,48.542,541004940,274993045199,84770944989,452028682315
918.544972,10885888,44588601344,49.919,48.543,541170280,275075446219,84796318411,452162225476
918.827663,10889216,44602232832,48.221,48.543,541345685,275157117734,84821625543,452306350529
919.102054,10892544,44615864320,49.679,48.543,541514147,275237905512,84846432036,452443856439
919.377856,10895872,44629495808,49.425,48.543,541659017,275328578761,84874303009,452566104276
919.653028,10899200,44643127296,49.538,48.543,541797947,275417023667,84901685380,452691328696
919.921552,10902528,44656758784,50.765,48.544,541940354,275504814722,84928559666,452811367746
920.202538,10905856,44670390272,48.513,48.544,542115360,275588571717,84954343806,452950164010
920.487086,10909184,44684021760,47.906,48.544,542288042,275673779890,84980751229,453090062266
920.769918,10912512,44697653248,48.196,48.544,542446626,275759453517,85007166913,453227733635
921.051940,10915840,44711284736,48.335,48.544,542614778,275842787590,85032858570,453368348011
921.331926,10919168,44724916224,48.686,48.544,542789878,275924832249,85058064389,453509359672
921.615040,10922496,44738547712,48.148,48.544,542948546,276012013240,85084980466,453644555093
921.883766,10925824,44752179200,50.726,48.544,543114452,276094176749,85110310793,453774012218
922.159656,10929152,44765810688,49.409,48.545,543327927,276177434252,85136067161,453908571010
922.447852,10932480,44779442176,47.299,48.544,543497124,276259223295,85161241223,454058059618
922.732023,10935808,44793073664,47.969,48.544,543679776,276342471891,85186985317,454201060522
923.005473,10939136,44806705152,49.850,48.544,543841022,276424733408,85212420828,454334937022
923.277517,10942464,44820336640,50.108,48.545,544008346,276506531458,85237602544,454468196448
923.550139,10945792,44833968128,50.001,48.545,544172658,276587899356,85262748903,454602701730
923.836841,10949120,44847599616,47.546,48.545,544342329,276670700942,85288248647,454748957692
924.113449,10952448,44861231104,49.281,48.545,544506643,276754954540,85314209394,454882698711
924.383924,10955776,44874862592,50.398,48.546,544676593,276836681208,85339465873,455014400675
924.657089,10959104,44888494080,49.902,48.546,544843356,276918780294,85364953717,455148133409
924.921202,10962432,44902125568,51.612,48.547,545011887,277000940983,85390280306,455272962228
925.201395,10965760,44915757056,48.650,48.547,545168617,277086013704,85416454138,455408924982
925.493757,10969088,44929388544,46.625,48.546,545315593,277178378109,85444957744,455544625627
925.782683,10972416,44943020032,47.180,48.546,545469042,277268681458,85473032204,455680234518
926.068324,10975744,44956651520,47.723,48.546,545624686,277356682955,85500251877,455816572237
926.348255,10979072,44970283008,48.696,48.546,545790352,277439963226,85525982983,455955303356
926.629477,10982400,44983914496,48.472,48.546,545960562,277523958830,85551749482,456094508753
926.896847,10985728,44997545984,50.984,48.546,546126450,277603646812,85576233819,456226804838
927.169596,10989056,45011177472,49.978,48.547,546291748,277686822924,85601992173,456358156976
927.456356,10992384,45024808960,47.536,48.547,546451155,277774580746,85628723875,456496928339
927.745534,10995712,45038440448,47.139,48.546,546622229,277855759468,85653762004,456648586286
928.018377,10999040,45052071936,49.961,48.547,546783327,277939179156,85679529475,456779988003
928.293732,11002368,45065703424,49.505,48.547,546957002,278021792073,85704906651,456915376223
928.568061,11005696,45079334912,49.690,48.547,547122151,278106471280,85730994364,457046130201
928.853937,11009024,45092966400,47.683,48.547,547283319,278191587403,85757198542,457187538852
929.131944,11012352,45106597888,49.033,48.547,547447942,278273410094,85782337076,457326906431
929.407999,11015680,45120229376,49.380,48.547,547619395,278355195609,85807630233,457464065702
929.680656,11019008,45133860864,49.995,48.548,547778704,278437867897,85832984500,457596748807
929.949133,11022336,45147492352,50.773,48.548,547944148,278520123094,85858549040,457725495540
930.226783,11025664,45161123840,49.096,48.549,548106604,278603430258,85884289910,457861718387
930.509523,11028992,45174755328,48.212,48.548,548269896,278686256797,85909616854,458004117976
930.791190,11032320,45188386816,48.396,48.548,548438700,278770197496,85935323699,458143596399
931.071532,11035648,45202018304,48.624,48.548,548604642,278854608952,85961357726,458280725400
931.359558,11038976,45215649792,47.327,48.548,548774463,278939110156,85987478601,458425544162
931.636750,11042304,45229281280,49.177,48.548,548947228,279022481294,86013165952,458561464173
931.906390,11045632,45242912768,50.554,48.549,549113674,279106040196,86038777881,458689790300
932.182172,11048960,45256544256,49.429,48.549,549286118,279188987941,86064274127,458824970824
932.465669,11052288,45270175744,48.083,48.549,549457170,279272997663,86090096728,458966172532
932.761511,11055616,45283807232,46.077,48.548,549629814,279355989849,86115519440,459121518557
933.036205,11058944,45297438720,49.624,48.548,549804738,279440275584,86141290114,459253643259
933.311082,11062272,45311070208,49.591,48.549,549976225,279522694038,86166877580,459388683953
933.585097,11065600,45324701696,49.747,48.549,550134952,279604057066,86192037765,459524629616
933.870291,11068928,45338333184,47.797,48.549,550305787,279687352469,86217511466,459669191748
934.153688,11072256,45351964672,48.100,48.549,550541432,279771024473,86243538905,459810094333
934.427657,11075584,45365596160,49.756,48.549,550692727,279860606085,86271159898,459932176944
934.706748,11078912,45379227648,48.843,48.549,550845253,279949985304,86298995153,460059220709
934.974282,11082240,45392859136,50.952,48.550,550985100,280038555951,86326458764,460176384567
935.254687,11085568,45406490624,48.614,48.550,551146590,280125562698,86353342830,460309188936
935.540288,11088896,45420122112,47.729,48.550,551308766,280211300513,86379852416,460449200779
935.819822,11092224,45433753600,48.765,48.550,551470549,280293820162,86405132284,460589067302
936.105270,11095552,45447385088,47.755,48.549,551629123,280379888499,86431508817,460728937070
936.387260,11098880,45461016576,48.340,48.549,551794129,280462804894,86457136084,460870217201
936.668785,11102208,45474648064,48.420,48.549,551961425,280544038541,86482207806,461014003382
936.937563,11105536,45488279552,50.717,48.550,552129135,280625440949,86507271248,461144764506
937.208107,11108864,45501911040,50.385,48.550,552295177,280707914692,86532626390,461275356536
937.495660,11112192,45515542528,47.405,48.550,552456513,280789979733,86557937607,461423691991
937.775248,11115520,45529174016,48.756,48.550,552623071,280870974438,86582855214,461565953926
938.047753,11118848,45542805504,50.023,48.551,552791052,280953325674,86608242126,461698821288
938.320012,11122176,45556436992,50.068,48.551,552938708,281039242906,86634783337,461825036652
938.598015,11125504,45570068480,49.034,48.551,553082557,281130085592,86662895614,461948786076
938.885195,11128832,45583699968,47.467,48.551,553237569,281215447578,86689409956,462090903346
939.162562,11132160,45597331456,49.146,48.551,553399682,281297001648,86714589757,462229825133
939.435868,11135488,45610962944,49.876,48.551,553566233,281377560055,86739545411,462366434653
939.707377,11138816,45624594432,50.206,48.552,553750217,281459785960,86764759508,462498786446
939.973679,11142144,45638225920,51.188,48.553,553896868,281547216762,86791792334,462616689124
940.256341,11145472,45651857408,48.225,48.553,554053955,281636991563,86819464383,462747286059
940.544142,11148800,45665488896,47.364,48.552,554222220,281720163080,86844893938,462894495181
940.824653,11152128,45679120384,48.595,48.552,554393985,281802109185,86870010060,463036264954
941.105198,11155456,45692751872,48.589,48.552,554567835,281883953273,86895163017,463178106173
941.385080,11158784,45706383360,48.704,48.552,554746205,281965569764,86920384995,463319626791
941.664108,11162112,45720014848,48.854,48.552,554907830,282046231312,86945312556,463461628450
941.933064,11165440,45733646336,50.683,48.553,555075955,282129702858,86971176604,463588920934
942.209965,11168768,45747277824,49.229,48.553,555230392,282214217860,86997619371,463722230715
942.495807,11172096,45760909312,47.689,48.553,555375907,282305889653,87025858047,463852596147
942.786952,11175424,45774540800,46.820,48.552,555526344,282392053970,87052526999,463997414216
943.064925,11178752,45788172288,49.039,48.553,555668203,282482266894,87080268171,464122464221
943.340241,11182080,45801803776,49.512,48.553,555832940,282566634553,87106288713,464254662883
943.612409,11185408,45815435264,50.085,48.553,555993832,282649314293,87131677765,464386606998
943.891776,11188736,45829066752,48.794,48.553,556164050,282732420149,87157380185,464525035222
944.171279,11192064,45842698240,48.771,48.553,556336254,282816494363,87183284207,464662117860
944.443857,11195392,45856329728,50.009,48.554,556498696,282899017280,87208734050,464794472430
944.716735,11198720,45869961216,49.954,48.554,556660577,282982965493,87234441321,464925313180
944.984280,11202048,45883592704,50.950,48.555,556832855,283065598965,87259873198,465052470911
945.253660,11205376,45897224192,50.603,48.555,557001292,283147005548,87284855483,465184080916
945.535733,11208704,45910855680,48.326,48.555,557170160,283228914871,87310222829,465327223309
945.813026,11212032,45924487168,49.159,48.556,557349268,283311074010,87335359914,465465490976
946.092445,11215360,45938118656,48.785,48.556,557503072,283396552380,87361626789,465599966015
946.376652,11218688,45951750144,47.963,48.555,557673311,283479860643,87387225340,465743176552
946.651377,11222016,45965381632,49.619,48.556,557845159,283561627929,87412362182,465879408060
946.925527,11225344,45979013120,49.723,48.556,557990179,283651000430,87440025291,466001721380
947.200421,11228672,45992644608,49.588,48.556,558140321,283737868743,87466751505,466129611216
947.478648,11232000,46006276096,48.994,48.557,558306873,283819026015,87491753751,466270184767
947.764319,11235328,46019907584,47.717,48.556,558472063,283899841583,87516611328,466419093412
948.039422,11238656,46033539072,49.550,48.557,558636908,283984921663,87542681952,466550232994
948.314532,11241984,46047170560,49.549,48.557,558803215,284068336920,87568392215,466683802037
948.586033,11245312,46060802048,50.208,48.557,558965938,284149763786,87593326651,466817619076
948.864693,11248640,46074433536,48.918,48.557,559143306,284231581789,87618452768,466957897016
949.146085,11251968,46088065024,48.443,48.557,559304071,284313175969,87643558712,467101169133
949.416492,11255296,46101696512,50.411,48.558,559447270,284401207633,87670804990,467222197642
949.692945,11258624,46115328000,49.309,48.558,559599746,284489915562,87698279161,467348009155
949.960242,11261952,46128959488,50.997,48.559,559736352,284576980849,87725184021,467467645884
950.232986,11265280,46142590976,49.979,48.559,559874931,284664931607,87752504168,467590914330
950.528559,11268608,46156222464,46.119,48.558,560041595,284751081860,87779224977,467739952212
950.806187,11271936,46169853952,49.100,48.559,560216668,284835928183,87805592313,467873337881
951.082930,11275264,46183485440,49.257,48.559,560380066,284919008028,87831027050,468009619957
951.371436,11278592,46197116928,47.248,48.558,560534165,285009659942,87858761994,468144824805
951.659077,11281920,46210748416,47.391,48.558,560680101,285102485952,87887436593,468275100506
951.934902,11285248,46224379904,49.421,48.558,560847641,285187857526,87913752955,468406336665
952.209539,11288576,46238011392,49.634,48.559,560990261,285277986757,87941563500,468528305917
952.499461,11291904,46251642880,47.018,48.558,561160842,285361949573,87967453683,468676029649
952.782201,11295232,46265274368,48.212,48.558,561332554,285443837831,87992603265,468820129625
953.058780,11298560,46278905856,49.286,48.558,561497272,285526473259,88018186291,468956467603
953.334602,11301888,46292537344,49.421,48.559,561659178,285615519338,88045725469,469081315555
953.607179,11305216,46306168832,50.010,48.559,561820501,285699360936,88071523534,469211670032
953.889926,11308544,46319800320,48.211,48.559,561985333,285782192303,88096942246,469354371219
954.168021,11311872,46333431808,49.017,48.559,562152554,285864177405,88122112990,469493639631
954.441472,11315200,46347063296,49.850,48.559,562306633,285947141795,88147776082,469626336176
954.713256,11318528,46360694784,50.156,48.560,562477119,286029651058,88173238776,469758082399
954.977589,11321856,46374326272,51.569,48.561,562640047,286111325774,88198446598,469883734627
955.250905,11325184,46387957760,49.874,48.561,562812544,286193295421,88223683324,470018290563
955.532695,11328512,46401589248,48.375,48.561,562976391,286275621119,88249042844,470160485410
955.811420,11331840,46415220736,48.907,48.561,563140005,286357318323,88274220142,470300774258
956.095115,11335168,46428852224,48.050,48.561,563285592,286447885071,88302233586,470430743066
956.374564,11338496,46442483712,48.780,48.561,563433378,286532170510,88328308420,470567005917
956.655418,11341824,46456115200,48.536,48.561,563601767,286614326093,88353621548,470708639670
956.928946,11345152,46469746688,49.836,48.561,563766709,286701528897,88380396773,470834646902
957.204565,11348480,46483378176,49.458,48.562,563907917,286790777025,88407900866,470958888116
957.487702,11351808,46497009664,48.145,48.561,564065887,286877816517,88434848462,471094366003
957.777752,11355136,46510641152,46.997,48.561,564237984,286960689516,88460289731,471244119250
958.047435,11358464,46524272640,50.546,48.562,564406631,287042208066,88485506595,471375436277
958.317305,11361792,46537904128,50.511,48.562,564582588,287121820257,88510129443,471510181797
958.591946,11365120,46551535616,49.634,48.562,564749913,287204725152,88535648099,471644237637
958.868861,11368448,46565167104,49.226,48.563,564918867,287286820895,88561014928,471781932979
959.148478,11371776,46578798592,48.751,48.563,565091937,287368767542,88586236477,471922632671
959.420970,11375104,46592430080,50.025,48.563,565258675,287450617798,88611550660,472056158811
959.695228,11378432,46606061568,49.703,48.563,565413294,287538837716,88638727674,472180769659
959.966577,11381760,46619693056,50.236,48.564,565553432,287627192653,88666277007,472301678185
960.236841,11385088,46633324544,50.438,48.564,565691919,287715474208,88693666299,472422067081
960.528917,11388416,46646956032,46.671,48.564,565850663,287804736394,88721001966,472563182014
960.806371,11391744,46660587520,49.131,48.564,566015706,287885948751,88746176156,472702756233
961.086105,11395072,46674219008,48.730,48.564,566181119,287969265484,88771927776,472841172535
961.366070,11398400,46687850496,48.690,48.564,566352712,288051505951,88797225237,472981803167
961.652015,11401728,46701481984,47.672,48.564,566498756,288142818381,88825366446,473112800270
961.927170,11405056,46715113472,49.541,48.564,566641444,288232463692,88853177810,473235639284
962.203536,11408384,46728744960,49.324,48.564,566782532,288321597724,88880953008,473360221600
962.488272,11411712,46742376448,47.874,48.564,566935144,288409911326,88908395875,473494931463
962.786187,11415040,46756007936,45.756,48.563,567103222,288496998262,88935073273,473645601516
963.057134,11418368,46769639424,50.311,48.564,567248993,288585349110,88962129943,473767143652
963.335750,11421696,46783270912,48.926,48.564,567391694,288675976770,88990243113,473891974667
963.611760,11425024,46796902400,49.388,48.564,567546757,288761555455,89016563200,474023097642
963.890002,11428352,46810533888,48.991,48.564,567689684,288846925473,89042844265,474156428176
964.177037,11431680,46824165376,47.491,48.564,567857831,288930162186,89068386076,474302899491
964.453372,11435008,46837796864,49.329,48.564,568000290,289019773389,89096192446,474427009758
964.730406,11438336,46851428352,49.205,48.564,568162617,289104224318,89122390908,474560684762
964.996386,11441664,46865059840,51.250,48.565,568337497,289186062476,89147718004,474687770026
965.266659,11444992,46878691328,50.436,48.566,568477028,289274165534,89174979258,474808547131
965.559924,11448320,46892322816,46.482,48.565,568642588,289358439778,89201126445,474958639827
965.837037,11451648,46905954304,49.191,48.565,568811630,289443163972,89227252904,475092113307
966.118733,11454976,46919585792,48.391,48.565,568965456,289529758200,89254044228,475226701995
966.407466,11458304,46933217280,47.211,48.565,569128025,289621137490,89282300270,475360334249
966.694722,11461632,46946848768,47.454,48.564,569280511,289711613281,89310389923,475493833847
966.969128,11464960,46960480256,49.676,48.565,569459393,289798831509,89337329437,475620343697
967.242582,11468288,46974111744,49.849,48.565,569599612,289888396643,89364866202,475742035834
967.532010,11471616,46987743232,47.098,48.565,569767632,289979963091,89393091328,475876273447
967.831921,11474944,47001374720,45.452,48.564,569981789,290063280605,89418642765,476035117878
968.104113,11478272,47015006208,50.081,48.564,570160254,290146406063,89444202730,476166334920
968.380909,11481600,47028637696,49.247,48.564,570327440,290230486019,89470108105,476300646105
968.654691,11484928,47042269184,49.790,48.565,570500813,290313105106,89495597502,476434419594
968.933664,11488256,47055900672,48.863,48.565,570664107,290396382967,89521261525,476572288446
969.219300,11491584,47069532160,47.723,48.564,570828812,290480659251,89547306745,476714878647
969.497207,11494912,47083163648,49.051,48.565,570971876,290571455341,89575441237,476838537703
969.772788,11498240,47096795136,49.464,48.565,571110755,290660094114,89602909199,476963522638
970.041708,11501568,47110426624,50.690,48.565,571252003,290748641976,89630310793,477082202818
970.313319,11504896,47124058112,50.187,48.566,571404807,290834137352,89656507062,477209074298
970.597885,11508224,47137689600,47.903,48.566,571564585,290915444027,89681576373,477355817681
970.882210,11511552,47151321088,47.943,48.565,571731423,290997646413,89706899894,477500736000
971.160537,11514880,47164952576,48.977,48.566,571904197,291080938650,89732643264,477637744041
971.442758,11518208,47178584064,48.301,48.565,572103429,291165867348,89758719069,477776205841
971.728162,11521536,47192215552,47.762,48.565,572284429,291247839707,89784056066,477922602690
972.001687,11524864,47205847040,49.836,48.566,572451997,291331113867,89809634153,478054864339
972.276760,11528192,47219478528,49.556,48.566,572620233,291414327780,89835247232,478188703171
972.555562,11531520,47233110016,48.893,48.566,572789002,291496302519,89860518699,478328460639
972.841649,11534848,47246741504,47.648,48.566,572954425,291578257711,89885822582,478475462457
973.121693,11538176,47260372992,48.676,48.566,573127422,291658693582,89910667587,478618750284
973.395358,11541504,47274004480,49.811,48.566,573298921,291741367939,89936233987,478752114744
973.668826,11544832,47287635968,49.847,48.566,573464875,291822429340,89961217901,478888177314
973.947264,11548160,47301267456,48.957,48.567,573639230,291905381278,89986806885,479025822495
974.227129,11551488,47314898944,48.707,48.567,573806354,291987363567,90012058108,479166549664
974.499658,11554816,47328530432,50.018,48.567,573975754,292069107286,90037492505,479300044491
974.770337,11558144,47342161920,50.360,48.568,574141495,292149793019,90062365888,479433905834
975.039405,11561472,47355793408,50.662,48.568,574308017,292231909301,90087674408,479563800259
975.306920,11564800,47369424896,50.956,48.569,574474148,292314585703,90113202464,479691022369
975.592736,11568128,47383056384,47.693,48.568,574642133,292398628897,90139076682,479834441345
975.875348,11571456,47396687872,48.234,48.568,574818873,292484420234,90165470096,479971524745
976.156682,11574784,47410319360,48.453,48.568,574985085,292566469102,90190850210,480113486061
976.437577,11578112,47423950848,48.529,48.568,575155838,292647816944,90215759695,480256685232
976.715254,11581440,47437582336,49.091,48.568,575331678,292729836929,90241021082,480395135437
976.984081,11584768,47451213824,50.707,48.569,575496679,292811826658,90266068752,480525253549
977.260695,11588096,47464845312,49.280,48.569,575639784,292901635129,90293895188,480649300326
977.545987,11591424,47478476800,47.781,48.569,575798763,292989919971,90321053002,480785122337
977.834233,11594752,47492108288,47.291,48.569,575969357,293070966308,90346101104,480935941575
978.106256,11598080,47505739776,50.112,48.569,576115834,293159374840,90373450449,481057998050
978.382394,11601408,47519371264,49.365,48.569,576256886,293249100007,90401289144,481181874425
978.667051,11604736,47533002752,47.888,48.569,576403196,293342003917,90430087098,481308821797
978.949526,11608064,47546634240,48.257,48.569,576555579,293432670367,90457842013,481438076603
979.239162,11611392,47560265728,47.064,48.569,576737196,293516473330,90483601412,481585872113
979.509436,11614720,47573897216,50.436,48.569,576904395,293599608173,90509210013,481715031825
979.782743,11618048,47587528704,49.876,48.569,577061959,293685916044,90535978428,481841507412
980.051312,11621376,47601160192,50.756,48.570,577196862,293772281398,90562798075,481963349134
980.321833,11624704,47614791680,50.390,48.571,577335559,293860629754,90590178086,482083864738
980.611442,11628032,47628423168,47.069,48.570,577498900,293943571345,90615653887,482232831602
980.888602,11631360,47642054656,49.183,48.570,577657544,294028530543,90642063771,482365642887
981.175610,11634688,47655686144,47.495,48.570,577804922,294119275096,90670129895,482498606316
981.458798,11638016,47669317632,48.136,48.570,577967217,294201350507,90695494297,482642545237
981.741222,11641344,47682949120,48.266,48.570,578138782,294287117963,90721835784,482779683334
982.018698,11644672,47696580608,49.127,48.570,578294391,294373358790,90748546209,482910872762
982.290217,11648000,47710212096,50.204,48.570,578469408,294456443253,90774084065,483041683278
982.567308,11651328,47723843584,49.195,48.571,578635884,294539041586,90799462189,483178756618
982.861146,11654656,47737475072,46.391,48.570,578808477,294622165071,90825028729,483331888757
983.138663,11657984,47751106560,49.119,48.570,578984318,294705655293,90850607494,483467846059
983.416231,11661312,47764738048,49.110,48.570,579152387,294788482691,90876221719,483604965927
983.686420,11664640,47778369536,50.452,48.571,579323120,294869320379,90901241411,483737891631
983.967878,11667968,47792001024,48.432,48.571,579479644,294959524214,90929061127,483866417895
984.255998,11671296,47805632512,47.312,48.570,579634928,295042617112,90954475638,484014310456
984.524546,11674624,47819264000,50.760,48.571,579800565,295124483863,90979848206,484143862539
984.795188,11677952,47832895488,50.367,48.571,579956398,295204667326,91004623703,484278490051
985.063211,11681280,47846526976,50.859,48.572,580113234,295286675889,91030022760,484407292947
985.331928,11684608,47860158464,50.728,48.573,580280211,295370580859,91055882898,484533570135
985.617222,11687936,47873789952,47.781,48.572,580441685,295455764891,91082125254,484674416801
985.894015,11691264,47887421440,49.248,48.573,580600630,295539410259,91107807078,484809591852
986.175927,11694592,47901052928,48.354,48.573,580772882,295621810236,91133196493,484951613722
986.452954,11697920,47914684416,49.206,48.573,580940075,295703007637,91158163270,485091144835
986.735074,11701248,47928315904,48.318,48.573,581110724,295786374552,91183894507,485231780886
987.011420,11704576,47941947392,49.328,48.573,581281683,295869774907,91209520033,485366605151
987.284942,11707904,47955578880,49.837,48.573,581460239,295953435630,91235426337,485498283613
987.564015,11711232,47969210368,48.846,48.573,581624432,296034587221,91260330569,485639932302
987.843547,11714560,47982841856,48.765,48.573,581785492,296115451305,91285245700,485782348252
988.122175,11717888,47996473344,48.924,48.573,581955255,296196708563,91310324526,485923265906
988.393655,11721216,48010104832,50.212,48.574,582123752,296278172560,91335401041,486056464555
988.668554,11724544,48023736320,49.587,48.574,582294511,296360479570,91360857475,486191627957
988.943560,11727872,48037367808,49.568,48.574,582456529,296442643186,91386191850,486327175966
989.226884,11731200,48050999296,48.113,48.574,582624931,296523381454,91411137100,486473563469
989.498515,11734528,48064630784,50.184,48.575,582800334,296605356048,91436434810,486606151267
989.769890,11737856,48078262272,50.231,48.575,582963066,296687327643,91461798497,486738421863
990.039134,11741184,48091893760,50.629,48.576,583131820,296768625896,91486921845,486869809156
990.307725,11744512,48105525248,50.752,48.576,583295014,296850865465,91512241180,486999030469
990.590085,11747840,48119156736,48.277,48.576,583466497,296931468910,91537074085,487144785612
990.869648,11751168,48132788224,48.760,48.576,583638176,297014741037,91562831828,487282929706
991.152885,11754496,48146419712,48.128,48.576,583796425,297100684960,91589250886,487420450729
991.437884,11757824,48160051200,47.830,48.576,583956218,297188276583,91616274743,487556782421
991.718748,11761152,48173682688,48.534,48.576,584127684,297272230066,91642130643,487695366351
991.991458,11764480,48187314176,49.985,48.576,584290062,297356535040,91668048221,487825340389
992.266461,11767808,48200945664,49.569,48.577,584455589,297438031254,91693362404,487961927463
992.542677,11771136,48214577152,49.351,48.577,584617547,297519897829,91718581763,488099201280
992.829460,11774464,48228208640,47.532,48.577,584779529,297602156285,91743882627,488246732819
993.102606,11777792,48241840128,49.905,48.577,584943510,297685959797,91769664398,488377976540
993.376197,11781120,48255471616,49.824,48.577,585103647,297769788808,91795576721,488509187366
993.651242,11784448,48269103104,49.561,48.578,585269170,297851907381,91820783613,488645135049
993.926541,11787776,48282734592,49.515,48.578,585435651,297934321272,91846187087,488780812167
994.213346,11791104,48296366080,47.529,48.577,585599599,298017054376,91871659284,488927308003
994.483564,11794432,48309997568,50.446,48.578,585766286,298098543144,91896733221,489059443508
994.753155,11797760,48323629056,50.564,48.579,585933419,298179541901,91921794663,489191461671
995.026469,11801088,48337260544,49.875,48.579,586101496,298260966901,91946828649,489326753759
995.293993,11804416,48350892032,50.954,48.580,586267774,298342535478,91972145833,489455878243
995.580258,11807744,48364523520,47.618,48.579,586509937,298425532406,91997838468,489601299376
995.856411,11811072,48378155008,49.362,48.579,586684824,298507966715,92023188045,489737699929
996.135577,11814400,48391786496,48.829,48.580,586863273,298591511740,92049033184,489875035808
996.421201,11817728,48405417984,47.725,48.579,587025752,298676973195,92075224678,490015932634
996.700460,11821056,48419049472,48.813,48.579,587199936,298758036970,92100045027,490157896137
996.976791,11824384,48432680960,49.330,48.580,587376443,298842072145,92126304223,490291583841
997.246570,11827712,48446312448,50.528,48.580,587540729,298924674404,92151669182,490421110497
997.520317,11831040,48459943936,49.796,48.580,587706195,299005265852,92176515002,490558165042
997.806840,11834368,48473575424,47.575,48.580,587883096,299087361990,92201871828,490705451127
998.082278,11837696,48487206912,49.490,48.580,588050345,299169333596,92227112274,490841757445
998.354333,11841024,48500838400,50.106,48.581,588218930,299251192439,92252436387,490974668468
998.626786,11844352,48514469888,50.032,48.581,588386131,299332630804,92277345554,491109197205
998.902519,11847680,48528101376,49.437,48.581,588568382,299416377699,92303267725,491242701257
999.188029,11851008,48541732864,47.744,48.581,588733219,299498016437,92328601806,491389585382
999.456070,11854336,48555364352,50.856,48.582,588893812,299581038129,92354124088,491516967916
999.728391,11857664,48568995840,50.057,48.582,589067488,299663530107,92379530123,491649461520
999.993570,11860992,48582627328,51.405,48.583,589231120,299744353961,92404454579,491777401089
1000.260371,11864320,48596258816,51.092,48.584,589402294,299825518163,92429589726,491906428279
1000.546175,11867648,48609890304,47.695,48.583,589569461,299906776487,92454630123,492054415592
1000.823026,11870976,48623521792,49.238,48.584,589733617,299987828045,92479638738,492193847614
1001.107472,11874304,48637153280,47.923,48.583,589899822,300070738321,92505117057,492337864808
1001.380261,11877632,48650784768,49.971,48.584,590053821,300154250623,92530873635,492469232816
1001.660770,11880960,48664416256,48.595,48.584,590215453,300238498124,92556736108,492607272081
1001.935329,11884288,48678047744,49.649,48.584,590377700,300321216350,92582310786,492741488478
1002.205498,11887616,48691679232,50.455,48.585,590544568,300402674550,92607208549,492873646284
1002.484945,11890944,48705310720,48.780,48.585,590713149,300486836376,92633037627,493010584806
1002.763605,11894272,48718942208,48.918,48.585,590883135,300567829749,92658143068,493151845620
1003.046422,11897600,48732573696,48.199,48.585,591049277,300649610434,92683337971,493296057799
1003.319990,11900928,48746205184,49.829,48.585,591218180,300732858482,92709063558,493428223479
1003.593818,11904256,48759836672,49.781,48.585,591384291,300815397066,92734459500,493562032558
1003.866719,11907584,48773468160,49.950,48.586,591554253,300897515224,92759613685,493696087559
1004.151661,11910912,48787099648,47.839,48.585,591711950,300980397100,92785175130,493840523628
1004.420934,11914240,48800731136,50.623,48.586,591874532,301064510666,92810877761,493967738250
1004.694681,11917568,48814362624,49.796,48.586,592042226,301147096027,92836377679,494101289065
1004.964478,11920896,48827994112,50.525,48.587,592231042,301230309419,92861891363,494230141375
1005.237288,11924224,48841625600,49.967,48.587,592398397,301314545109,92887850925,494360190891
1005.525260,11927552,48855257088,47.336,48.587,592557986,301402493511,92914781795,494499911011
1005.802926,11930880,48868888576,49.093,48.587,592726151,301484351501,92939905589,494639117438
1006.084443,11934208,48882520064,48.422,48.587,592904158,301567489384,92965483313,494779533026
1006.362957,11937536,48896151552,48.944,48.587,593076045,301649794530,92990854196,494918352302
1006.642079,11940864,48909783040,48.837,48.587,593242871,301730980640,93015906219,495059611084
1006.913805,11944192,48923414528,50.166,48.587,593415486,301812522846,93040998568,495193044925
1007.184393,11947520,48937046016,50.377,48.588,593589866,301894188449,93066218176,495324968298
1007.464631,11950848,48950677504,48.643,48.588,593747038,301983977982,93093963397,495452795983
1007.751490,11954176,48964308992,47.520,48.588,593909159,302066098758,93119208548,495600499214
1008.033305,11957504,48977940480,48.370,48.588,594059122,302155006550,93146563013,495731640810
1008.307088,11960832,48991571968,49.789,48.588,594199682,302244277590,93174046249,495854256094
1008.589048,11964160,49005203456,48.345,48.588,594344432,302335663062,93202245830,495981318689
1008.865412,11967488,49018834944,49.324,48.588,594488014,302426239571,93230198907,496104173427
1009.164444,11970816,49032466432,45.585,48.587,594702414,302516936946,93258300614,496249220799
1009.437676,11974144,49046097920,49.890,48.588,594843485,302606561489,93285642529,496371080892
1009.715323,11977472,49059729408,49.096,48.588,594986484,302697435291,93313786540,496494383535
1009.986646,11980800,49073360896,50.241,48.588,595124349,302785165972,93340817984,496616977445
1010.254297,11984128,49086992384,50.930,48.589,595266170,302873063004,93367778467,496735948773
1010.547565,11987456,49100623872,46.481,48.588,595450527,302961475437,93395153274,496879143898
1010.824324,11990784,49114255360,49.254,48.588,595628169,303044101518,93420517554,497016054559
1011.105980,11994112,49127886848,48.398,48.588,595778141,303133133891,93447659110,497147454921
1011.392979,11997440,49141518336,47.497,48.588,595923591,303223148212,93475432331,497281630797
1011.674881,12000768,49155149824,48.355,48.588,596146349,303306738833,93501171590,497421800536
1011.951145,12004096,49168781312,49.342,48.588,596335253,303390697011,93527076851,497555671535
1012.220726,12007424,49182412800,50.565,48.589,596502831,303472104892,93552082478,497687145493
1012.503884,12010752,49196044288,48.141,48.588,596651208,303564211799,93580667030,497813795870
1012.795402,12014080,49209675776,46.760,48.588,596821685,303646938072,93606065575,497965203212
1013.075757,12017408,49223307264,48.622,48.588,596989876,303729637049,93631550155,498105468536
1013.350506,12020736,49236938752,49.614,48.588,597190161,303813703727,93657506709,498237310403
1013.622178,12024064,49250570240,50.176,48.589,597365894,303894627078,93682356533,498371850723
1013.890799,12027392,49264201728,50.746,48.589,597529918,303976125513,93707418626,498502250381
1014.179457,12030720,49277833216,47.224,48.589,597696984,304057762348,93732622428,498652219569
1014.453450,12034048,49291464704,49.751,48.589,597847407,304146562519,93760157954,498775276180
1014.729257,12037376,49305096192,49.424,48.589,598001554,304231075209,93786194173,498907570553
1015.000787,12040704,49318727680,50.202,48.590,598171221,304313884555,93811594114,499038973206
1015.266095,12044032,49332359168,51.380,48.591,598333678,304396005684,93836815048,499165216865
1015.548426,12047360,49345990656,48.282,48.590,598499701,304477221940,93861785477,499309877318
1015.827922,12050688,49359622144,48.772,48.591,598668809,304557708474,93886564652,499452939588
1016.109957,12054016,49373253632,48.333,48.590,598830062,304641400163,93912312211,499593157879
1016.395260,12057344,49386885120,47.779,48.590,598993992,304731047211,93940055416,499726102526
1016.674896,12060672,49400516608,48.747,48.590,599161755,304813041633,93965481453,499866420443
1016.948383,12064000,49414148096,49.843,48.591,599330536,304894650305,93990750761,500001304335
1017.218212,12067328,49427779584,50.519,48.591,599496452,304977244550,94016157757,500131112819
1017.497222,12070656,49441411072,48.857,48.591,599665754,305059219898,94041452930,500271125061
1017.775134,12073984,49455042560,49.050,48.591,599834642,305140197900,94066398737,500411738183
1018.062000,12077312,49468674048,47.519,48.591,599996232,305223230561,94092246425,500557692281
1018.336876,12080640,49482305536,49.591,48.591,600149101,305309599042,94118956469,500686091060
1018.621107,12083968,49495937024,47.959,48.591,600299177,305402393368,94147664909,500812616023
1018.899685,12087296,49509568512,48.932,48.591,600440652,305492844650,94175722064,500937694255
1019.186069,12090624,49523200000,47.599,48.591,600606232,305573569021,94200564008,501087317582
1019.459009,12093952,49536831488,49.943,48.591,600770834,305656931849,94226265091,501218910789
1019.730076,12097280,49550462976,50.288,48.592,600945679,305738758941,94251535074,501350995001
1020.002484,12100608,49564094464,50.041,48.592,601096891,305826075767,94278532955,501475282116
1020.269769,12103936,49577725952,51.000,48.593,601255938,305908698726,94304207123,501602215812
1020.554861,12107264,49591357440,47.814,48.593,601408657,305995632746,94330875806,501739751690
1020.838295,12110592,49604988928,48.094,48.592,601579446,306079539333,94356665594,501881195036
1021.122937,12113920,49618620416,47.890,48.592,601748585,306162972342,94382229902,502024479248
1021.406228,12117248,49632251904,48.118,48.592,601916598,306249698978,94408919516,502160720068
1021.688246,12120576,49645883392,48.336,48.592,602089861,306332417096,94434482281,502302173083
1021.963129,12123904,49659514880,49.590,48.592,602262923,306415624658,94460146149,502436115683
1022.236031,12127232,49673146368,49.950,48.593,602434487,306500164601,94486270931,502565560203
1022.514181,12130560,49686777856,49.008,48.593,602593161,306582166252,94511497702,502704729829
1022.792002,12133888,49700409344,49.066,48.593,602763053,306663285640,94536570499,502844919779
1023.080911,12137216,49714040832,47.183,48.592,602931088,306747890043,94562639501,502990459134
1023.352122,12140544,49727672320,50.262,48.593,603090578,306833392272,94588991835,503116849060
1023.634715,12143872,49741303808,48.237,48.593,603233129,306923891000,94617017161,503245594592
1023.910447,12147200,49754935296,49.437,48.593,603400285,307009020286,94643312730,503376854708
1024.204404,12150528,49768566784,46.372,48.592,603564012,307092627373,94669103333,503528919149
1024.476128,12153856,49782198272,50.167,48.593,603729510,307176830561,94695001382,503657900409
1024.747132,12157184,49795829760,50.300,48.593,603909152,307258037395,94719979169,503791233023
1025.017955,12160512,49809461248,50.334,48.594,604078173,307340640524,94745692362,503921309697
1025.286441,12163840,49823092736,50.772,48.594,604226168,307426706976,94772325308,504043538700
1025.578751,12167168,49836724224,46.634,48.594,604377838,307517987174,94800639464,504180539298
1025.857975,12170496,49850355712,48.819,48.594,604551141,307601338844,94826053635,504319486000
1026.144716,12173824,49863987200,47.539,48.594,604697356,307693562397,94854577159,504449721505
1026.425365,12177152,49877618688,48.571,48.594,604864835,307775267418,94879804016,504591686793
1026.709087,12180480,49891250176,48.045,48.593,605031914,307858521460,94905404785,504734390402
1026.982428,12183808,49904881664,49.870,48.594,605214322,307939532784,94930390709,504870218442
1027.251468,12187136,49918513152,50.667,48.594,605378315,308022034373,94955748589,504999440132
1027.528841,12190464,49932144640,49.145,48.594,605548559,308105454126,94981287757,505135660828
1027.853988,12193792,49945776128,41.924,48.592,605729099,308190078964,95007195271,505317633100
1028.174907,12197120,49959407616,42.476,48.590,605902188,308272929504,95032711711,505498243328
1028.519378,12200448,49973039104,39.572,48.587,606080951,308357364545,95058616653,505699899380
1028.883771,12203776,49986670592,37.409,48.583,606262438,308443733401,95085259805,505917803275
1029.247210,12207104,50000302080,37.507,48.579,606445090,308531399727,95112169871,506132887906
1029.612219,12210432,50013933568,37.346,48.576,606632115,308613910787,95137426152,506358427830
1029.973324,12213760,50027565056,37.749,48.572,606806157,308698984236,95163660028,506575161675
1030.331764,12217088,50041196544,38.030,48.568,606982349,308788317444,95191175334,506782245730
1030.687104,12220416,50054828032,38.362,48.565,607162822,308874326869,95217768261,506991587018
1031.046164,12223744,50068459520,37.964,48.561,607335844,308963134629,95245051383,507200455804
1031.435937,12227072,50082091008,34.973,48.556,607529657,309056512743,95273928512,507431839891
1031.822242,12230400,50095722496,35.287,48.551,607704415,309140477026,95299571014,507675950603
1032.202889,12233728,50109353984,35.811,48.546,607879597,309224664843,95325436912,507913974174
1032.585313,12237056,50122985472,35.645,48.541,608047190,309312895410,95352529423,508147010836
1032.968848,12240384,50136616960,35.542,48.536,608258873,309395137083,95377904662,508390782340
1033.346928,12243712,50150248448,36.054,48.532,608432971,309482207052,95404680622,508621189137
1033.722236,12247040,50163879936,36.321,48.527,608606114,309569451394,95431671585,508848458189
1034.105093,12250368,50177511424,35.605,48.523,608784038,309654668154,95457851648,509086890760
1034.483413,12253696,50191142912,36.032,48.518,608958789,309738135654,95483491075,509323760114
1034.863894,12257024,50204774400,35.827,48.513,609127698,309818875259,95508396954,509567346759
1035.220479,12260352,50218405888,38.228,48.510,609300452,309901248328,95533655717,509784337714
1035.589034,12263680,50232037376,36.986,48.506,609472484,309985136497,95559614171,510010594530
1035.962505,12267008,50245668864,36.500,48.501,609682986,310070048756,95585702194,510240320483
1036.349817,12270336,50259300352,35.195,48.496,609863497,310160623058,95613620437,510474120345
1036.718075,12273664,50272931840,37.016,48.492,610067657,310243725021,95639367019,510701193038
1037.088010,12276992,50286563328,36.848,48.488,610237452,310328774607,95665514307,510927023146
1037.455986,12280320,50300194816,37.045,48.484,610416721,310414968186,95691925594,511149267875
1037.814865,12283648,50313826304,37.984,48.481,610582857,310496101810,95716922779,511370605386
1038.177916,12286976,50327457792,37.547,48.477,610756509,310579916643,95742681119,511591944228
1038.548085,12290304,50341089280,36.825,48.473,610934355,310666456848,95769199224,511815778058
1038.902661,12293632,50354720768,38.444,48.469,611111752,310749654038,95794983664,512029110621
1039.267663,12296960,50368352256,37.346,48.465,611290389,310838179655,95822272580,512243940744
1039.646806,12300288,50381983744,35.953,48.461,611467039,310931440098,95850950611,512465047794
1039.996999,12303616,50395615232,38.926,48.457,611640521,311012739146,95876065259,512677379619
1040.352852,12306944,50409246720,38.307,48.454,611812305,311101407072,95903416107,512883001602
1040.709415,12310272,50422878208,38.230,48.450,612011442,311190300060,95930847175,513088866679
1041.013005,12313600,50436509696,44.901,48.449,612168574,311277987233,95957833182,513243900215
1041.305026,12316928,50450141184,46.680,48.449,612330225,311367076901,95985367115,513384861482
1041.577669,12320256,50463772672,49.998,48.449,612471591,311456428386,96012789216,513506440873
1041.855976,12323584,50477404160,48.980,48.450,612613787,311546902329,96040857248,513630966297
1042.135528,12326912,50491035648,48.762,48.450,612757439,311638434020,96068917180,513755696418
1042.421084,12330240,50504667136,47.737,48.449,612921810,311721624781,96094574444,513900093029
1042.698552,12333568,50518298624,49.128,48.450,613096228,311804127926,96120086759,514037650893
1042.967409,12336896,50531930112,50.702,48.450,613259295,311885941636,96145218210,514167790683
1043.237490,12340224,50545561600,50.472,48.451,613402962,311972875782,96172108491,514290333809
1043.507426,12343552,50559193088,50.499,48.451,613541836,312061512119,96199616249,514409833922
1043.791145,12346880,50572824576,48.046,48.451,613697956,312149427253,96226946832,514544153287
1044.081630,12350208,50586456064,46.927,48.451,613849934,312239647972,96254697747,514681886432
1044.365599,12353536,50600087552,48.003,48.451,614001623,312329526375,96282486508,514813471576
1044.647136,12356864,50613719040,48.418,48.451,614174714,312411779288,96307851625,514955536034
1044.927502,12360192,50627350528,48.620,48.451,614339275,312496044797,96333855662,515092967381
1045.211727,12363520,50640982016,47.960,48.450,614511103,312580332655,96359828372,515234402025
1045.480100,12366848,50654613504,50.793,48.451,614673336,312663408066,96385333768,515362243469
1045.757041,12370176,50668244992,49.222,48.451,614825649,312751698130,96412673038,515489380565
1046.041985,12373504,50681876480,47.839,48.451,614990262,312834590677,96438301397,515633612207
1046.324282,12376832,50695507968,48.288,48.451,615159704,312916251545,96463409677,515777589782
1046.598823,12380160,50709139456,49.652,48.451,615425839,312997303686,96488526819,515914383813
1046.874874,12383488,50722770944,49.380,48.452,615574332,313086221101,96516160805,516039296694
1047.149974,12386816,50736402432,49.551,48.452,615715818,313175691005,96543738161,516162689737
1047.440945,12390144,50750033920,46.848,48.451,615876868,313260429951,96569809949,516310055415
1047.716450,12393472,50763665408,49.478,48.452,616045907,313342618811,96595185540,516446162823
1047.989788,12396800,50777296896,49.871,48.452,616214443,313423710406,96620303255,516581528731
1048.260303,12400128,50790928384,50.391,48.453,616378050,313505548680,96645711174,516713007006
1048.523751,12403456,50804559872,51.743,48.453,616544467,313586736783,96670859000,516838542743
1048.801252,12406784,50818191360,49.122,48.454,616708870,313668669880,96696228383,516976957866
1049.083064,12410112,50831822848,48.371,48.454,616875086,313749848265,96721325750,517120979051
1049.363436,12413440,50845454336,48.619,48.454,617050171,313832433923,96746657134,517261465958
1049.641143,12416768,50859085824,49.086,48.454,617219994,313915230713,96772253479,517398558998
1049.918184,12420096,50872717312,49.204,48.454,617388110,313996388358,96797165992,517538162183
1050.193695,12423424,50886348800,49.477,48.454,617548582,314077076844,96822168051,517676642649
1050.463307,12426752,50899980288,50.560,48.455,617719648,314158779911,96847462154,517807627152
1050.739082,12430080,50913611776,49.430,48.455,617892118,314241742066,96872799794,517943178773
1051.016389,12433408,50927243264,49.157,48.455,618057466,314325383072,96898591477,518078691411
1051.302712,12436736,50940874752,47.609,48.455,618219534,314409089505,96924179345,518223522249
1051.571605,12440064,50954506240,50.695,48.456,618453651,314489096413,96948808944,518356751910
1051.850291,12443392,50968137728,48.913,48.456,618598346,314578953930,96976674526,518482663964
1052.118746,12446720,50981769216,50.777,48.456,618765917,314660153372,97001744021,518613397141
1052.406900,12450048,50995400704,47.306,48.456,618920393,314748720183,97029180173,518751233523
1052.689585,12453376,51009032192,48.221,48.456,619063983,314840262871,97057381379,518878560848
1052.962908,12456704,51022663680,49.873,48.456,619216125,314925028664,97083386940,519008156252
1053.237913,12460032,51036295168,49.568,48.457,619374713,315008918487,97109130937,519141077762
1053.502440,12463360,51049926656,51.532,48.457,619527232,315088890947,97133778612,519270109125
1053.778460,12466688,51063558144,49.386,48.458,619686864,315171393515,97159171059,519406180509
1054.061853,12470016,51077189632,48.101,48.457,619845457,315257819942,97185802008,519542998868
1054.343002,12473344,51090821120,48.485,48.457,620009572,315341278552,97211476207,519682811650
1054.624810,12476672,51104452608,48.372,48.457,620176570,315423821845,97236807053,519825020990
1054.907561,12480000,51118084096,48.210,48.457,620346054,315506487614,97262214085,519967810536
1055.185185,12483328,51131715584,49.101,48.458,620497967,315594922847,97289414699,520095721514
1055.455918,12486656,51145347072,50.350,48.458,620637822,315682195004,97316430092,520218201286
1055.735188,12489984,51158978560,48.811,48.458,620793003,315769776812,97343487992,520348999770
1056.017127,12493312,51172610048,48.349,48.458,620954921,315856569037,97370260950,520483900260
1056.303491,12496640,51186241536,47.602,48.458,621115184,315937894116,97395402133,520632215264
1056.571283,12499968,51199873024,50.903,48.459,621275623,316017383921,97419980815,520765058036
1056.846732,12503296,51213504512,49.488,48.459,621439061,316099121762,97445378966,520901578901
1057.122436,12506624,51227136000,49.442,48.459,621606679,316182417139,97471131155,521035843332
1057.405760,12509952,51240767488,48.113,48.459,621776946,316266688884,97497205261,521176187487
1057.683131,12513280,51254398976,49.145,48.459,621943057,316348029756,97522277467,521315656629
1057.952011,12516608,51268030464,50.697,48.460,622108575,316429391818,97547392232,521446567600
1058.224234,12519936,51281661952,50.075,48.460,622273192,316510934641,97572456728,521580638263
1058.491292,12523264,51295293440,51.043,48.461,622431043,316592139896,97597581471,521709954612
1058.766474,12526592,51308924928,49.536,48.461,622597734,316675179489,97623051046,521844450506
1059.049700,12529920,51322556416,48.129,48.461,622772725,316758108215,97648554362,521987168125
1059.332175,12533248,51336187904,48.257,48.461,622928810,316844852936,97675322636,522122392345
1059.609929,12536576,51349819392,49.078,48.461,623096440,316926593053,97700604936,522261375203
1059.889918,12539904,51363450880,48.686,48.461,623268701,317007797762,97725614613,522403723903
1060.165426,12543232,51377082368,49.478,48.461,623436566,317089730260,97750710573,522540458146
1060.438539,12546560,51390713856,49.912,48.462,623610594,317172151918,97775907616,522674080552
1060.708173,12549888,51404345344,50.555,48.462,623771603,317252860543,97800840833,522806771999
1060.987414,12553216,51417976832,48.816,48.462,623935409,317335011319,97826344019,522946369254
1061.274190,12556544,51431608320,47.534,48.462,624095083,317416990134,97851614585,523094212887
1061.549703,12559872,51445239808,49.477,48.462,624236980,317506943111,97879362745,523217091744
1061.832663,12563200,51458871296,48.175,48.462,624389817,317598202419,97907515807,523345226259
1062.108218,12566528,51472502784,49.469,48.463,624556067,317682198749,97933420741,523477994039
1062.391122,12569856,51486134272,48.184,48.463,624724523,317765067592,97959040686,523620171330
1062.668166,12573184,51499765760,49.203,48.463,624892654,317846732255,97984262125,523758550811
1062.935358,12576512,51513397248,51.017,48.463,625054159,317927323690,98009143633,523888910080
1063.205234,12579840,51527028736,50.510,48.464,625216365,318009034934,98034261218,524020247712
1063.470424,12583168,51540660224,51.403,48.465,625371154,318092412798,98059965478,524144215883
1063.749121,12586496,51554291712,48.912,48.465,625535991,318174949745,98085320121,524283105210
1064.034881,12589824,51567923200,47.703,48.465,625699017,318260496695,98111723543,524423706773
1064.313538,12593152,51581554688,48.919,48.465,625865831,318341424442,98136734081,524565067430
1064.592916,12596480,51595186176,48.792,48.465,626038339,318423996808,98162147981,524704400098
1064.872637,12599808,51608817664,48.732,48.465,626209205,318508255106,98188050589,524841218089
1065.150989,12603136,51622449152,48.972,48.465,626377881,318589376060,98213035754,524981842352
1065.418655,12606464,51636080640,50.927,48.466,626551381,318671018552,98238233382,525111112946
1065.695489,12609792,51649712128,49.241,48.466,626705816,318756031964,98264270117,525244261274
1065.969216,12613120,51663343616,49.800,48.466,626858639,318838120403,98289675324,525378530897
1066.265045,12616448,51676975104,46.079,48.465,627026663,318923771555,98316022153,525529231918
1066.540386,12619776,51690606592,49.508,48.466,627194936,319007660108,98341720581,525662799360
1066.817243,12623104,51704238080,49.237,48.466,627361113,319090409309,98367321526,525799191653
1067.089275,12626432,51717869568,50.110,48.466,627523547,319172607689,98392693863,525931712235
1067.369062,12629760,51731501056,48.721,48.466,627720486,319253867283,98417650670,526073875418
1067.645862,12633088,51745132544,49.247,48.467,627867607,319341543072,98444765305,526201792151
1067.924317,12636416,51758764032,48.954,48.467,628008995,319432089398,98472635347,526326775643
1068.200843,12639744,51772395520,49.296,48.467,628151675,319522012088,98500342086,526450618607
1068.471168,12643072,51786027008,50.426,48.467,628290891,319610279707,98527549321,526571143540
1068.749517,12646400,51799658496,48.973,48.468,628437343,319699140150,98554938200,526698772318
1069.030980,12649728,51813289984,48.431,48.468,628618786,319781040958,98580115931,526841581554
1069.311686,12653056,51826921472,48.561,48.468,628794486,319863765029,98605549315,526982089096
1069.592836,12656384,51840552960,48.485,48.468,628956477,319948980055,98631714600,527118678969
1069.876128,12659712,51854184448,48.118,48.467,629116028,320034978501,98658085173,527256595727
1070.149234,12663040,51867815936,49.913,48.468,629305340,320117234962,98683430193,527390437383
1070.425224,12666368,51881447424,49.391,48.468,629481035,320201743047,98709366077,527523382599
1070.704112,12669696,51895078912,48.878,48.468,629641077,320291731988,98736543969,527651029042
1070.984538,12673024,51908710400,48.610,48.468,629802321,320376883568,98762762081,527787233428
1071.272436,12676352,51922341888,47.348,48.468,629979953,320459150378,98787978619,527935903758
1071.543148,12679680,51935973376,50.354,48.468,630148465,320543546454,98813895844,528063565636
1071.818604,12683008,51949604864,49.487,48.469,630307380,320628954251,98840203153,528194204599
1072.088864,12686336,51963236352,50.438,48.469,630471185,320711089770,98865478589,528325065788
1072.379735,12689664,51976867840,46.864,48.469,630624220,320803840470,98893767212,528459427643
1072.666515,12692992,51990499328,47.533,48.468,630779336,320891306634,98920598259,528598254055
1072.938454,12696320,52004130816,50.127,48.469,630947665,320974071300,98946131402,528729836183
1073.213323,12699648,52017762304,49.593,48.469,631110173,321058939019,98972418641,528860883918
1073.476676,12702976,52031393792,51.761,48.470,631283660,321139757595,98997324375,528987026104
1073.751250,12706304,52045025280,49.646,48.470,631461434,321221582343,99022513256,529122925609
1074.035330,12709632,52058656768,47.985,48.470,631626510,321304588902,99048018874,529266288678
1074.309665,12712960,52072288256,49.689,48.470,631794474,321385031582,99072787055,529404275960
1074.588800,12716288,52085919744,48.835,48.471,631968393,321468449700,99098311958,529542262086
1074.874079,12719616,52099551232,47.783,48.470,632142978,321550425509,99123683944,529688409670
1075.151332,12722944,52113182720,49.166,48.471,632310321,321633416476,99149044491,529825418833
1075.422447,12726272,52126814208,50.279,48.471,632476426,321715085055,99174238137,529958224551
1075.694850,12729600,52140445696,50.042,48.471,632647134,321797348541,99199597461,530091289376
1075.973158,12732928,52154077184,48.980,48.472,632812181,321879781729,99225115098,530229832896
1076.263119,12736256,52167708672,47.011,48.471,633003457,321960629526,99250061155,530382631711
1076.534148,12739584,52181340160,50.295,48.472,633169720,322041974167,99275195963,530515580998
1076.809459,12742912,52194971648,49.513,48.472,633340816,322124196741,99300432297,530651725699
1077.082812,12746240,52208603136,49.868,48.472,633509643,322205842704,99325524528,530786672259
1077.362813,12749568,52222234624,48.684,48.472,633681201,322288410714,99350880632,530926768575
1077.642355,12752896,52235866112,48.764,48.472,633847032,322370513824,99376119945,531067566602
1077.912367,12756224,52249497600,50.485,48.473,634016661,322452096528,99401365994,531199005243
1078.188452,12759552,52263129088,49.374,48.473,634191813,322534137598,99426720306,531335967274
1078.454033,12762880,52276760576,51.327,48.474,634362012,322616890830,99452281388,531461147657
1078.722984,12766208,52290392064,50.684,48.474,634551058,322697556105,99477150525,531593311178
1079.006864,12769536,52304023552,48.018,48.474,634715766,322779388483,99502319722,531738513754
1079.287974,12772864,52317655040,48.492,48.474,634877355,322864881114,99528776196,531874470943
1079.569734,12776192,52331286528,48.380,48.474,635043699,322947065451,99554130009,532016940120
1079.847783,12779520,52344918016,49.025,48.474,635222755,323028534767,99579221439,532157039276
1080.123503,12782848,52358549504,49.440,48.475,635387579,323110220203,99604332185,532294278988
1080.394696,12786176,52372180992,50.265,48.475,635553345,323192421814,99629891494,532425733029
1080.671935,12789504,52385812480,49.169,48.475,635731363,323278113676,99656521954,532557339198
1080.949718,12792832,52399443968,49.072,48.475,635936126,323359571077,99681684629,532696859677
1081.235492,12796160,52413075456,47.700,48.475,636102023,323441357607,99706796815,532844095969
1081.507974,12799488,52426706944,50.027,48.476,636274597,323523089244,99732005614,532977734925
1081.782571,12802816,52440338432,49.642,48.476,636448322,323606185045,99757650766,533111335186
1082.056949,12806144,52453969920,49.681,48.476,636617430,323689568248,99783149562,533244726851
1082.340992,12809472,52467601408,47.991,48.476,636794410,323774040233,99809140092,533385558022
1082.620320,12812800,52481232896,48.801,48.476,636959781,323857168853,99834673129,533524119851
1082.890631,12816128,52494864384,50.429,48.477,637132657,323939491801,99859866773,533655043745
1083.170444,12819456,52508495872,48.716,48.477,637308105,324024631888,99886098304,533790293969
1083.442612,12822784,52522127360,50.085,48.477,637474404,324108929149,99912448737,533919429221
1083.711600,12826112,52535758848,50.677,48.478,637636567,324191034882,99937949403,534048988311
1084.001125,12829440,52549390336,47.082,48.477,637791493,324279798252,99965416642,534187881949
1084.284637,12832768,52563021824,48.081,48.477,637969783,324362873033,99991047249,534330664896
1084.569387,12836096,52576653312,47.872,48.477,638118089,324452820077,100018785360,534462681768
1084.852931,12839424,52590284800,48.075,48.477,638282001,324537347394,100045036138,534602430005
1085.125448,12842752,52603916288,50.021,48.477,638478798,324617979817,100069977184,534738171980
1085.396692,12846080,52617547776,50.255,48.478,638626576,324703656795,100096222257,534864512402
1085.673910,12849408,52631179264,49.172,48.478,638769456,324793125992,100123901359,534989854094
1085.956890,12852736,52644810752,48.171,48.478,638922518,324881695527,100151351731,535122502740
1086.250730,12856064,52658442240,46.391,48.477,639085098,324965648849,100177201987,535274178588
1086.524452,12859392,52672073728,49.801,48.478,639235555,325054068185,100204354471,535398359749
1086.799531,12862720,52685705216,49.555,48.478,639402019,325136488259,100229702179,535533798311
1087.078791,12866048,52699336704,48.813,48.478,639585234,325221662413,100255722362,535668977198
1087.358644,12869376,52712968192,48.710,48.478,639756949,325303967990,100281073794,535809256899
1087.640236,12872704,52726599680,48.409,48.478,639926427,325386807407,100306705328,535950200356
1087.915432,12876032,52740231168,49.534,48.478,640107565,325471184436,100332652888,536082651115
1088.186071,12879360,52753862656,50.368,48.479,640279827,325552414778,100357690788,536215574441
1088.455797,12882688,52767494144,50.538,48.479,640435673,325635548758,100383249592,536344427619
1088.727325,12886016,52781125632,50.203,48.480,640597520,325717562354,100408535272,536477040007
1089.013424,12889344,52794757120,47.646,48.479,640765959,325800400164,100433999508,536622902764
1089.293755,12892672,52808388608,48.626,48.479,640928251,325887942115,100461078903,536754611708
1089.579824,12896000,52822020096,47.651,48.479,641078030,325979815330,100489316002,536885269060
1089.866727,12899328,52835651584,47.512,48.479,641234625,326066274824,100515997300,537025260278
1090.149765,12902656,52849283072,48.161,48.479,641397648,326152081728,100542620837,537162598267
1090.420725,12905984,52862914560,50.308,48.479,641555702,326237181724,100568890682,537289256636
1090.691945,12909312,52876546048,50.260,48.480,641694805,326325202206,100596114260,537410984959
1090.977610,12912640,52890177536,47.718,48.480,641841235,326416324585,100624227038,537542194329
1091.274653,12915968,52903809024,45.891,48.479,642010168,326502549661,100650725652,537693175541
1091.545338,12919296,52917440512,50.359,48.479,642157344,326590851355,100677656962,537814866467
1091.827392,12922624,52931072000,48.329,48.479,642309048,326682909338,100706004731,537941019252
1092.103444,12925952,52944703488,49.380,48.480,642472007,326768935889,100732307008,538071685838
1092.381809,12929280,52958334976,48.970,48.480,642638648,326851638360,100757665695,538210003268
1092.667757,12932608,52971966464,47.671,48.479,642805285,326935712429,100783542891,538353506521
1092.941032,12935936,52985597952,49.882,48.480,642979443,327018655833,100809017667,538486154619
1093.212677,12939264,52999229440,50.181,48.480,643138353,327100873793,100834222166,538618668073
1093.482081,12942592,53012860928,50.599,48.481,643302025,327185607364,100860102827,538744710188
1093.752463,12945920,53026492416,50.416,48.481,643475942,327269476428,100885884095,538872999780
1094.040829,12949248,53040123904,47.272,48.481,643640047,327351684421,100911127903,539022176665
1094.317118,12952576,53053755392,49.338,48.481,643815199,327433110674,100936137589,539160545723
1094.603227,12955904,53067386880,47.644,48.481,643975149,327519759695,100962805908,539299617973
1094.881579,12959232,53081018368,48.972,48.481,644150413,327600800233,100987932468,539440340060
1095.160865,12962560,53094649856,48.808,48.481,644316477,327682231028,101013161415,539581297902
1095.432446,12965888,53108281344,50.193,48.482,644486525,327764499743,101038556603,539713706358
1095.708848,12969216,53121912832,49.318,48.482,644632534,327855163245,101066535687,539836530133
1095.991170,12972544,53135544320,48.283,48.482,644784712,327942346850,101093456684,539970927546
1096.290135,12975872,53149175808,45.596,48.481,644937408,328031642670,101121004494,540118501351
1096.563072,12979200,53162807296,49.944,48.481,645115334,328113873999,101146326695,540252069403
1096.835172,12982528,53176438784,50.097,48.482,645286115,328195665141,101171521122,540385613578
1097.109165,12985856,53190070272,49.751,48.482,645447664,328277871987,101196879968,540520375345
1097.389212,12989184,53203701760,48.676,48.482,645612372,328359992561,101222137525,540661118866
1097.670769,12992512,53217333248,48.415,48.482,645775385,328445111587,101248294572,540798790230
1097.947153,12995840,53230964736,49.321,48.482,645944800,328528231089,101274034289,540934172692
1098.218350,12999168,53244596224,50.264,48.483,646113395,328609458107,101299100935,541067618513
1098.490075,13002496,53258227712,50.166,48.483,646280061,328691376434,101324258430,541200495684
1098.756736,13005824,53271859200,51.119,48.484,646450035,328772847429,101349433662,541328849215
1099.039706,13009152,53285490688,48.173,48.484,646614713,328854721698,101374752751,541472860222
1099.321587,13012480,53299122176,48.359,48.484,646787195,328936725613,101400059283,541615662724
1099.597546,13015808,53312753664,49.397,48.484,646951694,329016803876,101424750873,541755736425
1099.882694,13019136,53326385152,47.805,48.484,647107130,329105498624,101452156797,541890295724
1100.159567,13022464,53340016640,49.234,48.484,647281060,329186860138,101477235720,542029155291
1100.432127,13025792,53353648128,50.013,48.484,647446796,329268811050,101502446035,542162928197
1100.702088,13029120,53367279616,50.494,48.485,647618406,329352107254,101528040196,542291536615
1100.981492,13032448,53380911104,48.788,48.485,647782535,329437363697,101554270781,542426544361
1101.273712,13035776,53394542592,46.648,48.484,647953573,329519687117,101579548938,542579377969
1101.536323,13039104,53408174080,51.907,48.485,648112824,329600674069,101604573092,542704545060
1101.807850,13042432,53421805568,50.203,48.486,648271729,329685526660,101630739090,542832224484
1102.084247,13045760,53435437056,49.318,48.486,648427475,329770980412,101656997510,542963767590
1102.362418,13049088,53449068544,49.004,48.486,648604796,329852922476,101682397051,543102730606
1102.649994,13052416,53462700032,47.401,48.486,648769112,329935534224,101707717830,543250614333
1102.919988,13055744,53476331520,50.488,48.486,648938370,330019019472,101733431558,543379139337
1103.193245,13059072,53489963008,49.885,48.486,649094820,330105040490,101760022842,543506489539
1103.465897,13062400,53503594496,49.996,48.487,649261013,330189123573,101785843949,543636881657
1103.732175,13065728,53517225984,51.193,48.488,649425619,330271099212,101811083844,543764261965
1104.028405,13069056,53530857472,46.016,48.487,649588385,330358644374,101837976039,543912525165
1104.307131,13072384,53544488960,48.906,48.487,649758302,330440629589,101863259053,544052158425
1104.586062,13075712,53558120448,48.871,48.487,649923143,330522536196,101888409501,544192384246
1104.866029,13079040,53571751936,48.690,48.487,650084783,330604732361,101913695562,544333052523
1105.148639,13082368,53585383424,48.234,48.487,650243649,330689656014,101939922120,544471547915
1105.425660,13085696,53599014912,49.207,48.487,650398320,330776420297,101966773945,544601602546
1105.696919,13089024,53612646400,50.253,48.488,650571500,330859628634,101992410001,544731806001
1105.972144,13092352,53626277888,49.528,48.488,650729920,330943854584,102018308698,544864445679
1106.317496,13095680,53639909376,39.471,48.485,650897279,331031539371,102045405247,545061172944
1106.660361,13099008,53653540864,39.758,48.482,651065652,331112419632,102070473428,545266823825
1107.032033,13102336,53667172352,36.676,48.478,651234496,331196593068,102096461901,545495716212
1107.400353,13105664,53680803840,37.010,48.475,651405237,331281635495,102122854605,545719431524
1107.774912,13108992,53694435328,36.393,48.471,651579605,331366093226,102148772713,545950948378
1108.159005,13112320,53708066816,35.490,48.466,651759078,331456194273,102176392036,546182654602
1108.527390,13115648,53721698304,37.003,48.462,651930224,331539795005,102202118072,546409325749
1108.899628,13118976,53735329792,36.620,48.458,652100710,331622638127,102227616090,546641123112
1109.266674,13122304,53748961280,37.138,48.454,652276806,331707729579,102253776499,546864049719
1109.631525,13125632,53762592768,37.362,48.451,652443875,331790557312,102279445298,547087943969
1109.994907,13128960,53776224256,37.513,48.447,652616592,331874194181,102305149999,547309600602
1110.352564,13132288,53789855744,38.113,48.444,652789630,331956600764,102330552511,547527526501
1110.716986,13135616,53803487232,37.406,48.440,652959070,332041085876,102356635472,547748527495
1111.074378,13138944,53817118720,38.141,48.437,653132306,332126036751,102382886348,547961738932
1111.437117,13142272,53830750208,37.579,48.433,653339333,332211339049,102409102476,548179808108
1111.785562,13145600,53844381696,39.121,48.431,653512520,332293201665,102434312345,548389450628
1112.134965,13148928,53858013184,39.014,48.428,653686873,332377570083,102460270949,548595764902
1112.502203,13152256,53871644672,37.119,48.424,653857976,332460985941,102485973187,548821861901
1112.874672,13155584,53885276160,36.598,48.420,654041258,332548452594,102512928511,549046019876
1113.240163,13158912,53898907648,37.296,48.416,654224671,332633591870,102539097526,549267316744
1113.587271,13162240,53912539136,39.272,48.413,654398122,332715742633,102564411218,549475212561
1113.952931,13165568,53926170624,37.279,48.410,654580056,332805226983,102591938611,549689003415
1114.311586,13168896,53939802112,38.007,48.406,654762129,332888352563,102617518522,549906656956
1114.683417,13172224,53953433600,36.660,48.402,654937469,332972931948,102643529757,550135071204
1115.051855,13175552,53967065088,36.998,48.399,655135788,333068035055,102672935992,550342124652
1115.406678,13178880,53980696576,38.418,48.396,655307340,333153343472,102699358674,550552230109
1115.759366,13182208,53994328064,38.650,48.392,655545810,333237786659,102725364891,550761722657
1116.112461,13185536,54007959552,38.606,48.389,655718582,333322774114,102751663090,550970583068
1116.505986,13188864,54021591040,34.639,48.385,655895034,333407271516,102777753479,551220743892
1116.886170,13192192,54035222528,35.855,48.380,656073637,333494133993,102804449276,551453737446
1117.272642,13195520,54048854016,35.272,48.376,656243716,333575829792,102829799922,551701496243
1117.650859,13198848,54062485504,36.041,48.372,656420118,333659074872,102855391350,551938664169
1118.037483,13202176,54076116992,35.258,48.367,656592023,333742905769,102881201340,552183242614
1118.396096,13205504,54089748480,38.012,48.364,656760003,333823379924,102905903519,552405487543
1118.683484,13208832,54103379968,47.432,48.363,656928359,333905757114,102931142986,552553308125
1118.962232,13212160,54117011456,48.902,48.364,657098927,333988083815,102956579630,552692505031
1119.261094,13215488,54130642944,45.611,48.363,657268432,334072647044,102982540840,552848370561
1119.531173,13218816,54144274432,50.472,48.363,657434375,334155380679,103008129110,552978094780
1119.806120,13222144,54157905920,49.579,48.364,657600872,334237547269,103033462118,553113664176
1120.082964,13225472,54171537408,49.239,48.364,657751649,334324655105,103060323020,553242815565
1120.359456,13228800,54185168896,49.302,48.364,657917647,334407897627,103085931972,553378277196
1120.645208,13232128,54198800384,47.704,48.364,658080407,334489500587,103111082172,553525607709
1120.914109,13235456,54212431872,50.693,48.364,658240362,334571922368,103136649624,553654474156
1121.183848,13238784,54226063360,50.536,48.365,658404037,334654398510,103162111319,553784290648
1121.459428,13242112,54239694848,49.465,48.365,658575507,334739334013,103188148851,553916183611
1121.731087,13245440,54253326336,50.179,48.366,658740826,334824122837,103214405272,554044079009
1122.021836,13248768,54266957824,46.884,48.365,658936824,334909366773,103240682361,554190356350
1122.304689,13252096,54280589312,48.193,48.365,659104020,334991750144,103266033085,554333415489
1122.585893,13255424,54294220800,48.475,48.365,659274243,335075426024,103291981587,554472537764
1122.875775,13258752,54307852288,47.024,48.365,659436362,335165141027,103319810402,554610137255
1123.155125,13262080,54321483776,48.797,48.365,659597407,335245811279,103344585916,554752652437
1123.426538,13265408,54335115264,50.224,48.366,659760002,335328606404,103370105702,554883680983
1123.701314,13268736,54348746752,49.610,48.366,659901561,335418443412,103397939582,555005901952
1123.981221,13272064,54362378240,48.700,48.366,660054278,335506141430,103425155981,555136876666
1124.273195,13275392,54376009728,46.687,48.365,660220683,335590409446,103451116291,555285789854
1124.544681,13278720,54389641216,50.211,48.366,660386567,335670316939,103475673163,555421917355
1124.817943,13282048,54403272704,49.884,48.366,660553488,335752041416,103500697302,555556801259
1125.092650,13285376,54416904192,49.622,48.367,660723511,335835761443,103526580087,555689411960
1125.365174,13288704,54430535680,50.019,48.367,660892329,335917656624,103551923891,555822910264
1125.650194,13292032,54444167168,47.826,48.367,661060641,335999734319,103577192050,555968838832
1125.918883,13295360,54457798656,50.733,48.367,661224569,336082588022,103602725827,556097051263
1126.192933,13298688,54471430144,49.741,48.368,661407771,336165738202,103628254225,556230177721
1126.464507,13302016,54485061632,50.194,48.368,661598771,336249082524,103654112624,556360083417
1126.733002,13305344,54498693120,50.770,48.369,661769677,336330802090,103679343348,556489830858
1127.017922,13308672,54512324608,47.843,48.369,661940673,336412121328,103704436251,556636866487
1127.298819,13312000,54525956096,48.529,48.369,662110759,336495135242,103730007657,556777021620
1127.582946,13315328,54539587584,47.977,48.369,662277663,336577864589,103755463904,556920833609
1127.861517,13318656,54553219072,48.934,48.369,662452217,336659871630,103780837012,557059868554
1128.142488,13321984,54566850560,48.516,48.369,662621572,336741588078,103806124846,557202246283
1128.420464,13325312,54580482048,49.038,48.369,662795354,336824764240,103831587088,557339396088
1128.688960,13328640,54594113536,50.770,48.369,662961455,336905320179,103856531234,557471126666
1128.971330,13331968,54607745024,48.275,48.369,663125653,336989325747,103882311697,557611221724
1129.254026,13335296,54621376512,48.220,48.369,663287896,337074599310,103908629011,557749267971
1129.539788,13338624,54635008000,47.702,48.369,663433673,337164104698,103936196995,557883232843
1129.815897,13341952,54648639488,49.370,48.370,663591480,337248095637,103962357028,558016608651
1130.089865,13345280,54662270976,49.756,48.370,663764753,337329732330,103987472267,558151939844
1130.364660,13348608,54675902464,49.606,48.370,663924427,337413608220,104013344755,558284455378
1130.659017,13351936,54689533952,46.309,48.370,664092862,337500537120,104040014377,558432061218
1130.929662,13355264,54703165440,50.367,48.370,664252333,337584997888,104065875072,558559958608
1131.211639,13358592,54716796928,48.342,48.370,664422914,337673232183,104092911895,558692946280
1131.481128,13361920,54730428416,50.583,48.371,664581542,337757854112,104118993848,558818885182
1131.749303,13365248,54744059904,50.831,48.371,664745980,337840313565,104144567010,558947069881
1132.036648,13368576,54757691392,47.439,48.371,664974333,337926797826,104171222267,559087790631
1132.316936,13371904,54771322880,48.634,48.371,665147903,338007661389,104196196380,559230908949
1132.596967,13375232,54784954368,48.678,48.371,665328061,338090810804,104221834423,559369966524
1132.878310,13378560,54798585856,48.452,48.371,665495869,338172861780,104246977617,559512530397
1133.159938,13381888,54812217344,48.402,48.371,665672214,338254256047,104272008275,559656268610
1133.435504,13385216,54825848832,49.467,48.371,665845838,338339112625,104298150184,559788010171
1133.704179,13388544,54839480320,50.736,48.372,666019685,338420594912,104323332782,559918485936
1133.982746,13391872,54853111808,48.934,48.372,666180165,338506772554,104349964215,560051022597
1134.276523,13395200,54866743296,46.401,48.372,666328961,338599447741,104378641328,560187530993
1134.558670,13398528,54880374784,48.313,48.372,666494773,338681329452,104404129440,560330427898
1134.828688,13401856,54894006272,50.484,48.372,666657476,338761803106,104429024398,560463974280
1135.099018,13405184,54907637760,50.425,48.373,666833222,338842874626,104454029158,560596861100
1135.372197,13408512,54921269248,49.899,48.373,666999033,338925671228,104479545666,560729616191
1135.660492,13411840,54934900736,47.283,48.373,667157443,339009317243,104505389499,560876074418
1135.932509,13415168,54948532224,50.113,48.373,667315943,339093485075,104531427493,561005247452
1136.206981,13418496,54962163712,49.664,48.373,667456864,339182592541,104559136717,561128076233
1136.479661,13421824,54975795200,49.991,48.374,667620568,339266148499,104584849840,561259163035
1136.753635,13425152,54989426688,49.755,48.374,667796097,339350246162,104610745335,561390620717
1137.050465,13428480,55003058176,45.924,48.373,667968798,339437635387,104637606456,561539549304
1137.331128,13431808,55016689664,48.569,48.374,668143052,339521255169,104663288463,561678656697
1137.609192,13435136,55030321152,49.023,48.374,668316008,339603416228,104688519710,561817504714
1137.892435,13438464,55043952640,48.126,48.374,668494684,339687000071,104714400447,561959121321
1138.171917,13441792,55057584128,48.774,48.374,668665265,339767949556,104739426102,562101118253
1138.447502,13445120,55071215616,49.464,48.374,668822761,339849913427,104764679778,562237668942
1138.713782,13448448,55084847104,51.192,48.375,668994762,339931811976,104789974275,562365075575
1138.992288,13451776,55098478592,48.945,48.375,669154257,340015175816,104815553638,562502453219
1139.289525,13455104,55112110080,45.861,48.374,669313860,340105866817,104843593124,562645771580
1139.569310,13458432,55125741568,48.721,48.374,669481098,340188076316,104869067019,562785722440
1139.842653,13461760,55139373056,49.869,48.375,669652414,340269486844,104894322357,562920812547
1140.112599,13465088,55153004544,50.497,48.375,669815517,340351552313,104919448187,563051917741
1140.380176,13468416,55166636032,50.944,48.376,669997448,340431597386,104943942401,563183870756
1140.671823,13471744,55180267520,46.740,48.375,670168491,340514932722,104969493481,563334543530
1140.940900,13475072,55193899008,50.660,48.376,670338748,340597588654,104995017631,563463368514
1141.211934,13478400,55207530496,50.294,48.376,670506596,340678251928,105019781369,563597712801
1141.481582,13481728,55221161984,50.553,48.377,670677913,340760305604,105045240630,563728031241
1141.749845,13485056,55234793472,50.814,48.377,670850655,340842523313,105070667116,563856722690
1142.034281,13488384,55248424960,47.925,48.377,671014367,340924113803,105095866272,564002747788
1142.317136,13491712,55262056448,48.192,48.377,671193434,341008360782,105121926571,564142630367
1142.597986,13495040,55275687936,48.537,48.377,671363928,341089517527,105147051652,564285751668
1142.875381,13498368,55289319424,49.141,48.377,671538002,341171431236,105172228876,564424396151
1143.158116,13501696,55302950912,48.213,48.377,671702585,341256094599,105198319911,564563525886
1143.435637,13505024,55316582400,49.119,48.378,671896556,341339573517,105224002967,564699409927
1143.706814,13508352,55330213888,50.268,48.378,672066090,341420884871,105249248707,564832463068
1143.984022,13511680,55343845376,49.174,48.378,672232120,341504166900,105274678813,564968658962
1144.265275,13515008,55357476864,48.467,48.378,672399673,341587699362,105300450296,565108140228
1144.549800,13518336,55371108352,47.910,48.378,672562454,341671788320,105326425444,565249991996
1144.822025,13521664,55384739840,50.075,48.378,672727519,341753948617,105351600969,565383154875
1145.096749,13524992,55398371328,49.619,48.379,672877454,341840772461,105378272656,565510854483
1145.377093,13528320,55412002816,48.624,48.379,673020689,341932225466,105406525841,565636169677
1145.672501,13531648,55425634304,46.145,48.378,673190986,342019968870,105433545068,565782819201
1145.941350,13534976,55439265792,50.703,48.379,673364741,342102465441,105459080516,565911715334
1146.212425,13538304,55452897280,50.287,48.379,673546440,342184321577,105484586671,566043546636
1146.481005,13541632,55466528768,50.754,48.380,673713136,342265674888,105509706516,566174040732
1146.750189,13544960,55480160256,50.640,48.380,673889355,342348672531,105535505750,566302239607
1147.033738,13548288,55493791744,48.075,48.380,674059443,342431776750,105560982926,566445036780
1147.314477,13551616,55507423232,48.556,48.380,674234867,342515501494,105586575427,566584255834
1147.598106,13554944,55521054720,48.061,48.380,674402263,342600296657,105612635502,566724217920
1147.886446,13558272,55534686208,47.276,48.380,674560710,342689999653,105640260069,566860628055
1148.173999,13561600,55548317696,47.405,48.380,674763108,342773914844,105666079992,567006044353
1148.448936,13564928,55561949184,49.580,48.380,674934491,342856092089,105691331785,567141883545
1148.720497,13568256,55575580672,50.197,48.380,675103369,342938655373,105716748565,567273667642
1148.999578,13571584,55589212160,48.844,48.381,675282258,343021340252,105742115185,567412643087
1149.279110,13574912,55602843648,48.765,48.381,675457815,343103677128,105767474703,567552604853
1149.564491,13578240,55616475136,47.766,48.380,675633967,343185863901,105792702939,567698657191
1149.831889,13581568,55630106624,50.978,48.381,675801044,343268014235,105818076662,567826432201
1150.108812,13584896,55643738112,49.225,48.381,675950812,343356890125,105845690576,567952289893
1150.382060,13588224,55657369600,49.887,48.382,676128451,343439250453,105871275714,568085494768
1150.674432,13591552,55671001088,46.624,48.381,676300958,343522485981,105896896363,568236804978
1150.945567,13594880,55684632576,50.276,48.382,676457831,343607049986,105922840786,568364735199
1151.220040,13598208,55698264064,49.664,48.382,676611563,343694090649,105949598336,568491576910
1151.490307,13601536,55711895552,50.437,48.382,676783546,343776114241,105974705169,568623005479
1151.758120,13604864,55725527040,50.899,48.383,676947720,343857048970,105999663062,568753670989
1152.041898,13608192,55739158528,48.036,48.383,677120465,343941613437,106025418058,568894596471
1152.323185,13611520,55752790016,48.461,48.383,677386413,344023974212,106050687282,569036416811
1152.598487,13614848,55766421504,49.515,48.383,677557659,344105592910,106075765418,569173393689
1152.876763,13618176,55780052992,48.986,48.383,677723504,344186945240,106100888662,569313573718
1153.155957,13621504,55793684480,48.824,48.383,677937454,344268407134,106126140992,569454364357
1153.430871,13624832,55807315968,49.585,48.384,678110463,344349561424,106151258524,569591589012
1153.701430,13628160,55820947456,50.383,48.384,678272110,344431086807,106176429777,569723958204
1153.973961,13631488,55834578944,50.018,48.385,678434968,344512267634,106201421578,569858820610
1154.252874,13634816,55848210432,48.874,48.385,678689853,344593790826,106226683513,569999192328
1154.537838,13638144,55861841920,47.836,48.385,678861037,344675515053,106251810081,570145561631
1154.806100,13641472,55875473408,50.814,48.385,679034095,344756009069,106276558590,570277278127
1155.084899,13644800,55889104896,48.894,48.385,679210412,344840354321,106302626418,570413195955
1155.360511,13648128,55902736384,49.459,48.386,679367649,344926134448,106328945539,570543759664
1155.657278,13651456,55916367872,45.933,48.385,679545134,345012644776,106355583289,570694104682
1155.930326,13654784,55929999360,49.923,48.385,679699379,345096539622,106381461245,570824822334
1156.204148,13658112,55943630848,49.782,48.386,679870750,345179193590,106406989559,570958414316
1156.474495,13661440,55957262336,50.422,48.386,680040050,345261243399,106432240737,571089715096
1156.739657,13664768,55970893824,51.408,48.387,680206650,345343486825,106457611271,571215334586
1157.021570,13668096,55984525312,48.354,48.387,680369410,345423295086,106482094982,571362112864
1157.303261,13671424,55998156800,48.392,48.387,680538194,345504635354,106507201844,571505940328
1157.586045,13674752,56011788288,48.205,48.387,680710852,345586730116,106532496619,571649566800
1157.862363,13678080,56025419776,49.333,48.387,680879244,345666910165,106557176254,571789786834
1158.142160,13681408,56039051264,48.719,48.387,681123690,345750713271,106582854255,571927753939
1158.419778,13684736,56052682752,49.102,48.387,681288369,345834044027,106608591933,572063914845
1158.693464,13688064,56066314240,49.807,48.388,681457925,345916343595,106634006927,572197947877
1158.970026,13691392,56079945728,49.289,48.388,681667963,345996417216,106658626770,572338709791
1159.250166,13694720,56093577216,48.660,48.388,681832396,346080849004,106684620757,572475685229
1159.538968,13698048,56107208704,47.200,48.388,682008256,346165847835,106710895854,572620127888
1159.815694,13701376,56120840192,49.260,48.388,682161101,346253462332,106737810135,572748738966
1160.090391,13704704,56134471680,49.624,48.388,682407114,346335273555,106763130620,572884620184
1160.361083,13708032,56148103168,50.358,48.388,682572240,346416264231,106788132559,573018002596
1160.658695,13711360,56161734656,45.803,48.388,682741430,346507453064,106815792094,573161691899
1160.934229,13714688,56175366144,49.473,48.388,682919978,346597257409,106843470148,573285073413
1161.213664,13718016,56188997632,48.782,48.388,683074305,346687970176,106871521189,573410686470
1161.488099,13721344,56202629120,49.671,48.388,683215237,346777280748,106899226435,573533357788
1161.760173,13724672,56216260608,50.102,48.389,683369796,346863745462,106925886016,573658666191
1162.043295,13728000,56229892096,48.147,48.389,683530090,346949547530,106952138241,573796804252
1162.323783,13731328,56243523584,48.599,48.389,683726157,347031765436,106977408041,573937941898
1162.598967,13734656,56257155072,49.536,48.389,683896841,347112240897,107002297033,574076505741
1162.876249,13737984,56270786560,49.161,48.389,684065188,347192720155,107027298786,574217045597
1163.158037,13741312,56284418048,48.375,48.389,684232630,347274796901,107052679405,574359607560
1163.431415,13744640,56298049536,49.863,48.390,684436063,347355584508,107077469909,574496061430
1163.701782,13747968,56311681024,50.419,48.390,684603947,347437359678,107102687630,574627607413
1163.976307,13751296,56325312512,49.655,48.390,684766201,347518701029,107127805664,574764266374
1164.257451,13754624,56338944000,48.486,48.390,684934337,347601000706,107153255675,574905718704
1164.541764,13757952,56352575488,47.945,48.390,685109306,347682308763,107178478784,575051975220
1164.813423,13761280,56366206976,50.179,48.391,685261542,347769233697,107205401465,575175812728
1165.093143,13764608,56379838464,48.733,48.391,685404227,347859897515,107233393646,575301622169
1165.369660,13767936,56393469952,49.297,48.391,685545009,347948997116,107260976531,575426819147
1165.664971,13771264,56407101440,46.160,48.390,685711245,348037164313,107288008750,575572878663
1165.938470,13774592,56420732928,49.841,48.391,685883480,348120896700,107313905286,575704484902
1166.212080,13777920,56434364416,49.821,48.391,686024967,348209633108,107341466483,575827279917
1166.488527,13781248,56447995904,49.310,48.391,686168616,348299872717,107369328892,575950550088
1166.755519,13784576,56461627392,51.056,48.392,686304647,348386363115,107396019580,576070815340
1167.040658,13787904,56475258880,47.806,48.392,686461239,348473806697,107423048350,576207498291
1167.322343,13791232,56488890368,48.393,48.392,686622486,348554689746,107447937623,576352074117
1167.596762,13794560,56502521856,49.674,48.392,686790908,348635861709,107472856564,576488812848
1167.873307,13797888,56516153344,49.292,48.392,687024563,348716822091,107497800762,576628050861
1168.159276,13801216,56529784832,47.668,48.392,687197202,348800581667,107523548427,576772112672
1168.434491,13804544,56543416320,49.530,48.392,687367700,348883777894,107549178764,576906243002
1168.706443,13807872,56557047808,50.125,48.393,687536908,348964964658,107574373362,577040417462
1168.978115,13811200,56570679296,50.176,48.393,687698748,349046331111,107599539495,577173993134
1169.257285,13814528,56584310784,48.829,48.393,687858983,349131584649,107626234607,577308266140
1169.551589,13817856,56597942272,46.318,48.393,688013941,349219087991,107653254751,577454278109
1169.823124,13821184,56611573760,50.202,48.393,688187898,349302134722,107678793008,577584940526
1170.099009,13824512,56625205248,49.410,48.394,688352671,349384714352,107704085823,577721173759
1170.368883,13827840,56638836736,50.511,48.394,688519258,349466252751,107729184297,577852788334
1170.656135,13831168,56652468224,47.455,48.394,688688679,349547111668,107753989887,578003210622
1170.929485,13834496,56666099712,49.868,48.394,688849390,349630262728,107779705608,578135548157
1171.202994,13837824,56679731200,49.839,48.394,689021592,349714185801,107805389177,578266931967
1171.477107,13841152,56693362688,49.729,48.395,689195789,349796898965,107830815991,578400715201
1171.743671,13844480,56706994176,51.138,48.395,689357199,349879502628,107856375678,578527043909
1172.019238,13847808,56720625664,49.467,48.396,689522250,349959741697,107881061926,578666622716
1172.303103,13851136,56734257152,48.021,48.396,689694618,350043411536,107906836176,578808623075
1172.584381,13854464,56747888640,48.463,48.396,689856905,350130185527,107933486501,578943070366
1172.868697,13857792,56761520128,47.945,48.395,690020232,350215256869,107959676628,579083016530
1173.146461,13861120,56775151616,49.076,48.396,690178032,350297141478,107984942979,579221975200
1173.423276,13864448,56788783104,49.244,48.396,690356021,350380684979,108010656865,579357305168
1173.694696,13867776,56802414592,50.223,48.396,690530070,350463119227,108035903231,579489224348
1173.971240,13871104,56816046080,49.292,48.396,690700050,350546089994,108061511540,579624999143
1174.254131,13874432,56829677568,48.186,48.396,690858233,350633633384,108088651023,579759164188
1174.540111,13877760,56843309056,47.666,48.396,691029094,350715687036,108113816322,579906245219
1174.816677,13881088,56856940544,49.288,48.396,691177688,350804618827,108141329095,580032069947
1175.092892,13884416,56870572032,49.351,48.397,691318530,350893494803,108168801888,580157280190
1175.371877,13887744,56884203520,48.861,48.397,691482467,350978914478,108195282042,580291116225
1175.655652,13891072,56897835008,48.036,48.397,691652689,351060708385,108220618482,580436128080
1175.927951,13894400,56911466496,50.061,48.397,691819661,351144389350,108246401724,580566605764
1176.197904,13897728,56925097984,50.496,48.398,691989950,351226305838,108271766558,580697359378
1176.471184,13901056,56938729472,49.881,48.398,692146185,351313949019,108298994883,580821671101
1176.742212,13904384,56952360960,50.295,48.398,692286750,351403102359,108326614446,580941326172
1177.025670,13907712,56965992448,48.090,48.398,692438105,351491086315,108354091093,581075116147
1177.309892,13911040,56979623936,47.961,48.398,692607316,351573359520,108379558472,581219442638
1177.592553,13914368,56993255424,48.226,48.398,692781704,351655636980,108404924574,581362517056
1177.872876,13917696,57006886912,48.628,48.398,692956392,351738035168,108430262997,581503195567
1178.153979,13921024,57020518400,48.493,48.398,693131523,351818969523,108455204204,581647051198
1178.425489,13924352,57034149888,50.206,48.399,693306012,351900265613,108480254208,581780585105
1178.695337,13927680,57047781376,50.516,48.399,693466860,351981742188,108505463266,581912175628
1178.972921,13931008,57061412864,49.108,48.399,693636772,352065464420,108531278293,582047841838
1179.252090,13934336,57075044352,48.829,48.399,693813730,352148099396,108556827062,582186786745
1179.537486,13937664,57088675840,47.763,48.399,694014775,352229372899,108581907252,582334365358
1179.808435,13940992,57102307328,50.310,48.400,694182273,352312366881,108607585428,582464308603
1180.079924,13944320,57115938816,50.210,48.400,694342761,352393006508,108632564745,582598981602
1180.354947,13947648,57129570304,49.565,48.400,694515559,352475735659,108657995265,582733828703
1180.643899,13950976,57143201792,47.176,48.400,694688924,352560359782,108684082091,582879281928
1180.923429,13954304,57156833280,48.766,48.400,694848316,352644607978,108710304766,583015710292
1181.196272,13957632,57170464768,49.961,48.400,694988689,352733015624,108737557900,583138604164
1181.472101,13960960,57184096256,49.420,48.401,695134692,352822693550,108765382880,583262037519
1181.744066,13964288,57197727744,50.122,48.401,695275627,352912011881,108792994833,583382551358
1182.024329,13967616,57211359232,48.638,48.401,695430881,352998603681,108819814547,583515940943
1182.307542,13970944,57224990720,48.132,48.401,695599532,353079751552,108844874791,583661598900
1182.586063,13974272,57238622208,48.942,48.401,695774111,353161034861,108869843628,583802436767
1182.866829,13977600,57252253696,48.551,48.401,695942541,353243759638,108895431066,583942928409
1183.149375,13980928,57265885184,48.245,48.401,696104853,353326179269,108920834504,584085781444
1183.426108,13984256,57279516672,49.259,48.401,696277221,353409633381,108946134956,584222027861
1183.696960,13987584,57293148160,50.328,48.402,696443006,353490900575,108971385864,584354838570
1183.970781,13990912,57306779648,49.782,48.402,696614053,353575877496,108997544203,584484252603
1184.254963,13994240,57320411136,47.967,48.402,696783813,353660655092,109023824061,584624515647
1184.540185,13997568,57334042624,47.792,48.402,696954022,353743025943,109049235768,584769967680
1184.809522,14000896,57347674112,50.611,48.402,697124678,353825166403,109074708270,584899904884
1185.083183,14004224,57361305600,49.811,48.403,697290276,353907454200,109099897476,585034561573
1185.356595,14007552,57374937088,49.857,48.403,697446868,353990590526,109125406882,585167077452
1185.643080,14010880,57388568576,47.582,48.403,697614002,354075276896,109151484512,585310005933
1185.919177,14014208,57402200064,49.372,48.403,697783563,354158485166,109177178221,585445074748
1186.193143,14017536,57415831552,49.756,48.403,697924354,354247498525,109204593134,585568164187
1186.472751,14020864,57429463040,48.752,48.404,698065608,354338525791,109232827030,585693294310
1186.738763,14024192,57443094528,51.244,48.404,698203195,354426157434,109260087046,585810302148
1187.021297,14027520,57456726016,48.247,48.404,698349216,354516788839,109288022450,585939209870
1187.307321,14030848,57470357504,47.659,48.404,698514131,354599896400,109313367164,586084870318
1187.585495,14034176,57483988992,49.003,48.404,698682354,354680560818,109337953245,586226879611
1187.868745,14037504,57497620480,48.125,48.404,698859768,354762626677,109363344262,586370723745
1188.147193,14040832,57511251968,48.955,48.404,699027411,354845002587,109388664613,586509755855
1188.422690,14044160,57524883456,49.480,48.404,699200911,354927935218,109414236315,586644737459
1188.695362,14047488,57538514944,49.992,48.405,699375687,355010039223,109439459825,586778516630
1188.973881,14050816,57552146432,48.943,48.405,699542390,355097965920,109466585211,586907962676
1189.259450,14054144,57565777920,47.734,48.405,699709515,355184402867,109493059129,587047167168
1189.546860,14057472,57579409408,47.429,48.404,699872072,355266094499,109518152533,587196197257
1189.821360,14060800,57593040896,49.659,48.405,700035919,355347844897,109543545474,587332011218
1190.098226,14064128,57606672384,49.235,48.405,700192961,355435307104,109570581835,587460249457
1190.379030,14067456,57620303872,48.544,48.405,700357490,355520855382,109597182690,587595835729
1190.666198,14070784,57633935360,47.469,48.405,700528900,355605524155,109623408005,587739082237
1190.941891,14074112,57647566848,49.445,48.405,700688505,355690291448,109649526748,587871293461
1191.218017,14077440,57661198336,49.367,48.405,700830736,355778256584,109676710122,587998312897
1191.491574,14080768,57674829824,49.831,48.406,701090110,355862295028,109702657783,588129432473
1191.758852,14084096,57688461312,51.001,48.406,701252398,355943770939,109727868866,588258456260
1192.027891,14087424,57702092800,50.667,48.407,701412729,356023520732,109752392519,588392148126
1192.315242,14090752,57715724288,47.438,48.406,701587447,356108809995,109778515990,588535384502
1192.592699,14094080,57729355776,49.130,48.407,701755937,356190207970,109803537562,588675028278
1192.870466,14097408,57742987264,49.075,48.407,701923424,356270492112,109828232288,588816545538
1193.151023,14100736,57756618752,48.587,48.407,702093983,356351032800,109853014243,588960492479
1193.424763,14104064,57770250240,49.797,48.407,702263202,356432455860,109878023441,589096112671
1193.693549,14107392,57783881728,50.715,48.408,702453845,356512762228,109902911142,589228314647
1193.967256,14110720,57797513216,49.803,48.408,702614596,356594367490,109928372079,589363247979
1194.246841,14114048,57811144704,48.756,48.408,702794100,356677344534,109953984509,589502114222
1194.537985,14117376,57824776192,46.820,48.408,702954355,356764431443,109980724002,589645653284
1194.812368,14120704,57838407680,49.680,48.408,703101175,356852770627,110008157913,589770044756
1195.086429,14124032,57852039168,49.739,48.408,703264598,356935423625,110033824261,589903681971
1195.357398,14127360,57865670656,50.307,48.409,703426600,357018246273,110059309469,590034204516
1195.643577,14130688,57879302144,47.633,48.408,703576128,357106796651,110086708698,590170246433
1195.924708,14134016,57892933632,48.488,48.409,703740183,357192571615,110113004382,590306225402
1196.194811,14137344,57906565120,50.468,48.409,703906637,357276120279,110138719325,590434710385
1196.466004,14140672,57920196608,50.265,48.409,704066166,357357865544,110163786938,590567600050
1196.734790,14144000,57933828096,50.715,48.410,704204669,357446276141,110190995801,590686612764
1197.015598,14147328,57947459584,48.544,48.410,704347316,357536825013,110218983474,590813768045
1197.312814,14150656,57961091072,45.864,48.409,704589866,357627644328,110247044944,590956839930
1197.592454,14153984,57974722560,48.747,48.409,704751889,357714347720,110273865118,591089340502
1197.876669,14157312,57988354048,47.962,48.409,704903964,357803268738,110301372021,591222736414
1198.164903,14160640,58001985536,47.293,48.409,705067690,357889986098,110327952185,591364227509
1198.443439,14163968,58015617024,48.940,48.409,705242021,357974487988,110353769051,591500197443
1198.722483,14167296,58029248512,48.851,48.409,705418471,358058258839,110379343709,591637650542
1198.995623,14170624,58042880000,49.907,48.410,705597397,358139586811,110404529074,591772705896
1199.272295,14173952,58056511488,49.269,48.410,705761271,358220056171,110429191973,591913283377
1199.567832,14177280,58070142976,46.124,48.409,705936603,358301816983,110454512690,592069844583
1199.839321,14180608,58083774464,50.210,48.410,706113509,358382482254,110479206152,592204890079
1200.116441,14183936,58097405952,49.190,48.410,706272535,358465123974,110504578349,592341826514
1200.387943,14187264,58111037440,50.208,48.410,706446353,358546809953,110529717575,592475012860
1200.673634,14190592,58124668928,47.714,48.410,706616944,358630744840,110555727968,592618061198
1200.949504,14193920,58138300416,49.413,48.410,706772348,358713789217,110581220542,592753477666
1201.223800,14197248,58151931904,49.696,48.411,706912163,358802941039,110608945314,592876121341
1201.495816,14200576,58165563392,50.113,48.411,707066896,358885823641,110634604097,593007516695
1201.761489,14203904,58179194880,51.309,48.412,707228146,358968433895,110660063890,593132937318
1202.039852,14207232,58192826368,48.970,48.412,707371122,359058204286,110687870592,593258818423
1202.332135,14210560,58206457856,46.638,48.411,707531513,359144239472,110714268305,593405335496
1202.613982,14213888,58220089344,48.365,48.411,707694305,359229609166,110740739876,593542210565
1202.892927,14217216,58233720832,48.868,48.411,707869062,359311661997,110765946078,593681919602
1203.172356,14220544,58247352320,48.783,48.411,708035847,359395606594,110791931196,593818931241
1203.449186,14223872,58260983808,49.241,48.412,708201790,359477743637,110817118353,593956765029
1203.727525,14227200,58274615296,48.974,48.412,708373608,359568849118,110845105028,594080988411
1204.001052,14230528,58288246784,49.836,48.412,708528368,359654995295,110871517175,594208853248
1204.279375,14233856,58301878272,48.977,48.412,708698902,359736542110,110896708934,594348517391
1204.566725,14237184,58315509760,47.439,48.412,708863741,359819227697,110922239738,594495540152
1204.838572,14240512,58329141248,50.144,48.412,709031570,359902385152,110947741097,594626398191
1205.113959,14243840,58342772736,49.499,48.413,709196946,359983864751,110972787243,594763881868
1205.384704,14247168,58356404224,50.348,48.413,709361973,360064746979,110997793237,594897396686
1205.667786,14250496,58370035712,48.154,48.413,709534601,360147279474,111023356205,595040127625
1205.944204,14253824,58383667200,49.315,48.413,709700522,360231925555,111049251426,595173394409
1206.212051,14257152,58397298688,50.893,48.414,709856470,360313802336,111074559376,595302344293
1206.490253,14260480,58410930176,48.999,48.414,710021716,360399644836,111101092600,595434898301
1206.757802,14263808,58424561664,50.949,48.414,710191276,360483706640,111127021262,595559858820
1207.031675,14267136,58438193152,49.773,48.415,710358371,360565703214,111152365633,595694372433
1207.315819,14270464,58451824640,47.974,48.415,710528228,360647863181,111177670965,595839259655
1207.591665,14273792,58465456128,49.417,48.415,710695451,360730219935,111203102738,595975406913
1207.872554,14277120,58479087616,48.530,48.415,710860477,360811462666,111228159040,596118377375
1208.153244,14280448,58492719104,48.564,48.415,711029360,360893150637,111253304334,596260623689
1208.427965,14283776,58506350592,49.619,48.415,711208291,360974917523,111278523534,596396672871
1208.700700,14287104,58519982080,49.981,48.416,711367829,361057092496,111303885364,596530021571
1208.973800,14290432,58533613568,49.914,48.416,711541277,361140220503,111329706002,596662079022
1209.250944,14293760,58547245056,49.186,48.416,711711551,361221449334,111354772989,596801309554
1209.546024,14297088,58560876544,46.196,48.416,711895312,361304866148,111380549083,596954935338
1209.815781,14300416,58574508032,50.532,48.416,712065587,361387864540,111406159760,597083956618
1210.086472,14303744,58588139520,50.358,48.416,712237955,361470515657,111431640420,597214453078
1210.364890,14307072,58601771008,48.960,48.417,712415750,361553104663,111457140508,597352949411
1210.644953,14310400,58615402496,48.673,48.417,712592862,361636259079,111482681002,597492313953
1210.927317,14313728,58629033984,48.276,48.417,712760397,361719444268,111508449566,597633437193
1211.198357,14317056,58642665472,50.293,48.417,712901746,361807100193,111535584102,597755688287
1211.474896,14320384,58656296960,49.293,48.417,713050267,361897293149,111563475440,597879273240
1211.745041,14323712,58669928448,50.460,48.418,713194357,361985186703,111590713769,598000098584
1212.022192,14327040,58683559936,49.184,48.418,713337508,362074526386,111618301288,598125531353
1212.311221,14330368,58697191424,47.163,48.418,713517393,362158234386,111644131432,598272667715
1212.590306,14333696,58710822912,48.843,48.418,713686361,362242521717,111670212124,598408780366
1212.867158,14337024,58724454400,49.237,48.418,713873109,362322609846,111694873741,598549813606
1213.151978,14340352,58738085888,47.860,48.418,714042578,362405956152,111720455379,598693300592
1213.429225,14343680,58751717376,49.167,48.418,714216541,362488249471,111745774377,598831117344
1213.701104,14347008,58765348864,50.138,48.418,714382990,362570614010,111771088167,598963456760
1213.973018,14350336,58778980352,50.132,48.419,714550438,362651828732,111796213699,599097572856
1214.250990,14353664,58792611840,49.039,48.419,714726245,362734101866,111821395449,599236047061
1214.539033,14356992,58806243328,47.324,48.419,714901366,362816174917,111846828203,599384729171
1214.813664,14360320,58819874816,49.636,48.419,715079618,362899058859,111872349813,599518954887
1215.088896,14363648,58833506304,49.527,48.419,715251602,362981818473,111897976182,599653739039
1215.362048,14366976,58847137792,49.904,48.419,715415317,363064041859,111923195568,599787711557
1215.646680,14370304,58860769280,47.892,48.419,715596335,363150010692,111949810263,599926528632
1215.931063,14373632,58874400768,47.934,48.419,715759304,363235017833,111976015164,600066817356
1216.203520,14376960,58888032256,50.032,48.420,715933238,363319634049,112002071866,600195984219
1216.476213,14380288,58901663744,49.989,48.420,716108467,363402665965,112027613405,600327857069
1216.741120,14383616,58915295232,51.458,48.421,716272831,363484773098,112052913415,600453602029
1217.007930,14386944,58928926720,51.091,48.421,716435256,363565269841,112077734219,600583886113
1217.292675,14390272,58942558208,47.873,48.421,716602735,363646702481,112102825337,600730615312
1217.571780,14393600,58956189696,48.840,48.421,716777349,363727827234,112127762476,600872236892
1217.853304,14396928,58969821184,48.420,48.421,716950339,363808420121,112152514755,601017092068
1218.129657,14400256,58983452672,49.326,48.421,717118925,363890666449,112177821653,601154013683
1218.409488,14403584,58997084160,48.713,48.421,717291306,363973373447,112203301731,601293617084
1218.681907,14406912,59010715648,50.039,48.422,717459261,364054112019,112228347078,601428732791
1218.951661,14410240,59024347136,50.533,48.422,717622617,364135513939,112253451701,601560392945
1219.236208,14413568,59037978624,47.906,48.422,717788622,364221420160,112279889004,601699358092
1219.529189,14416896,59051610112,46.527,48.422,717953171,364306604626,112306129590,601847718138
1219.801128,14420224,59065241600,50.127,48.422,718126576,364388756434,112331489637,601980396673
1220.075045,14423552,59078873088,49.765,48.422,718295626,364472698448,112357213590,602111926697
1220.347674,14426880,59092504576,50.000,48.423,718447997,364556666710,112383301544,602241722809
1220.625938,14430208,59106136064,48.988,48.423,718608535,364638903541,112408667678,602380787002
1220.906077,14433536,59119767552,48.660,48.423,718781962,364720876248,112433861819,602522127305
1221.179217,14436864,59133399040,49.907,48.423,718930516,364808367263,112460812517,602646910339
1221.459126,14440192,59147030528,48.700,48.423,719096933,364899229866,112488736022,602773054584
1221.728432,14443520,59160662016,50.617,48.424,719237108,364987710707,112515936257,602892367238
1222.001485,14446848,59174293504,49.922,48.424,719396416,365070909618,112541611869,603024465587
1222.287406,14450176,59187924992,47.676,48.424,719604997,365156374272,112567884012,603165320845
1222.573933,14453504,59201556480,47.575,48.424,719751830,365248164982,112596333754,603296006923
1222.855398,14456832,59215187968,48.431,48.424,719922071,365330398933,112621848078,603437842155
1223.137494,14460160,59228819456,48.322,48.424,720092566,365413106600,112647521026,603579394747
1223.419790,14463488,59242450944,48.288,48.424,720264052,365496805262,112673306258,603719894731
1223.689970,14466816,59256082432,50.453,48.424,720433329,365580404132,112699014226,603848311071
1223.958300,14470144,59269713920,50.801,48.425,720590290,365661580053,112724060834,603978917124
1224.237178,14473472,59283345408,48.880,48.425,720757342,365742845115,112749159108,604119990608
1224.529510,14476800,59296976896,46.630,48.424,720928921,365827267024,112775233957,604269202975
1224.803104,14480128,59310608384,49.824,48.425,721096759,365910348797,112800716007,604401978256
1225.075525,14483456,59324239872,50.038,48.425,721260990,365992185740,112826046217,604535236662
1225.349250,14486784,59337871360,49.800,48.425,721447246,366073747513,112851254238,604670542212
1225.629187,14490112,59351502848,48.695,48.425,721609604,366157627476,112877184441,604808059018
1225.918745,14493440,59365134336,47.077,48.425,721778648,366245770376,112904215480,604948605815
1226.189785,14496768,59378765824,50.293,48.425,721942477,366327352987,112929462589,605081233616
1226.462978,14500096,59392397312,49.897,48.426,722215136,366409427378,112954942424,605215034959
1226.729197,14503424,59406028800,51.204,48.426,722373635,366490609991,112979855727,605343666973
1226.999336,14506752,59419660288,50.461,48.427,722539800,366572121508,113004860722,605475742657
1227.287185,14510080,59433291776,47.356,48.427,722706280,366653933884,113030259429,605624541121
1227.566018,14513408,59446923264,48.888,48.427,722873611,366736671155,113055687479,605763121691
1227.844081,14516736,59460554752,49.023,48.427,723042983,366818920670,113080960740,605901565037
1228.125932,14520064,59474186240,48.364,48.427,723203238,366901736302,113106443195,606042973560
1228.402108,14523392,59487817728,49.358,48.427,723376125,366982021763,113131293546,606183002935
1228.678458,14526720,59501449216,49.327,48.427,723616680,367064934636,113156744300,606318651679
1228.947449,14530048,59515080704,50.676,48.428,723782039,367145347832,113181723079,606450990806
1229.227071,14533376,59528712192,48.750,48.428,723954497,367229739124,113207643416,606587688280
1229.529236,14536704,59542343680,45.113,48.427,724105144,367317899913,113234744528,606740380990
1229.797264,14540032,59555975168,50.858,48.427,724271331,367398809430,113259688548,606871185836
1230.079480,14543360,59569606656,48.302,48.427,724433921,367488262878,113287338906,607001420163
1230.352756,14546688,59583238144,49.882,48.428,724599989,367571286982,113313057569,607133810439
1230.630721,14550016,59596869632,49.040,48.428,724771295,367654155026,113338611049,607271402455
1230.916720,14553344,59610501120,47.663,48.428,724938099,367737288356,113364352352,607416277041
1231.189578,14556672,59624132608,49.958,48.428,725101809,367821106668,113390433797,607546656931
1231.463650,14560000,59637764096,49.737,48.428,725258510,367906782041,113416826382,607675450063
1231.731843,14563328,59651395584,50.827,48.429,725436597,367990068319,113442564755,607802049570
1231.999707,14566656,59665027072,50.890,48.429,725603051,368071544836,113467637113,607931640585
1232.289266,14569984,59678658560,47.077,48.429,725779473,368153426598,113492664418,608082996512
1232.566622,14573312,59692290048,49.148,48.429,725945659,368235436963,113518025209,608221358540
1232.848909,14576640,59705921536,48.289,48.429,726109722,368317322780,113543233892,608364835874
1233.127125,14579968,59719553024,48.996,48.429,726288397,368398360894,113568416855,608505304649
1233.401823,14583296,59733184512,49.624,48.430,726458755,368479025555,113593241401,608643312052
1233.671715,14586624,59746816000,50.507,48.430,726634240,368559403692,113617989216,608776922485
1233.943537,14589952,59760447488,50.149,48.430,726805238,368641906670,113643380553,608908803692
1234.225221,14593280,59774078976,48.393,48.430,726977620,368722341818,113668176433,609053933501
1234.508713,14596608,59787710464,48.084,48.430,727142375,368804071646,113693237341,609199138761
1234.774664,14599936,59801341952,51.256,48.431,727309991,368886484360,113718558101,609325353462
1235.047254,14603264,59814973440,50.007,48.431,727476291,368968402653,113743886566,609458737587
1235.318492,14606592,59828604928,50.257,48.432,727644799,369050710263,113769214503,609590381204
1235.595877,14609920,59842236416,49.143,48.432,727811041,369134442141,113794929892,609726345472
1235.876462,14613248,59855867904,48.582,48.432,727978211,369216437261,113820175140,609868205727
1236.146133,14616576,59869499392,50.549,48.432,728139013,369299030564,113845422385,609998341465
1236.419195,14619904,59883130880,49.921,48.433,728299324,369380866327,113870542424,610132821596
1236.688297,14623232,59896762368,50.656,48.433,728446390,369467305798,113897273816,610255022538
1236.961153,14626560,59910393856,49.958,48.434,728605246,369553220188,113923850751,610381832207
1237.242211,14629888,59924025344,48.501,48.434,728779822,369634566855,113948873230,610524876126
1237.516178,14633216,59937656832,49.756,48.434,728944869,369714503048,113973497321,610663451886
1237.806910,14636544,59951288320,46.887,48.433,729089508,369807663214,114002202288,610796129004
1238.096766,14639872,59964919808,47.028,48.433,729236705,369900953542,114030908044,610927754914
1238.383021,14643200,59978551296,47.620,48.433,729406051,369986812258,114057503284,611068406917
1238.654608,14646528,59992182784,50.192,48.433,729555596,370073311459,114084225828,611193292461
1238.930603,14649856,60005814272,49.390,48.434,729697035,370163584911,114112360822,611315639414
1239.214879,14653184,60019445760,47.952,48.433,729862311,370248894263,114138736653,611455315755
1239.496722,14656512,60033077248,48.366,48.433,730030876,370330392444,114163882667,611598915421
1239.848870,14659840,60046708736,38.710,48.431,730244612,370414564127,114189742941,611808404699
1240.214372,14663168,60060340224,37.295,48.427,730453134,370500917167,114216507106,612027194272
1240.577219,14666496,60073971712,37.568,48.424,730621505,370582326673,114241599422,612251813547
1240.953401,14669824,60087603200,36.236,48.421,730799132,370667083321,114267688396,612484385560
1241.333339,14673152,60101234688,35.878,48.417,730968622,370751790167,114293479601,612721281836
1241.701991,14676480,60114866176,36.976,48.413,731141438,370834992603,114319043477,612949213311
1242.063700,14679808,60128497664,37.686,48.410,731313172,370919185090,114344994311,613168138041
1242.426417,14683136,60142129152,37.582,48.407,731482465,370999248063,114369752316,613394852517
1242.786354,14686464,60155760640,37.872,48.404,731651237,371079720549,114394527440,613618342057
1243.160329,14689792,60169392128,36.450,48.400,731821899,371164437944,114420636241,613848634996
1243.517582,14693120,60183023616,38.156,48.397,731989347,371245964703,114445745573,614067693467
1243.872074,14696448,60196655104,38.454,48.395,732164163,371329012433,114471208322,614281557745
1244.236195,14699776,60210286592,37.437,48.391,732338816,371413276761,114497170691,614502625652
1244.599322,14703104,60223918080,37.539,48.388,732510945,371497626897,114523145433,614722786096
1244.951813,14706432,60237549568,38.672,48.385,732717154,371581591145,114549117092,614932763758
1245.305985,14709760,60251181056,38.488,48.383,732919468,371665728914,114575093697,615144223322
1245.660543,14713088,60264812544,38.446,48.380,733096696,371749490292,114600777249,615356947858
1246.046925,14716416,60278444032,35.280,48.376,733278873,371838988719,114628248009,615591885869
1246.406966,14719744,60292075520,37.861,48.373,733457502,371924966205,114654624552,615806430694
1246.765492,14723072,60305707008,38.021,48.370,733637710,372011284070,114681216768,616018562292
1247.118486,14726400,60319338496,38.617,48.367,733808983,372095669782,114707380709,616228216261
1247.478572,14729728,60332969984,37.856,48.364,733989893,372180833426,114733635836,616444117092
1247.839504,14733056,60346601472,37.768,48.361,734163039,372262580959,114758862039,616666523335
1248.191436,14736384,60360232960,38.733,48.358,734342784,372346925082,114784963768,616875234839
1248.549250,14739712,60373864448,38.097,48.355,734504415,372427901659,114809973671,617095727499
1248.898281,14743040,60387495936,39.055,48.353,734720719,372510285884,114835432227,617304823919
1249.248504,14746368,60401127424,38.922,48.350,734890205,372592218735,114860494137,617516553993
1249.665410,14749696,60414758912,32.697,48.345,735072444,372693345880,114891739538,617761729468
1250.043563,14753024,60428390400,36.048,48.341,735247327,372775064339,114916735442,618001628906
1250.429021,14756352,60442021888,35.364,48.337,735430097,372863996019,114944073341,618236337116
1250.836289,14759680,60455653376,33.471,48.332,735611149,372961591168,114974051340,618478307745
1251.228761,14763008,60469284864,34.732,48.328,735789306,373050781182,115001434419,618719946700
1251.614986,14766336,60482916352,35.294,48.324,735968487,373143962947,115030030852,618948388498
1251.937911,14769664,60496547840,42.213,48.322,736124760,373224904999,115054997562,619133968064
1252.226284,14772992,60510179328,47.270,48.322,736316935,373308443644,115080684429,619281046136
1252.513845,14776320,60523810816,47.404,48.322,736479796,373393847816,115107056435,619423781989
1252.789344,14779648,60537442304,49.479,48.322,736642692,373477581554,115132882469,619557229185
1253.062469,14782976,60551073792,49.909,48.322,736807351,373560560093,115158627753,619689520270
1253.339777,14786304,60564705280,49.156,48.323,736978440,373645504882,115184587726,619823089174
1253.620422,14789632,60578336768,48.572,48.323,737148480,373727284388,115209665681,619965379090
1253.905245,14792960,60591968256,47.860,48.323,737306707,373808630286,115234743761,620112351551
1254.177217,14796288,60605599744,50.121,48.323,737483926,373890238137,115260076009,620245772440
1254.448573,14799616,60619231232,50.235,48.323,737645291,373974291299,115285964858,620374401098
1254.720014,14802944,60632862720,50.219,48.324,737787175,374063499217,115313635723,620494349736
1254.993676,14806272,60646494208,49.811,48.324,737934469,374148659619,115340096808,620623386653
1255.276261,14809600,60660125696,48.239,48.324,738106657,374229568435,115365086027,620768499827
1255.554706,14812928,60673757184,48.956,48.324,738275177,374311839873,115390551107,620907097387
1255.835914,14816256,60687388672,48.475,48.324,738437656,374393595814,115415711127,621049775898
1256.120439,14819584,60701020160,47.910,48.324,738586466,374484242880,115443704925,621180516879
1256.403855,14822912,60714651648,48.097,48.324,738764020,374568097823,115469709463,621321622255
1256.672687,14826240,60728283136,50.706,48.325,738930566,374650623904,115495309242,621450344867
1256.944852,14829568,60741914624,50.085,48.325,739094916,374733006164,115520642766,621582753963
1257.224464,14832896,60755546112,48.752,48.325,739260830,374814917535,115545875428,621723347632
1257.507635,14836224,60769177600,48.139,48.325,739428088,374897476178,115571264438,621866478101
1257.790551,14839552,60782809088,48.182,48.325,739603141,374980556261,115596917754,622008431269
1258.063161,14842880,60796440576,50.004,48.325,739788338,375062808698,115622392167,622141467838
1258.337731,14846208,60810072064,49.647,48.326,739961747,375144095944,115647329808,622278375729
1258.613012,14849536,60823703552,49.518,48.326,740133629,375225689738,115672430407,622415475552
1258.900752,14852864,60837335040,47.374,48.326,740303718,375308087610,115697815558,622563544274
1259.176555,14856192,60850966528,49.425,48.326,740473374,375391912922,115723643042,622697308233
1259.443315,14859520,60864598016,51.100,48.327,740638012,375471756304,115748267945,622828740201
1259.710957,14862848,60878229504,50.932,48.327,740827909,375553236289,115773313999,622958060247
1259.977946,14866176,60891860992,51.056,48.328,740989574,375635277944,115798617576,623085899110
1260.265219,14869504,60905492480,47.451,48.328,741152672,375718560231,115824337147,623231912181
1260.546728,14872832,60919123968,48.423,48.328,741329403,375801169377,115849639187,623373455259
1260.827258,14876160,60932755456,48.592,48.328,741504735,375883365116,115874824365,623514824715
1261.109949,14879488,60946386944,48.221,48.328,741675850,375969520354,115901612762,623651141858
1261.392173,14882816,60960018432,48.300,48.328,741843564,376050967927,115926630692,623795417286
1261.669171,14886144,60973649920,49.212,48.328,742015872,376135099318,115952542220,623929944144
1261.946161,14889472,60987281408,49.213,48.328,742198131,376219082858,115978485399,624064321532
1262.218970,14892800,61000912896,49.967,48.328,742365254,376300412484,116003434940,624199457744
1262.502039,14896128,61014544384,48.156,48.328,742532486,376383236093,116028883801,624342289338
1262.790089,14899456,61028175872,47.323,48.328,742706420,376467609539,116054902809,624487276412
1263.064927,14902784,61041807360,49.598,48.328,742861127,376553330837,116081269414,624616857244
1263.338709,14906112,61055438848,49.789,48.329,743026351,376635386894,116106505838,624751592231
1263.613246,14909440,61069070336,49.653,48.329,743195132,376717850047,116132122893,624886040679
1263.903399,14912768,61082701824,46.980,48.329,743360946,376799374601,116157329763,625037803157
1264.175370,14916096,61096333312,50.121,48.329,743529018,376880621663,116182378146,625171822201
1264.449163,14919424,61109964800,49.788,48.329,743698106,376961814101,116207205072,625308158965
1264.719651,14922752,61123596288,50.396,48.330,743864773,377044748299,116232696947,625438177715
1264.993962,14926080,61137227776,49.693,48.330,744067200,377131233230,116259448749,625565939184
1265.277927,14929408,61150859264,48.004,48.330,744237665,377213358605,116284733386,625710901928
1265.560336,14932736,61164490752,48.269,48.330,744383276,377302340943,116312216218,625842295645
1265.844433,14936064,61178122240,47.982,48.330,744532671,377390337838,116339203774,625977493478
1266.129497,14939392,61191753728,47.819,48.330,744678802,377481028098,116367017917,626109173440
1266.408485,14942720,61205385216,48.861,48.330,744841378,377564554081,116392761163,626246395378
1266.691243,14946048,61219016704,48.209,48.330,744994545,377654856453,116420560649,626376197606
1266.964057,14949376,61232648192,49.966,48.330,745162691,377737671322,116445939197,626508571236
1267.243704,14952704,61246279680,48.745,48.330,745329744,377818276771,116470731385,626651476955
1267.524173,14956032,61259911168,48.603,48.330,745497426,377897887000,116495194395,626796965502
1267.801506,14959360,61273542656,49.152,48.331,745667771,377980055082,116520461495,626935041741
1268.074176,14962688,61287174144,49.993,48.331,745845809,378061621613,116545488884,627069790513
1268.346539,14966016,61300805632,50.049,48.331,746018930,378142805992,116570527775,627204418052
1268.617343,14969344,61314437120,50.337,48.332,746189620,378223467294,116595374708,627338519147
1268.908638,14972672,61328068608,46.796,48.331,746366249,378306673454,116620889790,627488865651
1269.179527,14976000,61341700096,50.321,48.332,746536537,378389305716,116646277136,627619691353
1269.451994,14979328,61355331584,50.030,48.332,746703563,378471012851,116671437176,627753777465
1269.718598,14982656,61368963072,51.130,48.333,746867201,378551456171,116696368502,627883626604
1269.987855,14985984,61382594560,50.626,48.333,747032772,378635388889,116722188135,628010614230
1270.272682,14989312,61396226048,47.859,48.333,747205094,378717233549,116747503717,628156593570
1270.552399,14992640,61409857536,48.733,48.333,747380160,378799616596,116772967364,628296539176
1270.836041,14995968,61423489024,48.059,48.333,747545486,378882610142,116798554464,628439556832
1271.116032,14999296,61437120512,48.685,48.333,747738955,378966531719,116824431072,628577283148
1271.403198,15002624,61450752000,47.469,48.333,747901735,379051422244,116850410824,628720899659
1271.683411,15005952,61464383488,48.647,48.333,748080722,379137092417,116876819707,628855748493
1271.957431,15009280,61478014976,49.746,48.333,748248283,379221653444,116902891475,628986576811
1272.233783,15012608,61491646464,49.327,48.334,748411397,379303573457,116928171277,629124005235
1272.517139,15015936,61505277952,48.107,48.334,748657272,379385761883,116953467979,629267955654
1272.802336,15019264,61518909440,47.797,48.333,748818227,379467264078,116978702350,629414544749
1273.074902,15022592,61532540928,50.012,48.334,748983121,379549555893,117004151818,629547278375
1273.352010,15025920,61546172416,49.192,48.334,749151470,379631322270,117029477689,629685555206
1273.627891,15029248,61559803904,49.411,48.334,749322030,379714974155,117055223460,629819498524
1273.919484,15032576,61573435392,46.748,48.334,749492501,379798016125,117080772017,629970422214
1274.193492,15035904,61587066880,49.748,48.334,749655272,379880895847,117106264514,630104018903
1274.467048,15039232,61600698368,49.831,48.334,749823531,379962296452,117131610136,630239341413
1274.734705,15042560,61614329856,50.929,48.335,749988043,380044927576,117157014665,630367005698
1275.003049,15045888,61627961344,50.799,48.336,750149763,380125943977,117182166315,630497613582
1275.286733,15049216,61641592832,48.052,48.335,750317733,380208348486,117207626903,630641296433
1275.564667,15052544,61655224320,49.046,48.336,750484133,380289818693,117232684585,630781141111
1275.847109,15055872,61668855808,48.263,48.336,750729089,380373927934,117258711762,630920739237
1276.124604,15059200,61682487296,49.123,48.336,750924557,380455887349,117283849002,631059514689
1276.404887,15062528,61696118784,48.635,48.336,751092176,380538587690,117309417299,631199469441
1276.675016,15065856,61709750272,50.463,48.336,751264756,380619603611,117334404637,631331961553
1276.950240,15069184,61723381760,49.529,48.337,751437554,380702297321,117360136737,631466661876
1277.227277,15072512,61737013248,49.205,48.337,751605864,380784947834,117385503196,631603863764
1277.508179,15075840,61750644736,48.527,48.337,751780069,380866847609,117410737217,631745949758
1277.789855,15079168,61764276224,48.394,48.337,751947353,380949598112,117436277106,631887383758
1278.063918,15082496,61777907712,49.739,48.337,752101009,381037411598,117463437193,632012402695
1278.345638,15085824,61791539200,48.387,48.337,752244140,381127779961,117491437054,632140468629
1278.613003,15089152,61805170688,50.985,48.338,752398639,381209010983,117516413104,632270250119
1278.900221,15092480,61818802176,47.460,48.337,752567400,381289367810,117541202138,632421080357
1279.171528,15095808,61832433664,50.244,48.338,752732041,381371271125,117566478939,632553453957
1279.442589,15099136,61846065152,50.289,48.338,752904958,381452532960,117591541771,632686621645
1279.715908,15102464,61859696640,49.874,48.339,753070652,381538095974,117618060179,632814580485
1279.983795,15105792,61873328128,50.885,48.339,753230681,381620683146,117643549958,632942361300
1280.266710,15109120,61886959616,48.182,48.339,753401695,381702897636,117668906728,633085899843
1280.549086,15112448,61900591104,48.274,48.339,753571787,381784425849,117693990255,633230052395
1280.830875,15115776,61914222592,48.375,48.339,753732609,381870134603,117720359691,633366561955
1281.109172,15119104,61927854080,48.982,48.339,753894549,381951576286,117745577440,633506527063
1281.388736,15122432,61941485568,48.760,48.339,754059067,382033568162,117770918412,633646863014
1281.665874,15125760,61955117056,49.187,48.340,754247189,382118105598,117797126444,633780426416
1281.935403,15129088,61968748544,50.575,48.340,754403496,382201420321,117822918384,633908422938
1282.221900,15132416,61982380032,47.580,48.340,754567488,382283375746,117848201807,634055897063
1282.501479,15135744,61996011520,48.757,48.340,754733240,382364835231,117873354736,634197278779
1282.781015,15139072,62009643008,48.765,48.340,754925603,382447034249,117898762934,634337205643
1283.052406,15142400,62023274496,50.228,48.340,755089240,382526814402,117923348319,634473295797
1283.324284,15145728,62036905984,50.138,48.341,755263966,382608769902,117948743860,634605992490
1283.597413,15149056,62050537472,49.909,48.341,755429550,382689790541,117973751044,634741647113
1283.888626,15152384,62064168960,46.809,48.341,755607399,382774045025,117999584194,634890466097
1284.158277,15155712,62077800448,50.552,48.341,755766375,382857215191,118025208776,635019169692
1284.430321,15159040,62091431936,50.108,48.342,755927770,382939203786,118050560828,635152094808
1284.703164,15162368,62105063424,49.961,48.342,756068809,383027481384,118078025066,635274587264
1284.976104,15165696,62118694912,49.943,48.342,756209669,383116317420,118105793572,635396349111
1285.263901,15169024,62132326400,47.365,48.342,756365926,383205162734,118133052658,635533747798
1285.551597,15172352,62145957888,47.382,48.342,756540194,383292438619,118159746820,635674237236
1285.833213,15175680,62159589376,48.404,48.342,756707840,383376456014,118185423906,635813830934
1286.119944,15179008,62173220864,47.541,48.342,756875127,383467513426,118213307819,635946585192
1286.406230,15182336,62186852352,47.615,48.342,757043629,383553251557,118239633461,636087796965
1286.679869,15185664,62200483840,49.816,48.342,757299041,383638384627,118265782331,636217103252
1286.956140,15188992,62214115328,49.341,48.342,757440703,383728694188,118293716562,636340122527
1287.240601,15192320,62227746816,47.921,48.342,757589852,383819205804,118321714288,636470976647
1287.530548,15195648,62241378304,47.014,48.342,757736137,383910616483,118350141115,636605571717
1287.817378,15198976,62255009792,47.525,48.341,757891464,383993945834,118375564331,636751777891
1288.090915,15202304,62268641280,49.834,48.342,758057709,384077633475,118401325695,636883654678
1288.366585,15205632,62282272768,49.449,48.342,758228274,384159080639,118426424946,637021084422
1288.642603,15208960,62295904256,49.386,48.342,758398131,384241478286,118451791150,637157407513
1288.930494,15212288,62309535744,47.349,48.342,758574767,384323672886,118477070091,637305970992
1289.205134,15215616,62323167232,49.634,48.342,758741063,384406880761,118502721121,637439512301
1289.477057,15218944,62336798720,50.130,48.343,758906847,384489192674,118528162971,637571776482
1289.749145,15222272,62350430208,50.100,48.343,759073472,384570335207,118553205237,637706128648
1290.015370,15225600,62364061696,51.203,48.344,759269962,384651826502,118578337610,637834089552
1290.296643,15228928,62377693184,48.463,48.344,759426380,384733740057,118603584018,637976479881
1290.579289,15232256,62391324672,48.228,48.344,759596177,384816136921,118629029419,638119261405
1290.858033,15235584,62404956160,48.903,48.344,759768480,384897666745,118654109096,638259768074
1291.139304,15238912,62418587648,48.464,48.344,759928629,384981802932,118679942448,638398727461
1291.419855,15242240,62432219136,48.588,48.344,760098795,385062952744,118705016077,638541606707
1291.693156,15245568,62445850624,49.877,48.344,760264093,385144582659,118730240084,638676459112
1291.968471,15248896,62459482112,49.512,48.344,760437387,385226756675,118755594448,638812336994
1292.244607,15252224,62473113600,49.365,48.345,760596555,385308788776,118780904523,638949285868
1292.525932,15255552,62486745088,48.455,48.345,760768947,385389796768,118806010924,639092903583
1292.811610,15258880,62500376576,47.716,48.345,760963943,385472053891,118831315614,639239062542
1293.084189,15262208,62514008064,50.009,48.345,761128958,385554789954,118856801625,639371423296
1293.361746,15265536,62527639552,49.112,48.345,761322276,385639117233,118882867882,639506033836
1293.632428,15268864,62541271040,50.360,48.345,761492410,385720228521,118907834830,639639319707
1293.923782,15272192,62554902528,46.787,48.345,761661619,385802541260,118933161466,639790939209
1294.199826,15275520,62568534016,49.381,48.345,761821561,385889227475,118959768076,639920321318
1294.477051,15278848,62582165504,49.171,48.346,761968275,385979958975,118987751070,640043744832
1294.754737,15282176,62595796992,49.090,48.346,762123534,386068176525,119015048962,640171967530
1295.026478,15285504,62609428480,50.164,48.346,762267467,386156502002,119042503252,640293497200
1295.305476,15288832,62623059968,48.859,48.346,762441234,386239240998,119068067218,640431894630
1295.589981,15292160,62636691456,47.913,48.346,762603514,386322296151,119093708143,640575301642
1295.868197,15295488,62650322944,48.996,48.346,762773485,386404722752,119119174320,640713758951
1296.149357,15298816,62663954432,48.483,48.346,762932488,386488101034,119144957820,640853286204
1296.431700,15302144,62677585920,48.280,48.346,763109131,386572298490,119170814893,640993007742
1296.709393,15305472,62691217408,49.088,48.346,763262827,386658380184,119197485588,641124713201
1296.983119,15308800,62704848896,49.800,48.347,763423928,386742111816,119223333613,641256387575
1297.260984,15312128,62718480384,49.058,48.347,763586645,386826947909,119249412093,641390653863
1297.546757,15315456,62732111872,47.700,48.347,763757405,386907643659,119274279303,641539586577
1297.822917,15318784,62745743360,49.361,48.347,763927572,386988602588,119299182363,641678496864
1298.095139,15322112,62759374848,50.075,48.347,764129580,387071584941,119324917630,641809835322
1298.369361,15325440,62773006336,49.710,48.348,764296746,387153504281,119350241795,641945201224
1298.644174,15328768,62786637824,49.603,48.348,764487911,387237287990,119376189828,642077695874
1298.935310,15332096,62800269312,46.822,48.347,764659714,387318927810,119401485167,642230117278
1299.207849,15335424,62813900800,50.017,48.348,764824229,387401412697,119427045679,642362583760
1299.480503,15338752,62827532288,49.995,48.348,764989201,387484290505,119452558167,642494554903
1299.752112,15342080,62841163776,50.188,48.349,765154079,387566292019,119477778270,642627285040
1300.020068,15345408,62854795264,50.872,48.349,765302077,387654006315,119504940496,642746214888
1300.306221,15348736,62868426752,47.637,48.349,765447843,387742789473,119532362313,642881694128
1300.588285,15352064,62882058240,48.328,48.349,765627963,387824193293,119557535440,643025691941
1300.871324,15355392,62895689728,48.161,48.349,765796761,387904677879,119582491612,643172075384
1301.150052,15358720,62909321216,48.906,48.349,766041231,387990627686,119608993238,643305277682
1301.432901,15362048,62922952704,48.194,48.349,766233569,388072010031,119634135986,643450136713
1301.707724,15365376,62936584192,49.601,48.349,766406832,388154223366,119659438889,643585687563
1301.977349,15368704,62950215680,50.557,48.350,766571116,388235920881,119684522275,643717141578
1302.254933,15372032,62963847168,49.108,48.350,766735510,388318439931,119709893044,643854785886
1302.533026,15375360,62977478656,49.018,48.350,766906610,388399474095,119735132683,643995211201
1302.824183,15378688,62991110144,46.818,48.350,767109189,388481354914,119760355017,644147558246
1303.094204,15382016,63004741632,50.483,48.350,767283215,388563040782,119785655538,644279150661
1303.368212,15385344,63018373120,49.749,48.350,767448620,388646155870,119811149428,644412509187
1303.639543,15388672,63032004608,50.239,48.351,767620954,388728188793,119836629697,644544531712
1303.926722,15392000,63045636096,47.467,48.351,767790696,388809749986,119861712478,644693452790
1304.197679,15395328,63059267584,50.309,48.351,767952285,388890706317,119886686446,644827249151
1304.467643,15398656,63072899072,50.494,48.351,768115290,388971907893,119911748558,644959365119
1304.742495,15401984,63086530560,49.596,48.352,768279084,389054448069,119937137174,645094318915
1305.008373,15405312,63100162048,51.270,48.352,768448674,389136869703,119962641391,645220405743
1305.289377,15408640,63113793536,48.510,48.352,768615393,389219415408,119988177889,645361249148
1305.574655,15411968,63127425024,47.783,48.352,768790887,389303496603,120014173794,645503723563
1305.851534,15415296,63141056512,49.233,48.352,768957923,389385085052,120039311421,645642297979
1306.134270,15418624,63154688000,48.213,48.352,769105272,389474982529,120067031602,645772635156
1306.421220,15421952,63168319488,47.505,48.352,769377553,389560594017,120093350482,645914433093
1306.697951,15425280,63181950976,49.259,48.352,769545959,389644540414,120119221160,646048672392
1306.968738,15428608,63195582464,50.340,48.353,769710752,389727509743,120144804422,646178875903
1307.243565,15431936,63209213952,49.600,48.353,769880959,389811488022,120170644530,646311346146
1307.524229,15435264,63222845440,48.569,48.353,770055580,389894493101,120196154503,646451541713
1307.807221,15438592,63236476928,48.169,48.353,770220877,389975533045,120221093414,646597313914
1308.076034,15441920,63250108416,50.710,48.354,770394621,390058261441,120246647826,646725802707
1308.351996,15445248,63263739904,49.396,48.354,770559032,390139264786,120271601088,646864506131
1308.624221,15448576,63277371392,50.074,48.354,770740098,390221100142,120296793235,646997880688
1308.909942,15451904,63291002880,47.709,48.354,770917573,390303499852,120322299226,647143692899
1309.184947,15455232,63304634368,49.568,48.354,771083646,390388854192,120348781745,647273740396
1309.463563,15458560,63318265856,48.926,48.354,771230483,390480302433,120377207134,647397203163
1309.738826,15461888,63331897344,49.522,48.355,771373247,390568119192,120404331221,647523191040
1310.008045,15465216,63345528832,50.633,48.355,771520762,390654616550,120431054311,647645435649
1310.285566,15468544,63359160320,49.119,48.355,771694499,390737540878,120456663289,647782188240
1310.570855,15471872,63372791808,47.781,48.355,771864955,390819473044,120481845839,647928663014
1310.856409,15475200,63386423296,47.737,48.355,772018031,390910239812,120509970594,648060122269
1311.139239,15478528,63400054784,48.197,48.355,772179138,390993267257,120535549661,648202135189
1311.420904,15481856,63413686272,48.396,48.355,772340907,391079071558,120562068379,648338103872
1311.703465,15485184,63427317760,48.243,48.355,772487604,391170188154,120590380051,648465885479
1311.978888,15488512,63440949248,49.493,48.355,772632608,391258978673,120617749549,648590778821
1312.254719,15491840,63454580736,49.420,48.355,772772625,391347234320,120645099113,648716898702
1312.542914,15495168,63468212224,47.300,48.355,772936504,391430260669,120670672462,648864252038
1312.829631,15498496,63481843712,47.543,48.355,773122798,391512783633,120696177699,649011023392
1313.095820,15501824,63495475200,51.210,48.356,773282871,391592903428,120720924889,649141172991
1313.374386,15505152,63509106688,48.934,48.356,773431509,391680880276,120747994125,649270818969
1313.651396,15508480,63522738176,49.209,48.356,773574067,391771076975,120775964373,649394721534
1313.950335,15511808,63536369664,45.600,48.355,773795267,391862385042,120804213681,649538780202
1314.225743,15515136,63550001152,49.496,48.355,773964692,391945782590,120829914437,649673033998
1314.496677,15518464,63563632640,50.313,48.356,774138402,392028303790,120855145318,649804331707
1314.766688,15521792,63577264128,50.485,48.356,774301850,392108926228,120879930732,649937551642
1315.033798,15525120,63590895616,51.033,48.357,774470201,392191844643,120905585993,650064055604
1315.310913,15528448,63604527104,49.191,48.357,774639473,392275194549,120931488966,650199698332
1315.594588,15531776,63618158592,48.053,48.357,774810710,392357367268,120956754458,650344010810
1315.869691,15535104,63631790080,49.550,48.357,774982425,392439078863,120981960577,650480418017
1316.158249,15538432,63645421568,47.240,48.357,775131489,392530700507,121010409462,650613233287
1316.441044,15541760,63659053056,48.203,48.357,775295568,392615710829,121036406629,650752337141
1316.724189,15545088,63672684544,48.143,48.357,775443429,392706531697,121064405625,650881466401
1316.997732,15548416,63686316032,49.833,48.357,775599733,392793919606,121091223740,651007235480
1317.274888,15551744,63699947520,49.183,48.357,775743106,392883438830,121118765252,651132757079
1317.558169,15555072,63713579008,48.120,48.357,775911988,392965599240,121144171067,651276721820
1317.845599,15558400,63727210496,47.425,48.357,776079647,393048496052,121169816242,651423365841
1318.116132,15561728,63740841984,50.388,48.358,776247415,393128470654,121194618711,651557951891
1318.386938,15565056,63754473472,50.337,48.358,776412605,393209546939,121219655080,651691062769
1318.664188,15568384,63768104960,49.167,48.358,776579084,393296570180,121246841801,651820418249
1318.946832,15571712,63781736448,48.228,48.358,776748831,393378191438,121271939100,651964707359
1319.219002,15575040,63795367936,50.084,48.358,776917270,393458503708,121296639046,652100702206
1319.489793,15578368,63808999424,50.340,48.359,777088275,393539363408,121321496777,652234465839
1319.763089,15581696,63822630912,49.878,48.359,777260793,393621056298,121346726189,652368995016
1320.028985,15585024,63836262400,51.266,48.360,777424641,393703166590,121372069283,652495583203
1320.304912,15588352,63849893888,49.403,48.360,777587856,393784823182,121397308306,652632805036
1320.591473,15591680,63863525376,47.569,48.360,777759112,393866174167,121422396367,652781096735
1320.871794,15595008,63877156864,48.628,48.360,777951830,393948829054,121447677435,652921631972
1321.160545,15598336,63890788352,47.208,48.360,778100934,394042375940,121476171403,653053018752
1321.449573,15601664,63904419840,47.163,48.359,778256789,394131604795,121503587259,653190948519
1321.726959,15604992,63918051328,49.143,48.359,778429231,394214192640,121529155083,653328275571
1322.000501,15608320,63931682816,49.833,48.360,778595548,394296767104,121554623203,653461938003
1322.274075,15611648,63945314304,49.827,48.360,778765148,394380272098,121580407704,653593714306
1322.552788,15614976,63958945792,48.909,48.360,778938650,394461316371,121605320669,653735168691
1322.840630,15618304,63972577280,47.357,48.360,779102099,394542037510,121630355079,653885920511
1323.111896,15621632,63986208768,50.251,48.360,779274204,394623666047,121655563984,654018620499
1323.393926,15624960,63999840256,48.333,48.360,779437975,394707832199,121681458551,654157841950
1323.664328,15628288,64013471744,50.412,48.361,779612724,394790691576,121706898092,654287823032
1323.948245,15631616,64027103232,48.012,48.361,779773913,394871028194,121731750998,654435433806
1324.226300,15634944,64040734720,49.024,48.361,779943896,394953586456,121757388551,654573268845
1324.496950,15638272,64054366208,50.366,48.361,780183954,395034678458,121782583645,654706018616
1324.771305,15641600,64067997696,49.685,48.362,780345404,395117495477,121808141212,654839757888
1325.041332,15644928,64081629184,50.482,48.362,780506369,395200644012,121833666791,654968808324
1325.319475,15648256,64095260672,49.009,48.362,780676560,395283895932,121859332262,655105660303
1325.602140,15651584,64108892160,48.225,48.362,780841952,395365322714,121884358929,655250391068
1325.878226,15654912,64122523648,49.374,48.362,781017947,395446621141,121909655020,655388154159
1326.164755,15658240,64136155136,47.575,48.362,781186059,395531484079,121935834968,655530980793
1326.444339,15661568,64149786624,48.756,48.362,781357218,395614079735,121961330320,655670288503
1326.728993,15664896,64163418112,47.888,48.362,781544280,395699341381,121987458815,655810639679
1327.001152,15668224,64177049600,50.086,48.362,781714082,395781277488,122012645048,655944017561
1327.274660,15671552,64190681088,49.839,48.363,781879760,395864253883,122038271794,656076849563
1327.562955,15674880,64204312576,47.283,48.363,782043070,395947959179,122063857324,656223640245
1327.838731,15678208,64217944064,49.430,48.363,782202505,396028264383,122088777350,656362979593
1328.114815,15681536,64231575552,49.374,48.363,782372969,396112363079,122114714276,656496465454
1328.388471,15684864,64245207040,49.812,48.363,782542953,396194504278,122139717005,656631349205
1328.663900,15688192,64258838528,49.492,48.364,782726481,396278341053,122165469770,656764850905
1328.948961,15691520,64272470016,47.819,48.363,782903162,396359443052,122190527408,656912287772
1329.227596,15694848,64286101504,48.922,48.364,783083320,396441283433,122215755311,657052185568
1329.503401,15698176,64299732992,49.424,48.364,783253673,396526697850,122241814736,657183699532
1329.778691,15701504,64313364480,49.517,48.364,783404703,396614806351,122269024417,657309509432
1330.044135,15704832,64326995968,51.353,48.365,783543014,396701581040,122295933525,657427587376
1330.325417,15708160,64340627456,48.462,48.365,783683632,396791300633,122323710692,657556520771
1330.609231,15711488,64354258944,48.030,48.365,783847845,396874375232,122349385503,657699404078
1330.888340,15714816,64367890432,48.839,48.365,784011944,396958440244,122375405362,657835852870
1331.172633,15718144,64381521920,47.949,48.365,784184141,397043291886,122401491658,657976584729
1331.456126,15721472,64395153408,48.084,48.364,784353232,397127858269,122427405105,658116936519
1331.736476,15724800,64408784896,48.623,48.365,784523247,397210199427,122452794862,658257556671
1332.007740,15728128,64422416384,50.252,48.365,784690166,397292172325,122478017965,658389842816
1332.282132,15731456,64436047872,49.679,48.365,784840545,397380801262,122505399493,658513949951
1332.565167,15734784,64449679360,48.162,48.365,785007691,397463923962,122530898953,658656353596
1332.852458,15738112,64463310848,47.448,48.365,785182381,397545792370,122555942677,658805033151
1333.132300,15741440,64476942336,48.711,48.365,785325113,397637195277,122583944276,658930289240
1333.408855,15744768,64490573824,49.290,48.365,785479920,397722518699,122610027700,659062622084
1333.678388,15748096,64504205312,50.575,48.366,785646308,397805379277,122635567872,659191603116
1333.977009,15751424,64517836800,45.648,48.365,785809078,397898612109,122664269547,659332271348
1334.251091,15754752,64531468288,49.735,48.365,785979435,397979121817,122689002323,659469715277
1334.525754,15758080,64545099776,49.630,48.366,786146378,398061512975,122714231858,659604720095
1334.800667,15761408,64558731264,49.585,48.366,786298715,398149515045,122741503033,659730272164
1335.073291,15764736,64572362752,50.001,48.366,786440406,398238886330,122769019279,659851583584
1335.352428,15768064,64585994240,48.834,48.366,786584663,398329486563,122796998888,659977062323
1335.642893,15771392,64599625728,46.930,48.366,786751030,398419972343,122824951932,660113950061
1335.925675,15774720,64613257216,48.205,48.366,786910929,398504825177,122851054089,660253031896
1336.205962,15778048,64626888704,48.634,48.366,787080784,398587123342,122876394463,660393820916
1336.487887,15781376,64640520192,48.351,48.366,787249936,398669615087,122901757770,660536096474
1336.767665,15784704,64654151680,48.723,48.366,787410660,398755188799,122928044806,660670869754
1337.043951,15788032,64667783168,49.338,48.366,787554808,398843737117,122955434416,660796721625
1337.320231,15791360,64681414656,49.339,48.366,787728272,398926773787,122980921964,660932385952
1337.598887,15794688,64695046144,48.919,48.367,787893158,399008182899,123006034213,661072911166
1337.891285,15798016,64708677632,46.620,48.366,788060253,399092117894,123031831690,661223314500
1338.162026,15801344,64722309120,50.349,48.367,788219557,399173684783,123056904423,661355736765
1338.439166,15804672,64735940608,49.186,48.367,788392209,399255972132,123082331194,661493442209
1338.709517,15808000,64749572096,50.421,48.367,788566990,399338168678,123107739120,661624434849
1338.989969,15811328,64763203584,48.605,48.367,788736000,399420544460,123133094148,661765173695
1339.271241,15814656,64776835072,48.464,48.367,788905490,399505636073,123159270158,661902386669
1339.545663,15817984,64790466560,49.673,48.367,789073813,399589520445,123185075942,662034636376
1339.816376,15821312,64804098048,50.354,48.368,789239511,399670325940,123210127622,662168170443
1340.084796,15824640,64817729536,50.784,48.368,789397845,399755436356,123236365401,662292054592
1340.357481,15827968,64831361024,49.990,48.369,789565720,399838547094,123262103918,662423561974
1340.643696,15831296,64844992512,47.627,48.369,789747423,399920525389,123287266991,662570929621
1340.922735,15834624,64858624000,48.851,48.369,789910328,400004883516,123313304037,662706893396
1341.208497,15837952,64872255488,47.702,48.369,790070931,400090102759,123339545057,662848226614
1341.488695,15841280,64885886976,48.649,48.369,790247925,400171641889,123364821688,662989959451
1341.764748,15844608,64899518464,49.380,48.369,790415084,400253079315,123390034026,663127709492
1342.039444,15847936,64913149952,49.624,48.369,790562237,400339447992,123416617685,663255869704
1342.310701,15851264,64926781440,50.253,48.369,790730753,400421542347,123441923350,663387770984
1342.599720,15854592,64940412928,47.165,48.369,790905481,400502470346,123466810430,663539602304
1342.882936,15857920,64954044416,48.131,48.369,791064935,400584160063,123491948152,663684382023
1343.155796,15861248,64967675904,49.958,48.369,791229209,400667177152,123517561444,663816436226
1343.431493,15864576,64981307392,49.444,48.370,791398379,400749030709,123542833675,663953418848
1343.705126,15867904,64994938880,49.817,48.370,791569726,400830958061,123568169271,664087871040
1343.986712,15871232,65008570368,48.410,48.370,791739421,400913211969,123593437335,664230147415
1344.266066,15874560,65022201856,48.796,48.370,791909778,400995648237,123619070489,664369335558
1344.532196,15877888,65035833344,51.221,48.371,792074223,401076512660,123644086494,664498246147
1344.808125,15881216,65049464832,49.402,48.371,792217745,401164084705,123671209860,664625385302
1345.076220,15884544,65063096320,50.846,48.371,792355610,401252411429,123698636838,664743430791
1345.357184,15887872,65076727808,48.517,48.371,792498814,401342976080,123726617765,664870419416
1345.646251,15891200,65090359296,47.157,48.371,792665511,401429284302,123753308467,665013086998
1345.920894,15894528,65103990784,49.634,48.371,792822598,401511594300,123778559912,665148441773
1346.206611,15897856,65117622272,47.710,48.371,792994070,401597378291,123805107750,665288581176
1346.485725,15901184,65131253760,48.838,48.371,793168890,401679698395,123830465754,665428010302
1346.767302,15904512,65144885248,48.411,48.371,793338755,401762351390,123855893206,665569482447
1347.038056,15907840,65158516736,50.346,48.372,793505832,401845831525,123881631504,665698698353
1347.306781,15911168,65172148224,50.727,48.372,793699334,401927232497,123906817066,665829243327
1347.589333,15914496,65185779712,48.244,48.372,793869734,402009475290,123932208780,665972280814
1347.875772,15917824,65199411200,47.589,48.372,794030365,402091884126,123957546168,666119009235
1348.152749,15921152,65213042688,49.215,48.372,794173349,402181641289,123985240230,666243872289
1348.431050,15924480,65226674176,48.981,48.372,794319664,402271667338,124013193229,666369190483
1348.706587,15927808,65240305664,49.472,48.372,794463585,402360290714,124040612699,666494223063
1348.992735,15931136,65253937152,47.638,48.372,794616052,402448003494,124067512588,666632059688
1349.278220,15934464,65267568640,47.748,48.372,794878732,402533428403,124093729884,666772914745
1349.553148,15937792,65281200128,49.582,48.372,795022759,402622667873,124121416930,666896327403
1349.827827,15941120,65294831616,49.627,48.373,795173182,402709938288,124148384069,667023107452
1350.095688,15944448,65308463104,50.890,48.373,795344792,402793368657,124174034367,667149796378
1350.369513,15947776,65322094592,49.782,48.373,795515140,402875952398,124199457733,667283715110
1350.658293,15951104,65335726080,47.204,48.373,795687527,402960534857,124225583509,667429070762
1350.939439,15954432,65349357568,48.486,48.373,795851681,403043126984,124251005893,667570270339
1351.225208,15957760,65362989056,47.701,48.373,795997114,403134204642,124279210058,667701626100
1351.514349,15961088,65376620544,47.145,48.373,796143994,403227145112,124308105571,667832864682
1351.802984,15964416,65390252032,47.227,48.373,796289873,403319161735,124336583834,667965574042
1352.080462,15967744,65403883520,49.126,48.373,796435603,403410309210,124364597691,668088690360
1352.355339,15971072,65417515008,49.591,48.373,796586209,403497192481,124391112029,668216914560
1352.640506,15974400,65431146496,47.802,48.373,796748539,403583825302,124417741769,668355502883
1352.932488,15977728,65444777984,46.686,48.373,796925115,403665953302,124442980200,668508487307
1353.203708,15981056,65458409472,50.260,48.373,797068009,403754130162,124470066921,668630296687
1353.486936,15984384,65472040960,48.129,48.373,797212148,403845251258,124498131852,668759195684
1353.763490,15987712,65485672448,49.291,48.373,797370744,403933556784,124525449752,668885874853
1354.048255,15991040,65499303936,47.869,48.373,797521143,404020653457,124552249511,669023049786
1354.333923,15994368,65512935424,47.718,48.373,797689842,404106476533,124578625164,669163260279
1354.604028,15997696,65526566912,50.467,48.373,797863907,404188023378,124603929135,669294839269
1354.881659,16001024,65540198400,49.099,48.373,798017776,404275928957,124631200908,669423251963
1355.149025,16004352,65553829888,50.984,48.374,798187930,404356686835,124656107030,669553766971
1355.422114,16007680,65567461376,49.916,48.374,798345998,404442860822,124682696764,669680883452
1355.714608,16011008,65581092864,46.604,48.374,798519689,404527778125,124708890043,669829364735
1355.993184,16014336,65594724352,48.933,48.374,798685045,404610769835,124734556138,669966963062
1356.274942,16017664,65608355840,48.380,48.374,798856722,404693290689,124760006445,670108895303
1356.555544,16020992,65621987328,48.580,48.374,799064948,404774219230,124784869882,670252259927
1356.837374,16024320,65635618816,48.368,48.374,799231167,404855332362,124809850916,670396433786
1357.110113,16027648,65649250304,49.980,48.374,799395695,404936765093,124835006597,670530924340
1357.384894,16030976,65662881792,49.609,48.375,799558863,405021204324,124861144222,670662291504
1357.670384,16034304,65676513280,47.748,48.374,799726984,405104143175,124886717934,670807096272
1357.953850,16037632,65690144768,48.089,48.374,799895863,405186234409,124912014451,670951282562
1358.218946,16040960,65703776256,51.421,48.375,800060105,405267424602,124937064815,671078729018
1358.498269,16044288,65717407744,48.802,48.375,800204739,405357583644,124965041212,671204792812
1358.774306,16047616,65731039232,49.383,48.375,800343676,405446139964,124992541731,671330322703
1359.058797,16050944,65744670720,47.915,48.375,800498520,405532628691,125019321095,671467801567
1359.345318,16054272,65758302208,47.576,48.375,800666792,405616468676,125045092054,671612329769
1359.619465,16057600,65771933696,49.723,48.375,800814837,405706095043,125072858719,671734184846
1359.900030,16060928,65785565184,48.586,48.375,800958653,405797269585,125101223748,671859583791
1360.169470,16064256,65799196672,50.592,48.376,801096832,405884954913,125128394845,671980158260
1360.447745,16067584,65812828160,48.986,48.376,801257274,405973450459,125155586937,672108656216
1360.731874,16070912,65826459648,47.977,48.376,801426878,406053446095,125180231921,672257015235
1361.010408,16074240,65840091136,48.940,48.376,801591445,406135108585,125205398834,672397166132
1361.294602,16077568,65853722624,47.965,48.376,801766290,406217515390,125230637159,672541781001
1361.570795,16080896,65867354112,49.355,48.376,801936400,406298879091,125255700115,672680013503
1361.855109,16084224,65880985600,47.945,48.376,802092197,406385290701,125282364598,672817969581
1362.130189,16087552,65894617088,49.555,48.376,802239969,406472734474,125309480158,672944427698
1362.404996,16090880,65908248576,49.604,48.376,802385538,406562112148,125337254136,673067317926
1362.693931,16094208,65921880064,47.178,48.376,802541980,406648339986,125363872740,673210033651
1362.983438,16097536,65935511552,47.085,48.376,802714082,406728795938,125388903337,673362861088
1363.256878,16100864,65949143040,49.852,48.376,802887329,406810139932,125413908819,673498482038
1363.530158,16104192,65962774528,49.881,48.376,803060572,406892562885,125439247577,673631981113
1363.806518,16107520,65976406016,49.325,48.377,803215074,406978664512,125465836525,673762238761
1364.093244,16110848,65990037504,47.542,48.376,803378668,407065205610,125492715559,673901967530
1364.374602,16114176,66003668992,48.449,48.377,803579699,407147102154,125517877934,674044712156
1364.652740,16117504,66017300480,49.010,48.377,803755189,407232065371,125543925670,674178973859
1364.928238,16120832,66030931968,49.479,48.377,803924883,407315623183,125569556257,674312909944
1365.203153,16124160,66044563456,49.584,48.377,804093581,407398903115,125595329242,674446244472
1365.473202,16127488,66058194944,50.478,48.378,804260162,407481348545,125620655875,674576630831
1365.765185,16130816,66071826432,46.686,48.377,804425606,407567683647,125647167086,674722529557
1366.045676,16134144,66085457920,48.599,48.377,804591191,407650374497,125672674616,674862831118
1366.324315,16137472,66099089408,48.922,48.377,804759429,407730981520,125697550442,675004805392
1366.608395,16140800,66112720896,47.985,48.377,804920912,407816191557,125723741985,675144532965
1366.896393,16144128,66126352384,47.332,48.377,805078974,407905098733,125750915145,675282366689
1367.170918,16147456,66139983872,49.655,48.377,805229897,407994362155,125778350024,675405604276
1367.449943,16150784,66153615360,48.854,48.377,805372582,408084770397,125806293564,675531191942
1367.736025,16154112,66167246848,47.649,48.377,805522000,408174929546,125834184006,675664356355
1368.041285,16157440,66180878336,44.655,48.376,805680492,408266119742,125862042274,675815672145
1368.311491,16160768,66194509824,50.448,48.377,805851247,408348777769,125887457137,675945881478
1368.588661,16164096,66208141312,49.181,48.377,806023941,408431534571,125912968741,676082877563
1368.867813,16167424,66221772800,48.832,48.377,806176108,408520717063,125940578719,676210812554
1369.148054,16170752,66235404288,48.642,48.377,806346331,408602538567,125965911150,676351999348
1369.436064,16174080,66249035776,47.330,48.377,806488814,408692351449,125993514942,676488186562
1369.715131,16177408,66262667264,48.847,48.377,806631199,408783149243,126021593183,676612917353
1369.989685,16180736,66276298752,49.650,48.377,806772060,408871481344,126048904384,676737470605
1370.261605,16184064,66289930240,50.130,48.378,806927666,408955670808,126074878036,676866553758
1370.532549,16187392,66303561728,50.311,48.378,807093426,409039679347,126100606168,676995210034
1370.814032,16190720,66317193216,48.427,48.378,807270322,409119350874,126125047134,677141738603
1371.095524,16194048,66330824704,48.426,48.378,807439795,409203085455,126150832810,677281278352
1371.385236,16197376,66344456192,47.052,48.378,807596346,409293105630,126178524586,677418677865
1371.668839,16200704,66358087680,48.065,48.378,807768429,409379977212,126204902582,677555839278
1371.950402,16204032,66371719168,48.414,48.378,807929207,409464806154,126230731090,677694496106
1372.227464,16207360,66385350656,49.200,48.378,808070661,409553828184,126258264218,677820412676
1372.504586,16210688,66398982144,49.189,48.378,808217754,409643958367,126286243964,677944449927
1372.800113,16214016,66412613632,46.126,48.377,808371389,409734136307,126314054797,678086935548
1373.084856,16217344,66426245120,47.873,48.377,808539231,409817700902,126339843192,678229872643
1373.357327,16220672,66439876608,50.029,48.378,808710523,409899381703,126365007312,678363736191
1373.630377,16224000,66453508096,49.923,48.378,808888349,409980953433,126389950046,678498840821
1373.903527,16227328,66467139584,49.905,48.378,809092320,410062685468,126415128755,678633205399
1374.182746,16230656,66480771072,48.820,48.378,809258407,410144645873,126440239834,678773752203
1374.476275,16233984,66494402560,46.440,48.378,809415746,410232526002,126467137642,678918663835
1374.744444,16237312,66508034048,50.832,48.378,809587143,410313247155,126492001382,679050002598
1375.019519,16240640,66521665536,49.556,48.379,809753777,410395706687,126517639627,679184971658
1375.291859,16243968,66535297024,50.053,48.379,809921434,410477490898,126542753370,679318879762
1375.562813,16247296,66548928512,50.309,48.379,810094117,410560065295,126568315715,679449701921
1375.849157,16250624,66562560000,47.605,48.379,810270988,410642848846,126594056872,679595453759
1376.127842,16253952,66576191488,48.914,48.379,810440123,410726055207,126619773938,679733018901
1376.407750,16257280,66589822976,48.700,48.379,810608356,410806527212,126644680752,679876223787
1376.686445,16260608,66603454464,48.912,48.380,810776510,410889251813,126670273479,680014520530
1376.968006,16263936,66617085952,48.414,48.380,810942464,410972342641,126695898423,680155094354
1377.241327,16267264,66630717440,49.874,48.380,811082004,411060392891,126723037243,680279036421
1377.517003,16270592,66644348928,49.448,48.380,811223733,411149993234,126750723461,680402873335
1377.810744,16273920,66657980416,46.407,48.380,811379377,411239103100,126778140038,680545785119
1378.099791,16277248,66671611904,47.160,48.379,811544412,411326592210,126805085243,680686609726
1378.373774,16280576,66685243392,49.753,48.380,811715194,411409159260,126830301369,680820913968
1378.647492,16283904,66698874880,49.801,48.380,811883429,411492767150,126856074772,680952850910
1378.924631,16287232,66712506368,49.186,48.380,812032591,411581616092,126883536040,681079370948
1379.203745,16290560,66726137856,48.839,48.380,812200089,411664718702,126909210400,681217542877
1379.487296,16293888,66739769344,48.074,48.380,812374469,411746850686,126934597581,681361827252
1379.762421,16297216,66753400832,49.547,48.380,812538260,411832715145,126961072269,681491368363
1380.041837,16300544,66767032320,48.785,48.380,812684940,411924322948,126989295180,681615773764
1380.314518,16303872,66780663808,49.991,48.381,812824880,412013257031,127016796665,681737516591
1380.586843,16307200,66794295296,50.056,48.381,812962090,412101268706,127044129458,681860002440
1380.875116,16310528,66807926784,47.287,48.381,813130605,412185391600,127070123410,682005591777
1381.157775,16313856,66821558272,48.226,48.381,813290063,412268672245,127095876615,682146912814
1381.436692,16317184,66835189760,48.873,48.381,813452219,412349443740,127120714098,682289064166
1381.717191,16320512,66848821248,48.597,48.381,813620526,412432042225,127145965396,682430032983
1382.007290,16323840,66862452736,46.989,48.381,813770094,412523756005,127174166412,682564881801
1382.283457,16327168,66876084224,49.359,48.381,813937249,412609181078,127200357792,682696594855
1382.555923,16330496,66889715712,50.030,48.381,814156063,412689836163,127225053992,682832475284
1382.839012,16333824,66903347200,48.153,48.381,814314250,412777957298,127252122732,682966278266
1383.135761,16337152,66916978688,45.936,48.381,814464250,412872772394,127281515038,683102128215
1383.481585,16340480,66930610176,39.417,48.378,814626751,412954599759,127306746943,683309339184
1383.842964,16343808,66944241664,37.721,48.376,814797269,413036163502,127331798923,683532428891
1384.211202,16347136,66957873152,37.018,48.373,814975020,413118179934,127357186262,683761503413
1384.579211,16350464,66971504640,37.041,48.370,815142681,413203207896,127383245912,683985617901
1384.960739,16353792,66985136128,35.729,48.366,815350657,413288869127,127409629614,684222169279
1385.327688,16357120,66998767616,37.148,48.363,815520923,413373158285,127435525947,684446223481
1385.693234,16360448,67012399104,37.291,48.360,815693975,413457595315,127461525643,684668733054
1386.072370,16363776,67026030592,35.954,48.357,815872603,413549936209,127489358506,684893202533
1386.442680,16367104,67039662080,36.811,48.354,816042811,413634767132,127515563932,685119656808
1386.820543,16370432,67053293568,36.075,48.350,816220008,413724818841,127543127609,685345366665
1387.183204,16373760,67066925056,37.587,48.348,816403835,413810647914,127569489481,685562758637
1387.545916,16377088,67080556544,37.582,48.345,816583074,413895781873,127595900537,685780845956
1387.916831,16380416,67094188032,36.751,48.342,816765492,413984359574,127623155774,686001733142
1388.280499,16383744,67107819520,37.483,48.339,816944652,414070290365,127649664773,686219647709
1388.631992,16387072,67121451008,38.782,48.336,817156966,414153577642,127675324280,686430077800
1388.985503,16390400,67135082496,38.560,48.334,817378724,414239333331,127701737740,686638113593
1389.347302,16393728,67148713984,37.677,48.331,817547310,414321701489,127727080508,686860217799
1389.716321,16397056,67162345472,36.940,48.328,817726833,414407176572,127753632978,687083926100
1390.074848,16400384,67175976960,38.021,48.325,817898420,414489262071,127778969305,687303419742
1390.427955,16403712,67189608448,38.604,48.323,818079585,414572495852,127804514611,687515518178
1390.789726,16407040,67203239936,37.680,48.320,818279526,414658753428,127831251297,687730925422
1391.150917,16410368,67216871424,37.740,48.317,818454467,414744153147,127857509567,687947380555
1391.529239,16413696,67230502912,36.031,48.314,818637547,414832792850,127884740071,688175493944
1391.877272,16417024,67244134400,39.167,48.312,818808446,414915205788,127909971796,688384022629
1392.229910,16420352,67257765888,38.656,48.309,818981486,414999669126,127936070968,688593580688
1392.584919,16423680,67271397376,38.398,48.307,819167902,415083777217,127961947091,688805911138
1392.950104,16427008,67285028864,37.328,48.304,819341793,415173348470,127989538208,689019311000
1393.338296,16430336,67298660352,35.115,48.300,819511677,415257845789,128015571231,689264089573
1393.721997,16433664,67312291840,35.526,48.297,819686649,415341110811,128041093913,689506991920
1394.099412,16436992,67325923328,36.118,48.293,819861033,415424198553,128066644011,689743587600
1394.479031,16440320,67339554816,35.908,48.290,820024442,415504960212,128091840415,689985755132
1394.869478,16443648,67353186304,34.913,48.286,820196315,415590039623,128117989974,690232008545
1395.238252,16446976,67366817792,36.964,48.283,820367735,415673295535,128143573053,690459655358
1395.557410,16450304,67380449280,42.711,48.282,820533033,415755314499,128168663279,690640185288
1395.839816,16453632,67394080768,48.269,48.282,820701185,415838229487,128194194259,690782171956
1396.127534,16456960,67407712256,47.378,48.282,820860229,415925508756,128221232036,690921509567
1396.403312,16460288,67421343744,49.429,48.282,821027547,416006980643,128246251820,691059376175
1396.673991,16463616,67434975232,50.360,48.283,821192443,416088965637,128271597411,691190679330
1396.948875,16466944,67448606720,49.590,48.283,821364149,416172523310,128297117132,691324474855
1397.222398,16470272,67462238208,49.837,48.283,821529607,416253980297,128322050223,691460260123
1397.509442,16473600,67475869696,47.489,48.283,821703988,416336404712,128347408769,691607630890
1397.783134,16476928,67489501184,49.806,48.283,821865245,416420503593,128373277035,691739012574
1398.057673,16480256,67503132672,49.652,48.284,822005254,416509137836,128400706263,691863102722
1398.330843,16483584,67516764160,49.901,48.284,822145050,416598602305,128428339660,691984350641
1398.600740,16486912,67530395648,50.506,48.284,822293092,416684421802,128454918608,692108511252
1398.888837,16490240,67544027136,47.316,48.284,822460488,416769758590,128481173999,692251876347
1399.173079,16493568,67557658624,47.957,48.284,822622670,416852825621,128506817676,692395281452
1399.455104,16496896,67571290112,48.334,48.284,822769140,416942223289,128534366613,692525628824
1399.739906,16500224,67584921600,47.863,48.284,822932077,417026764061,128560428609,692667023406
1400.024452,16503552,67598553088,47.906,48.284,823104611,417110910559,128586274889,692808982396
1400.293078,16506880,67612184576,50.745,48.284,823267838,417192791041,128611527132,692938698926
1400.564867,16510208,67625816064,50.155,48.285,823429522,417276747783,128637381519,693068240274
1400.844896,16513536,67639447552,48.679,48.285,823595417,417359688605,128663032189,693207640387
1401.130176,16516864,67653079040,47.783,48.285,823757551,417444197931,128689046497,693349687389
1401.417538,16520192,67666710528,47.437,48.284,823918746,417531413022,128716085242,693488951691
1401.691169,16523520,67680342016,49.817,48.285,824077705,417615581477,128742092961,693619852310
1401.969643,16526848,67693973504,48.951,48.285,824250092,417699367272,128767904888,693756082512
1402.245084,16530176,67707604992,49.490,48.285,824419678,417782247091,128793353245,693891125185
1402.534381,16533504,67721236480,47.119,48.285,824593411,417864796803,128818719710,694040588940
1402.806052,16536832,67734867968,50.176,48.285,824760546,417945661877,128843638263,694175143501
1403.077698,16540160,67748499456,50.181,48.286,824933241,418027744961,128868883588,694307605325
1403.346598,16543488,67762130944,50.693,48.286,825094530,418108311511,128893754556,694439868253
1403.616150,16546816,67775762432,50.571,48.287,825262524,418189811099,128918798012,694571413728
1403.898780,16550144,67789393920,48.231,48.287,825423507,418272059520,128944120371,694714602143
1404.175480,16553472,67803025408,49.264,48.287,825592268,418351396202,128968661213,694856640293
1404.452467,16556800,67816656896,49.214,48.287,825761838,418432995240,128993747480,694995323994
1404.734932,16560128,67830288384,48.259,48.287,825930569,418515189640,129019298357,695137896373
1405.020554,16563456,67843919872,47.726,48.287,826171217,418601689814,129045967445,695276712344
1405.293696,16566784,67857551360,49.906,48.287,826324558,418687026709,129072464284,695404631131
1405.565102,16570112,67871182848,50.226,48.287,826487686,418771231031,129098359647,695533047103
1405.847365,16573440,67884814336,48.293,48.287,826650278,418857600572,129125065708,695668819461
1406.138223,16576768,67898445824,46.867,48.287,826821200,418941266051,129151177445,695817344122
1406.412721,16580096,67912077312,49.660,48.287,826992005,419023484008,129176461660,695952453995
1406.683365,16583424,67925708800,50.367,48.288,827170709,419105405541,129201700355,696084031850
1406.961011,16586752,67939340288,49.097,48.288,827339095,419188906429,129227485738,696219899785
1407.232555,16590080,67952971776,50.200,48.288,827506832,419271784539,129253061240,696350881672
1407.522874,16593408,67966603264,46.953,48.288,827690352,419351513783,129277703384,696505927781
1407.790254,16596736,67980234752,50.982,48.289,827861697,419433815390,129303014676,696633748162
1408.062671,16600064,67993866240,50.039,48.289,828028726,419516947510,129328690563,696765053455
1408.333322,16603392,68007497728,50.366,48.289,828201040,419598924137,129353988511,696896572256
1408.599748,16606720,68021129216,51.164,48.290,828368028,419680521798,129379146814,697024714791
1408.880931,16610048,68034760704,48.479,48.290,828534572,419762042013,129404181645,697167916649
1409.157731,16613376,68048392192,49.247,48.290,828735067,419844203305,129429392020,697305462824
1409.437341,16616704,68062023680,48.752,48.290,828934309,419926669994,129454706768,697445263620
1409.721527,16620032,68075655168,47.967,48.290,829105036,420008876530,129480077888,697590164696
1410.005841,16623360,68089286656,47.945,48.290,829260638,420097607798,129507335465,697724299114
1410.284453,16626688,68102918144,48.926,48.290,829433284,420182062478,129533410835,697859738043
1410.553453,16630016,68116549632,50.675,48.291,829604173,420262529234,129558067069,697992362749
1410.834771,16633344,68130181120,48.456,48.291,829769750,420346100936,129583771239,698132156588
1411.114994,16636672,68143812608,48.645,48.291,829926681,420430254889,129609797583,698269777029
1411.395937,16640000,68157444096,48.521,48.291,830095737,420513507052,129635367883,698409672432
1411.668608,16643328,68171075584,49.992,48.291,830265190,420596665045,129661030939,698541245842
1411.941258,16646656,68184707072,49.996,48.291,830428002,420680923612,129687057669,698670633819
1412.211944,16649984,68198338560,50.359,48.292,830643674,420762332952,129712183775,698803160512
1412.499318,16653312,68211970048,47.435,48.292,830815730,420844591307,129737598760,698950969594
1412.770117,16656640,68225601536,50.338,48.292,830988015,420925408639,129762501065,699084698641
1413.040846,16659968,68239233024,50.351,48.292,831163995,421007354607,129787997876,699216358798
1413.307874,16663296,68252864512,51.049,48.293,831332972,421088961187,129813128927,699344967230
1413.577880,16666624,68266496000,50.486,48.293,831498299,421171456076,129838625572,699475047805
1413.861436,16669952,68280127488,48.073,48.293,831666802,421254466752,129864242462,699617731310
1414.145714,16673280,68293758976,47.951,48.293,831830517,421337969642,129889967920,699760430762
1414.426162,16676608,68307390464,48.606,48.293,832008495,421420950607,129915548008,699900024242
1414.706557,16679936,68321021952,48.615,48.293,832172256,421503896328,129941078800,700039759630
1414.991108,16683264,68334653440,47.905,48.293,832325282,421591293274,129968330967,700175750922
1415.265464,16686592,68348284928,49.685,48.294,832492546,421675029987,129994146889,700308228252
1415.542518,16689920,68361916416,49.202,48.294,832665929,421759214926,130019959138,700442662237
1415.816305,16693248,68375547904,49.789,48.294,832840422,421839896421,130044771497,700579487452
1416.097149,16696576,68389179392,48.538,48.294,833013459,421924744787,130070688513,700717460227
1416.385804,16699904,68402810880,47.224,48.294,833184578,422006648456,130095961736,700867245054
1416.661516,16703232,68416442368,49.441,48.294,833357802,422090466583,130121657851,701001156739
1416.936875,16706560,68430073856,49.504,48.294,833524424,422172498111,130146914657,701137488730
1417.209885,16709888,68443705344,49.930,48.295,833667226,422262062753,130174642130,701258702999
1417.501143,16713216,68457336832,46.802,48.294,833835696,422346466054,130200762992,701406605473
1417.773147,16716544,68470968320,50.115,48.295,834004542,422429801669,130226395246,701537267626
1418.050360,16719872,68484599808,49.173,48.295,834149108,422520626649,130254501258,701660610568
1418.322866,16723200,68498231296,50.023,48.295,834312152,422603218624,130279863909,701793164944
1418.587920,16726528,68511862784,51.429,48.296,834476248,422685011548,130305072121,701919511368
1418.871962,16729856,68525494272,47.991,48.296,834650225,422772908227,130332087470,702054608473
1419.153163,16733184,68539125760,48.476,48.296,834824597,422856146315,130357637501,702194918855
1419.433007,16736512,68552757248,48.711,48.296,834993935,422939236904,130383288106,702333813058
1419.712993,16739840,68566388736,48.686,48.296,835166779,423020144766,130408261958,702476518290
1419.990605,16743168,68580020224,49.103,48.296,835333932,423102517763,130433710673,702614563686
1420.260851,16746496,68593651712,50.441,48.297,835504982,423183417614,130458586049,702747737797
1420.530816,16749824,68607283200,50.494,48.297,835674417,423265719455,130484006358,702878282955
1420.805660,16753152,68620914688,49.597,48.297,835833714,423349638147,130509979227,703010704297
1421.090804,16756480,68634546176,47.806,48.297,835998642,423432408847,130535414793,703155542793
1421.370317,16759808,68648177664,48.769,48.297,836169576,423514918218,130560886627,703295090416
1421.639943,16763136,68661809152,50.557,48.298,836342483,423596489537,130585980513,703426521695
1421.911016,16766464,68675440640,50.287,48.298,836504457,423679185165,130611404529,703557432061
1422.184381,16769792,68689072128,49.866,48.298,836669323,423761452719,130636626697,703691516419
1422.477777,16773120,68702703616,46.461,48.298,836836401,423844080842,130662030084,703844850269
1422.747332,16776448,68716335104,50.570,48.298,837006191,423925052731,130687134275,703976858731
1423.018769,16779776,68729966592,50.220,48.299,837178512,424006435234,130712412572,704110085994
1423.286881,16783104,68743598080,50.843,48.299,837337404,424086433956,130737120288,704242479618
1423.551580,16786432,68757229568,51.498,48.300,837507571,424167008376,130761869511,704370592787
1423.833010,16789760,68770861056,48.437,48.300,837677526,424249440339,130787246276,704512093211
1424.112686,16793088,68784492544,48.740,48.300,837844023,424331738065,130812681060,704651922646
1424.392033,16796416,68798124032,48.798,48.300,838009554,424413702544,130837959269,704792238858
1424.676084,16799744,68811755520,47.990,48.300,838180451,424495853673,130863170058,704937112659
1424.958745,16803072,68825387008,48.225,48.300,838352473,424579438831,130888949450,705078035243
1425.234972,16806400,68839018496,49.349,48.300,838516403,424662333119,130914227124,705214427006
1425.504653,16809728,68852649984,50.547,48.301,838689998,424743990208,130939256124,705345894723
1425.780631,16813056,68866281472,49.393,48.301,838866825,424827170168,130965064049,705480865960
1426.078850,16816384,68879912960,45.710,48.300,839016011,424921701321,130993733287,705620068752
1426.363360,16819712,68893544448,47.912,48.300,839157505,425011726310,131021456651,705751851121
1426.640313,16823040,68907175936,49.220,48.300,839299502,425101502243,131049145939,705876507819
1426.916634,16826368,68920807424,49.332,48.301,839442447,425191245487,131076876661,706000580588
1427.191021,16829696,68934438912,49.680,48.301,839633908,425275074530,131102475171,706133534543
1427.489060,16833024,68948070400,45.737,48.300,839808725,425367727692,131131168574,706274301844
1427.764858,16836352,68961701888,49.426,48.300,839982588,425451014251,131156777982,706408921061
1428.031862,16839680,68975333376,51.054,48.301,840166554,425533745809,131182299197,706535588177
1428.304237,16843008,68988964864,50.047,48.301,840336836,425616291375,131207791510,706667887453
1428.571903,16846336,69002596352,50.927,48.302,840497750,425696384447,131232447086,706799786568
1428.849943,16849664,69016227840,49.027,48.302,840693985,425776949019,131257289203,706941253037
1429.127339,16852992,69029859328,49.141,48.302,840865803,425857530989,131282277955,707081799399
1429.408901,16856320,69043490816,48.414,48.302,841032772,425940155286,131307630568,707223473441
1429.687775,16859648,69057122304,48.880,48.302,841198707,426024928964,131333705248,707358847462
1429.978457,16862976,69070753792,46.895,48.302,841350693,426117571247,131362198799,707492844928
1430.254394,16866304,69084385280,49.401,48.302,841509226,426203256325,131388496064,707623568206
1430.530461,16869632,69098016768,49.377,48.302,841683506,426285706953,131413981100,707759582322
1430.807832,16872960,69111648256,49.145,48.303,841838178,426375191079,131441396749,707885786321
1431.094127,16876288,69125279744,47.613,48.302,841984810,426466959408,131469677343,708016675811
1431.380732,16879616,69138911232,47.562,48.302,842158767,426550625354,131495380463,708161852743
1431.650854,16882944,69152542720,50.464,48.303,842330899,426633248538,131520870447,708291982120
1431.927216,16886272,69166174208,49.325,48.303,842484530,426718477375,131546770314,708424806906
1432.203307,16889600,69179805696,49.373,48.303,842630871,426808339832,131574550495,708548669860
1432.499294,16892928,69193437184,46.054,48.303,842797906,426898085308,131602236616,708692459028
1432.770557,16896256,69207068672,50.252,48.303,842974372,426978556090,131627111450,708827051261
1433.042160,16899584,69220700160,50.189,48.303,843143236,427061600923,131652632978,708958060985
1433.314085,16902912,69234331648,50.130,48.304,843306010,427143010964,131677859857,709091741585
1433.581696,16906240,69247963136,50.938,48.304,843481893,427225035725,131703026262,709220262507
1433.860347,16909568,69261594624,48.920,48.304,843649253,427306966487,131728318543,709359884990
1434.140606,16912896,69275226112,48.639,48.304,843816685,427388968027,131753670923,709501071388
1434.419812,16916224,69288857600,48.822,48.304,843986118,427471690797,131779047415,709640183678
1434.709018,16919552,69302489088,47.134,48.304,844199319,427556321775,131805011829,709785784021
1434.984362,16922880,69316120576,49.507,48.304,844369230,427638552358,131830354403,709921614890
1435.253349,16926208,69329752064,50.677,48.305,844537708,427718913898,131855029090,710054519321
1435.524694,16929536,69343383552,50.237,48.305,844699347,427802190286,131880414956,710185529633
1435.807420,16932864,69357015040,48.214,48.305,844846366,427893500508,131908597319,710313374991
1436.095767,16936192,69370646528,47.275,48.305,845015225,427976849661,131934257649,710460411121
1436.379962,16939520,69384278016,47.965,48.305,845185454,428062520064,131960574079,710599570105
1436.654003,16942848,69397909504,49.743,48.305,845357199,428145746290,131986206407,710732643449
1436.935804,16946176,69411540992,48.373,48.305,845529580,428230680611,132012580504,710870413914
1437.212466,16949504,69425172480,49.271,48.305,845702816,428315545956,132038739552,711003153377
1437.501393,16952832,69438803968,47.180,48.305,845876115,428398598338,132064233694,711151514618
1437.772704,16956160,69452435456,50.243,48.306,846042802,428480363087,132089310611,711284563341
1438.041285,16959488,69466066944,50.754,48.306,846211334,428562380433,132114552727,711413948064
1438.313935,16962816,69479698432,49.996,48.306,846376627,428643937864,132139828966,711548186427
1438.580749,16966144,69493329920,51.090,48.307,846562059,428727716174,132165525167,711673203970
1438.860804,16969472,69506961408,48.674,48.307,846732909,428809781693,132190645551,711814341108
1439.140282,16972800,69520592896,48.775,48.307,846902417,428891389962,132215719922,711955500586
1439.419497,16976128,69534224384,48.821,48.307,847068861,428974127643,132241091029,712094484906
1439.696827,16979456,69547855872,49.153,48.307,847234270,429054549287,132265803321,712235613733
1439.978648,16982784,69561487360,48.369,48.307,847396445,429140061835,132292150666,712372546978
1440.260688,16986112,69575118848,48.332,48.307,847561119,429226011337,132318671740,712508814536
1440.528418,16989440,69588750336,50.915,48.308,847726759,429309007537,132344084596,712635931405
1440.801757,16992768,69602381824,49.870,48.308,847887691,429391747158,132369559610,712769131075
1441.086643,16996096,69616013312,47.849,48.308,848044879,429476261331,132395506579,712910860419
1441.368230,16999424,69629644800,48.410,48.308,848236955,429561302102,132421517427,713048662959
1441.642649,17002752,69643276288,49.674,48.308,848379771,429649357833,132448679686,713173606155
1441.922710,17006080,69656907776,48.673,48.308,848524369,429740633562,132477081828,713298565779
1442.197251,17009408,69670539264,49.652,48.309,848668449,429829272211,132504598356,713422532811
1442.489148,17012736,69684170752,46.700,48.308,848830054,429915471081,132531179046,713568201736
1442.768239,17016064,69697802240,48.842,48.308,848986983,430003613430,132558395110,713697872509
1443.038829,17019392,69711433728,50.377,48.309,849149802,430084514135,132583216526,713831419179
1443.313076,17022720,69725065216,49.705,48.309,849330513,430168751893,132609197401,713963078292
1443.581674,17026048,69738696704,50.750,48.309,849498870,430252701096,132634830739,714089908083
1443.862362,17029376,69752328192,48.565,48.310,849666246,430335051373,132660218052,714231165928
1444.144933,17032704,69765959680,48.241,48.310,849832083,430417177655,132685526878,714374604675
1444.427906,17036032,69779591168,48.172,48.310,850003269,430499439971,132710911737,714518058658
1444.708767,17039360,69793222656,48.535,48.310,850174703,430581634683,132736249515,714659617498
1444.992133,17042688,69806854144,48.105,48.310,850338829,430665869727,132762183536,714800316250
1445.267465,17046016,69820485632,49.509,48.310,850513607,430748817804,132787938241,714934729090
1445.542513,17049344,69834117120,49.560,48.310,850680637,430830908016,132813295372,715070189160
1445.815436,17052672,69847748608,49.946,48.310,850850161,430913666264,132838837500,715202720600
1446.094847,17056000,69861380096,48.787,48.310,851018533,431000014632,132865402863,715335737985
1446.385606,17059328,69875011584,46.882,48.310,851188411,431083154576,132891059145,715485444457
1446.652858,17062656,69888643072,51.006,48.311,851354190,431163174013,132915821847,715616716120
1446.928219,17065984,69902274560,49.504,48.311,851541577,431245523876,132941117515,715752602489
1447.200093,17069312,69915906048,50.139,48.311,851715529,431329784044,132967307246,715881251082
1447.490273,17072640,69929537536,46.976,48.311,851884399,431414645555,132993403886,716027533391
1447.766410,17075968,69943169024,49.365,48.311,852061787,431496986627,133018737557,716164166748
1448.039070,17079296,69956800512,49.994,48.311,852223493,431582060910,133044935911,716292691639
1448.312380,17082624,69970432000,49.876,48.312,852389721,431665166574,133070616136,716425042554
1448.579061,17085952,69984063488,51.115,48.312,852558308,431747650162,133096047287,716551984063
1448.855175,17089280,69997694976,49.369,48.312,852728009,431828441991,133121121199,716690897854
1449.138711,17092608,70011326464,48.077,48.312,852893999,431911533492,133146695365,716833610990
1449.419430,17095936,70024957952,48.559,48.312,853060592,431995704115,133172709190,716971423272
1449.697405,17099264,70038589440,49.039,48.313,853230219,432076653354,133197676852,717112109949
1449.978338,17102592,70052220928,48.522,48.313,853401890,432159669380,133223220107,717252342344
1450.254745,17105920,70065852416,49.317,48.313,853565514,432242465729,133248726751,717388363092
1450.524266,17109248,70079483904,50.577,48.313,853732516,432322573634,133273332804,717522143934
1450.796539,17112576,70093115392,50.066,48.314,853896019,432404261058,133298670453,717655971975
1451.083558,17115904,70106746880,47.493,48.313,854070182,432487754066,133324433219,717801521180
1451.361202,17119232,70120378368,49.097,48.314,854235390,432568607622,133349332007,717942122331
1451.630919,17122560,70134009856,50.540,48.314,854407816,432650686258,133374609269,718072593510
1451.907950,17125888,70147641344,49.206,48.314,854574846,432735159630,133400790966,718206315208
1452.179128,17129216,70161272832,50.268,48.314,854738432,432816289175,133425754644,718340083302
1452.465988,17132544,70174904320,47.520,48.314,854909908,432898622867,133451290412,718487322891
1452.741876,17135872,70188535808,49.410,48.315,855111055,432979747296,133476271561,718625503527
1453.013565,17139200,70202167296,50.173,48.315,855279977,433062503747,133501741084,718757032627
1453.287116,17142528,70215798784,49.832,48.315,855446873,433144845204,133527133642,718891111968
1453.549481,17145856,70229430272,51.956,48.316,855609325,433224773103,133551730966,719017877660
1453.828444,17149184,70243061760,48.865,48.316,855785142,433307483278,133577325222,719156437920
1454.111461,17152512,70256693248,48.165,48.316,855957269,433391033759,133602941045,719298188447
1454.387948,17155840,70270324736,49.302,48.316,856122994,433473199098,133628284521,719435060659
1454.674654,17159168,70283956224,47.545,48.316,856285883,433559295010,133654757332,719576028683
1454.962483,17162496,70297587712,47.360,48.316,856430820,433651218898,133683235777,719707823688
1455.241706,17165824,70311219200,48.819,48.316,856589056,433734375295,133708776603,719846360452
1455.513057,17169152,70324850688,50.236,48.316,856752862,433817847701,133734468249,719976226523
1455.786914,17172480,70338482176,49.776,48.316,856926660,433900374372,133760040487,720109967096
1456.075865,17175808,70352113664,47.176,48.316,857080375,433988390783,133787133637,720249636207
1456.359466,17179136,70365745152,48.066,48.316,857253843,434070484295,133812260820,720394323204
1456.632912,17182464,70379376640,49.851,48.316,857421230,434152603480,133837671565,720528216087
1456.904020,17185792,70393008128,50.281,48.317,857588973,434234612839,133863012012,720660308353
1457.172465,17189120,70406639616,50.779,48.317,857756698,434315119411,133887901560,720792296284
1457.457361,17192448,70420271104,47.847,48.317,857927762,434397247509,133913244241,720937978469
1457.731223,17195776,70433902592,49.775,48.317,858100977,434478922032,133938489285,721073194453
1458.003608,17199104,70447534080,50.045,48.318,858262018,434562567891,133964316998,721203570656
1458.274486,17202432,70461165568,50.323,48.318,858429304,434645582797,133989992952,721333514928
1458.539940,17205760,70474797056,51.352,48.319,858588693,434726768721,134014969825,721461310922
1458.815725,17209088,70488428544,49.428,48.319,858748624,434808405429,134040095277,721598772594
1459.098515,17212416,70502060032,48.204,48.319,858928008,434891130943,134065583327,721741566384
1459.382701,17215744,70515691520,47.967,48.319,859082420,434980053275,134093075840,721874985729
1459.670015,17219072,70529323008,47.444,48.319,859229961,435072639678,134121755212,722005155758
1459.956232,17222400,70542954496,47.626,48.319,859386193,435162284196,134149413860,722139318775
1460.233285,17225728,70556585984,49.202,48.319,859538327,435246766122,134175552545,722273033130
1460.507746,17229056,70570217472,49.666,48.319,859677406,435336061677,134203004031,722396090137
1460.788093,17232384,70583848960,48.624,48.319,859821512,435427114787,134231238249,722521833089
1461.069226,17235712,70597480448,48.488,48.319,859973426,435514123504,134257883909,722656086391
1461.359864,17239040,70611111936,46.902,48.319,860124349,435602708810,134284835168,722797377427
1461.636227,17242368,70624743424,49.324,48.319,860286711,435688381826,134310786368,722929423766
1461.913721,17245696,70638374912,49.124,48.319,860433239,435777645197,134338146820,723055797489
1462.191405,17249024,70652006400,49.090,48.319,860599380,435862763722,134364328298,723189481775
1462.471951,17252352,70665637888,48.589,48.319,860776054,435944448488,134389562582,723331397848
1462.747038,17255680,70679269376,49.553,48.320,860944353,436026236836,134414837792,723467628882
1463.018898,17259008,70692900864,50.142,48.320,861113777,436109458484,134440596261,723598217894
1463.290462,17262336,70706532352,50.196,48.320,861278177,436190759686,134465626677,723731939079
1463.560996,17265664,70720163840,50.387,48.321,861442301,436275855266,134491881683,723858174006
1463.833244,17268992,70733795328,50.070,48.321,861611570,436357382765,134517145713,723992162894
1464.118424,17272320,70747426816,47.800,48.321,861785649,436438913406,134542281661,724139109597
1464.395351,17275648,70761058304,49.224,48.321,861963346,436520333007,134567459043,724277879676
1464.677828,17278976,70774689792,48.257,48.321,862127872,436600279570,134592187239,724424714658
1464.955776,17282304,70788321280,49.043,48.321,862290832,436681881610,134617229430,724564321071
1465.238126,17285632,70801952768,48.279,48.321,862439556,436772603814,134645326334,724692528797
1465.517027,17288960,70815584256,48.876,48.321,862583685,436863305220,134673319648,724817546683
1465.794535,17292288,70829215744,49.121,48.321,862725583,436953457882,134701226037,724941852419
1466.085637,17295616,70842847232,46.827,48.321,862886075,437039470322,134727739776,725087116750
1466.362714,17298944,70856478720,49.198,48.321,863062157,437120378356,134752633481,725226972488
1466.636788,17302272,70870110208,49.736,48.322,863232719,437201933992,134777609849,725362802778
1466.911275,17305600,70883741696,49.662,48.322,863395569,437282677845,134802587559,725500085028
1467.181368,17308928,70897373184,50.470,48.322,863558554,437366463910,134828444239,725628010622
1467.466713,17312256,70911004672,47.772,48.322,863721038,437448806640,134853908816,725773510567
1467.747229,17315584,70924636160,48.594,48.322,863887688,437531535820,134879415963,725913709545
1468.022496,17318912,70938267648,49.521,48.322,864037697,437620018234,134906865806,726038796916
1468.299836,17322240,70951899136,49.151,48.322,864194698,437706992462,134933774527,726168415654
1468.563294,17325568,70965530624,51.741,48.323,864351160,437790019709,134959346133,726291316958
1468.841134,17328896,70979162112,49.062,48.323,864518556,437872927791,134984924976,726428614827
1469.128052,17332224,70992793600,47.510,48.323,864689184,437955886986,135010622328,726574721672
1469.407178,17335552,71006425088,48.836,48.323,864867598,438037994150,135035881849,726714522121
1469.688820,17338880,71020056576,48.400,48.323,865040025,438120871820,135061536046,726855706862
1469.968730,17342208,71033688064,48.699,48.323,865218584,438203743062,135086958248,726995331691
1470.246843,17345536,71047319552,49.014,48.323,865387166,438285907674,135112338345,727134029003
1470.516127,17348864,71060951040,50.621,48.324,865548354,438368565791,135137707264,727263377748
1470.787585,17352192,71074582528,50.216,48.324,865713919,438450649117,135162931529,727395847947
1471.076599,17355520,71088214016,47.165,48.324,865871412,438536462657,135189331289,727539321540
1471.360975,17358848,71101845504,47.935,48.324,866035028,438620530633,135215269648,727681192286
1471.634893,17362176,71115476992,49.765,48.324,866208731,438702985309,135240556485,727815326498
1471.905959,17365504,71129108480,50.288,48.324,866379733,438784812373,135265832682,727947615695
1472.176548,17368832,71142739968,50.377,48.325,866551997,438866930379,135291127434,728079049288
1472.456570,17372160,71156371456,48.680,48.325,866721319,438948359608,135316274417,728220816623
1472.735704,17375488,71170002944,48.835,48.325,866891382,439029552214,135341311333,728362271592
1473.007594,17378816,71183634432,50.136,48.325,867057124,439111321777,135366451268,728495368801
1473.278833,17382144,71197265920,50.256,48.326,867220954,439193888701,135391794080,728626604105
1473.546325,17385472,71210897408,50.960,48.326,867391870,439277657035,135417587483,728752027354
1473.821148,17388800,71224528896,49.601,48.326,867562209,439360318418,135443029351,728886896137
1474.105072,17392128,71238160384,48.011,48.326,867733317,439441699515,135468034978,729033013241
1474.387469,17395456,71251791872,48.271,48.326,867896047,439524397873,135493421826,729175292145
1474.663878,17398784,71265423360,49.316,48.327,868063414,439605094067,135518143473,729315263723
1474.943598,17402112,71279054848,48.733,48.327,868243998,439688824639,135543943016,729453358834
1475.226544,17405440,71292686336,48.177,48.327,868412938,439774256996,135570096882,729591761858
1475.500963,17408768,71306317824,49.674,48.327,868588029,439858017732,135595866943,729724073691
1475.772539,17412096,71319949312,50.194,48.327,868757729,439939962176,135620952208,729856959041
1476.051206,17415424,71333580800,48.917,48.327,868913131,440026201196,135647467706,729989516695
1476.341581,17418752,71347212288,46.945,48.327,869079245,440108270237,135672697908,730140941285
1476.615234,17422080,71360843776,49.813,48.327,869248740,440189735591,135697948926,730276465979
1476.888240,17425408,71374475264,49.931,48.328,869428993,440271770188,135723359216,730409778143
1477.162414,17428736,71388106752,49.718,48.328,869590000,440353917172,135748757403,730544724909
1477.441995,17432064,71401738240,48.757,48.328,869752110,440436709826,135774212063,730684144197
1477.719406,17435392,71415369728,49.138,48.328,869922465,440518110372,135799230633,730823659620
1477.994123,17438720,71429001216,49.620,48.328,870077111,440602929249,135825400461,730954480720
1478.272583,17442048,71442632704,48.953,48.328,870220683,440693457611,135853553564,731078898381
1478.546760,17445376,71456264192,49.718,48.329,870382989,440779192341,135879742579,731208110282
1478.820448,17448704,71469895680,49.807,48.329,870547680,440861431472,135905103995,731342441882
1479.109704,17452032,71483527168,47.126,48.329,870696576,440950454011,135932593772,731480442841
1479.393508,17455360,71497158656,48.031,48.329,870857411,441035291962,135958889036,731620446405
1479.672047,17458688,71510790144,48.939,48.329,871016417,441118235863,135984537651,731757975318
1479.951782,17462016,71524421632,48.730,48.329,871182659,441200108256,136009837496,731898806811
1480.230656,17465344,71538053120,48.880,48.329,871350599,441283673320,136035436480,732036249479
1480.503534,17468672,71551684608,49.955,48.329,871517579,441366857712,136061103704,732167818262
1480.773300,17472000,71565316096,50.531,48.330,871681118,441447293617,136085888894,732301142719
1481.055108,17475328,71578947584,48.372,48.330,871834489,441534846833,136112836205,732434299979
1481.344771,17478656,71592579072,47.060,48.329,871994396,441617127092,136138139697,732584555201
1481.614704,17481984,71606210560,50.500,48.330,872152509,441700245953,136163770819,732713639447
1481.888093,17485312,71619842048,49.861,48.330,872318629,441783122968,136189187914,732846525953
1482.160834,17488640,71633473536,49.980,48.330,872467945,441869096383,136215649934,732973438919
1482.445765,17491968,71647105024,47.841,48.330,872620446,441956238648,136242268624,733111138943
1482.727634,17495296,71660736512,48.361,48.330,872782038,442038006008,136267596599,733254181092
1482.998245,17498624,71674368000,50.373,48.331,872951170,442121009219,136293070038,733384193796
1483.273076,17501952,71687999488,49.600,48.331,873119928,442203563743,136318547676,733518892705
1483.541876,17505280,71701630976,50.712,48.331,873280652,442286866851,136344163425,733646471246
1483.815293,17508608,71715262464,49.856,48.332,873449728,442368548552,136369261757,733781412083
1484.103201,17511936,71728893952,47.347,48.331,873656608,442454854513,136396032564,733922731562
1484.379165,17515264,71742525440,49.396,48.332,873819927,442535578357,136421126337,734061515838
1484.660258,17518592,71756156928,48.495,48.332,873991061,442617396085,136446491938,734203541196
1484.940411,17521920,71769788416,48.657,48.332,874154759,442700972840,136472204570,734342076296
1485.222314,17525248,71783419904,48.355,48.332,874326348,442783459298,136497568837,734484236644
1485.492225,17528576,71797051392,50.504,48.332,874494151,442864600424,136522615165,734616244437
1485.758773,17531904,71810682880,51.141,48.333,874661008,442946130558,136547782218,734744486297
1486.056205,17535232,71824314368,45.831,48.332,874820917,443038134474,136575977938,734886319485
1486.344897,17538560,71837945856,47.218,48.332,874990786,443121729019,136601684412,735033321699
1486.616741,17541888,71851577344,50.144,48.332,875180827,443203806147,136626908883,735166022664
1486.886660,17545216,71865208832,50.502,48.333,875342170,443286483073,136652427855,735295630118
1487.157706,17548544,71878840320,50.292,48.333,875502101,443367592552,136677452724,735429065730
1487.443857,17551872,71892471808,47.637,48.333,875664008,443454045972,136704155104,735568381498
1487.726395,17555200,71906103296,48.247,48.333,875897918,443538497235,136730141079,735708033589
1488.001320,17558528,71919734784,49.582,48.333,876055299,443624920619,136756688501,735836324746
1488.274677,17561856,71933366272,49.867,48.333,876194914,443713723939,136784301989,735958891216
1488.543103,17565184,71946997760,50.783,48.334,876332202,443802047982,136811672768,736077273761
1488.816091,17568512,71960629248,49.935,48.334,876482736,443886800140,136837669244,736206641779
1489.099205,17571840,71974260736,48.148,48.334,876658011,443968411376,136862843367,736351321588
1489.382080,17575168,71987892224,48.189,48.334,876825465,444051973466,136888694713,736492267065
1489.661662,17578496,72001523712,48.757,48.334,876986640,444136321856,136914764391,736628819568
1489.940649,17581824,72015155200,48.861,48.334,877149706,444217857803,136939832703,736769613125
1490.219817,17585152,72028786688,48.829,48.334,877319933,444299969516,136965258805,736909397179
1490.492616,17588480,72042418176,49.969,48.335,877474870,444386164216,136991875292,737035980341
1490.765332,17591808,72056049664,49.984,48.335,877632387,444470380754,137017835562,737165987690
1491.042235,17595136,72069681152,49.228,48.335,877787875,444554327693,137043722217,737300586972
1491.331611,17598464,72083312640,47.106,48.335,877955130,444636107634,137069153861,737451099374
1491.606034,17601792,72096944128,49.673,48.335,878114709,444723809550,137096259442,737576700569
1491.874649,17605120,72110575616,50.747,48.336,878286901,444806458729,137121583196,737705429207
1492.147560,17608448,72124207104,49.948,48.336,878456623,444887965294,137146643227,737840162870
1492.424720,17611776,72137838592,49.183,48.336,878633797,444970252960,137171881319,737977948484
1492.704046,17615104,72151470080,48.801,48.336,878805584,445051377364,137196909739,738119691655
1492.975790,17618432,72165101568,50.163,48.336,878974580,445133142526,137222010193,738253020566
1493.249602,17621760,72178733056,49.784,48.337,879153049,445217102742,137247833492,738384441805
1493.519018,17625088,72192364544,50.597,48.337,879319835,445299118341,137273262780,738514252810
1493.786410,17628416,72205996032,50.979,48.338,879484507,445381307693,137298595520,738642299114
1494.071030,17631744,72219627520,47.894,48.337,879655192,445462679158,137323670333,738788937251
1494.351819,17635072,72233259008,48.547,48.338,879823753,445542918166,137348379780,738933707979
1494.629561,17638400,72246890496,49.080,48.338,879994543,445625004061,137373556844,739072446121
1494.909070,17641728,72260521984,48.769,48.338,880161699,445709264818,137399526510,739209245905
1495.187591,17645056,72274153472,48.942,48.338,880332805,445791626236,137424740420,739348431376
1495.457717,17648384,72287784960,50.463,48.338,880486873,445878246300,137451339879,739471928906
1495.733944,17651712,72301416448,49.349,48.338,880629485,445967657736,137478854274,739596599116
1496.019803,17655040,72315047936,47.686,48.338,880783974,446058532377,137506748512,739728832305
1496.320669,17658368,72328679424,45.308,48.338,880942652,446148128617,137534391143,739877704161
1496.591089,17661696,72342310912,50.409,48.338,881083252,446236747790,137561852604,739997651270
1496.869931,17665024,72355942400,48.886,48.338,881227338,446327504250,137589968609,740122437824
1497.148974,17668352,72369573888,48.851,48.338,881369380,446417127016,137617800898,740249224655
1497.435038,17671680,72383205376,47.652,48.338,881521752,446508384902,137645944508,740380468747
1497.721477,17675008,72396836864,47.590,48.338,881699417,446590430448,137671206653,740527512789
1497.993107,17678336,72410468352,50.184,48.338,881854372,446676526959,137697582249,740653471075
1498.272041,17681664,72424099840,48.870,48.338,881995369,446767217822,137725528765,740778783176
1498.541041,17684992,72437731328,50.675,48.339,882134281,446855933163,137752964387,740897050142
1498.817816,17688320,72451362816,49.251,48.339,882276580,446945910084,137780809888,741021031367
1499.106944,17691648,72464994304,47.147,48.339,882444354,447030974645,137807054684,741166136076
1499.387559,17694976,72478625792,48.577,48.339,882608505,447116675453,137833461716,741301719970
1499.671902,17698304,72492257280,47.940,48.339,882784256,447201620953,137859606805,741442202184
1499.949750,17701632,72505888768,49.061,48.339,882956460,447284291059,137885192758,741579693048
1500.230060,17704960,72519520256,48.630,48.339,883125401,447367022236,137910613777,741719815095
1500.502347,17708288,72533151744,50.063,48.339,883292113,447447822321,137935448117,741855079928
1500.771073,17711616,72546783232,50.726,48.340,883455327,447532011293,137961308892,741981322100
1501.058946,17714944,72560414720,47.352,48.339,883624497,447616705926,137987470118,742125416857
1501.346092,17718272,72574046208,47.472,48.339,883797310,447700211807,138013246393,742270877572
1501.613887,17721600,72587677696,50.903,48.340,883963193,447781770458,138038486618,742400143187
1501.883341,17724928,72601309184,50.589,48.340,884137999,447863476352,138063817698,742530840690
1502.157109,17728256,72614940672,49.792,48.340,884302271,447946474117,138089504319,742663823687
1502.435655,17731584,72628572160,48.938,48.341,884480083,448028702394,138114906227,742802885786
1502.714951,17734912,72642203648,48.807,48.341,884655705,448109381621,138139717076,742945492670
1502.987602,17738240,72655835136,49.996,48.341,884832377,448191621428,138165168765,743078639735
1503.261072,17741568,72669466624,49.847,48.341,885005013,448273355040,138190317271,743213618323
1503.528411,17744896,72683098112,50.989,48.342,885170593,448355893450,138215836946,743341059608
1503.799669,17748224,72696729600,50.253,48.342,885339743,448437420555,138240933489,743474153261
1504.084447,17751552,72710361088,47.867,48.342,885511846,448519596588,138266382337,743619399404
1504.369475,17754880,72723992576,47.825,48.342,885686631,448601379419,138291716402,743765343875
1504.644075,17758208,72737624064,49.641,48.342,885862390,448681489812,138316462403,743903999562
1504.922700,17761536,72751255552,48.924,48.342,886029825,448762093341,138341271265,744046019910
1505.201639,17764864,72764887040,48.869,48.342,886196495,448842557521,138366124029,744188333802
1505.473089,17768192,72778518528,50.217,48.343,886374394,448925148871,138391585894,744319837345
1505.746480,17771520,72792150016,49.861,48.343,886543963,449007703907,138416979014,744453164587
1506.027236,17774848,72805781504,48.553,48.343,886704734,449095690056,138443840203,744585410710
1506.316588,17778176,72819412992,47.110,48.343,886867836,449182384251,138470315530,744728138090
1506.604584,17781504,72833044480,47.332,48.343,887042140,449267735662,138496674836,744871241067
1506.875609,17784832,72846675968,50.296,48.343,887210828,449348738335,138521675286,745004919970
1507.149796,17788160,72860307456,49.716,48.343,887373265,449430751178,138547060211,745139940397
1507.426861,17791488,72873938944,49.200,48.343,887537826,449514328679,138572976573,745275169450
1507.712501,17794816,72887570432,47.723,48.343,887708786,449597496552,138598770826,745419594190
1507.988183,17798144,72901201920,49.446,48.343,887888017,449680402642,138624466846,745554356963
1508.256224,17801472,72914833408,50.856,48.344,888047048,449760513081,138649225238,745686510601
1508.526259,17804800,72928464896,50.481,48.344,888217764,449842200368,138674545858,745817560579
1508.792529,17808128,72942096384,51.194,48.345,888383943,449923494691,138699677679,745946055450
1509.075640,17811456,72955727872,48.149,48.345,888558741,450006329155,138725193530,746088852351
1509.355800,17814784,72969359360,48.656,48.345,888735651,450088348752,138750403574,746229953551
1509.634971,17818112,72982990848,48.829,48.345,888903983,450169426916,138775479686,746371483091
1509.916948,17821440,72996622336,48.342,48.345,889078514,450252465496,138800929324,746512729880
1510.200296,17824768,73010253824,48.109,48.345,889235082,450341474061,138828456571,746645014834
1510.472628,17828096,73023885312,50.055,48.345,889392538,450426623314,138854899213,746772966114
1510.744258,17831424,73037516800,50.184,48.345,889560102,450509670543,138880562044,746903702455
1511.021759,17834752,73051148288,49.122,48.346,889733291,450592226285,138905917143,747041290434
1511.311736,17838080,73064779776,47.009,48.345,889904220,450673643063,138931081859,747193070344
1511.586220,17841408,73078411264,49.662,48.346,890044601,450763369421,138958845728,747315269322
1511.859631,17844736,73092042752,49.857,48.346,890184757,450851526387,138986028398,747439184925
1512.138316,17848064,73105674240,48.914,48.346,890343020,450936655754,139012172026,747573810124
1512.415245,17851392,73119305728,49.224,48.346,890503543,451023974351,139039158252,747702616122
1512.698447,17854720,73132937216,48.133,48.346,890674091,451105547311,139064207991,747847800207
1512.967812,17858048,73146568704,50.606,48.346,890841474,451187272221,139089147212,747978916876
1513.243466,17861376,73160200192,49.451,48.347,891003728,451274390949,139116017159,748106716285
1513.515497,17864704,73173831680,50.110,48.347,891161430,451359287496,139142225118,748234850795
1513.784277,17868032,73187463168,50.716,48.347,891323308,451440289444,139167228261,748366370308
1514.074985,17871360,73201094656,46.891,48.347,891495550,451523676406,139192996921,748515786255
1514.352500,17874688,73214726144,49.120,48.347,891667688,451605457758,139218143074,748654620075
1514.627793,17878016,73228357632,49.516,48.347,891833826,451687692876,139243306708,748790761731
1514.912991,17881344,73241989120,47.797,48.347,892006022,451769568531,139268300568,748937641581
1515.192283,17884672,73255620608,48.807,48.347,892172063,451853516922,139294051050,749074811203
1515.466019,17888000,73269252096,49.798,48.348,892426636,451936560869,139319675017,749207446615
1515.738629,17891328,73282883584,50.004,48.348,892592965,452025346541,139347382130,749328828462
1516.033539,17894656,73296515072,46.222,48.348,892738074,452115639139,139375422994,749470253221
1516.315998,17897984,73310146560,48.260,48.348,892903316,452201295654,139401768779,749607531106
1516.593363,17901312,73323778048,49.146,48.348,893073079,452284136506,139427207382,749744582393
1516.863630,17904640,73337409536,50.437,48.348,893242714,452366725847,139452616356,749874940794
1517.135250,17907968,73351041024,50.186,48.348,893415609,452448509479,139477828425,750007761211
1517.410901,17911296,73364672512,49.452,48.349,893580718,452530344763,139502957153,750144691933
1517.697187,17914624,73378304000,47.615,48.348,893747808,452612215429,139528165801,750292153090
1517.972485,17917952,73391935488,49.515,48.349,893917482,452697055796,139554265669,750423811917
1518.240693,17921280,73405566976,50.824,48.349,894154047,452778550094,139579542801,750553485827
1518.509687,17924608,73419198464,50.676,48.350,894317779,452861921443,139605362105,750680900756
1518.781995,17927936,73432829952,50.059,48.350,894490643,452945440148,139631086246,750811654669
1519.063251,17931264,73446461440,48.466,48.350,894660863,453027272257,139656168769,750954360251
1519.344957,17934592,73460092928,48.389,48.350,894833953,453111612126,139682279148,751093018129
1519.631404,17937920,73473724416,47.588,48.350,894978896,453204000461,139710666628,751222901467
1519.916190,17941248,73487355904,47.866,48.350,895122018,453295011677,139738660282,751353514762
1520.203162,17944576,73500987392,47.501,48.349,895284510,453382194498,139765586085,751492401033
1520.471445,17947904,73514618880,50.810,48.350,895458266,453462857905,139790498962,751623975737
1520.745732,17951232,73528250368,49.698,48.350,895597035,453551261757,139817688874,751748508874
1521.026959,17954560,73541881856,48.472,48.350,895740935,453641288310,139845423765,751877230905
1521.311075,17957888,73555513344,47.979,48.350,895898178,453726215495,139871572862,752017604418
1521.595519,17961216,73569144832,47.923,48.350,896068733,453810803096,139897727201,752158527339
1521.866927,17964544,73582776320,50.225,48.350,896228114,453894310268,139923539425,752288078507
1522.140651,17967872,73596407808,49.800,48.351,896393713,453975960653,139948752390,752423199289
1522.412859,17971200,73610039296,50.077,48.351,896553069,454056943851,139973756552,752558115764
1522.697071,17974528,73623670784,47.962,48.351,896723545,454139104571,139999155366,752702855181
1522.967664,17977856,73637302272,50.376,48.351,896885133,454221883296,140024685574,752833034809
1523.242300,17981184,73650933760,49.635,48.351,897063617,454304073364,140050223165,752968021026
1523.512444,17984512,73664565248,50.460,48.352,897237818,454386579506,140075705141,753098283710
1523.779341,17987840,73678196736,51.074,48.352,897404150,454468278490,140100891435,753226439994
1524.063593,17991168,73691828224,47.956,48.352,897574837,454551298833,140126386743,753370185391
1524.346472,17994496,73705459712,48.188,48.352,897737327,454633112165,140151649757,753514151708
1524.627272,17997824,73719091200,48.545,48.352,897902625,454715626576,140177065002,753655173115
1524.909042,18001152,73732722688,48.378,48.352,898070765,454797614673,140202229324,753798006494
1525.186499,18004480,73746354176,49.130,48.352,898240758,454879365047,140227553861,753936728958
1525.458888,18007808,73759985664,50.044,48.353,898450908,454960554871,140252669961,754071071669
1525.733063,18011136,73773617152,49.718,48.353,898612318,455044421551,140278561641,754203150629
1526.010860,18014464,73787248640,49.070,48.353,898778117,455129299770,140304580169,754337428643
1526.304730,18017792,73800880128,46.386,48.353,898947158,455214268190,140330701271,754487147004
1526.580148,18021120,73814511616,49.494,48.353,899114631,455295494989,140355729343,754624979446
1526.851661,18024448,73828143104,50.206,48.353,899279342,455376970395,140380934752,754758108851
1527.124589,18027776,73841774592,49.945,48.353,899451854,455457971053,140405950494,754893574673
1527.402378,18031104,73855406080,49.072,48.354,899611676,455543197908,140432236992,755026829075
1527.688970,18034432,73869037568,47.564,48.353,899777407,455625110304,140457579081,755174407009
1527.959059,18037760,73882669056,50.470,48.354,899949270,455706228219,140482725142,755306801731
1528.233373,18041088,73896300544,49.693,48.354,900113003,455789635596,140508628212,755439401627
1528.506808,18044416,73909932032,49.853,48.354,900282110,455872886988,140534113731,755572150532
1528.772937,18047744,73923563520,51.221,48.355,900444337,455955280059,140559360249,755698835797
1529.058019,18051072,73937195008,47.816,48.355,900618435,456037222368,140584502608,755845077445
1529.338420,18054400,73950826496,48.614,48.355,900794617,456120489879,140610173187,755984382620
1529.613520,18057728,73964457984,49.551,48.355,900961706,456202116594,140635280272,756121147063
1529.894475,18061056,73978089472,48.518,48.355,901136452,456283877326,140660337050,756263628726
1530.173028,18064384,73991720960,48.937,48.355,901304880,456366351103,140685720401,756402516733
1530.441776,18067712,74005352448,50.722,48.356,901461903,456445726855,140710216015,756536625343
1530.711053,18071040,74018983936,50.622,48.356,901629966,456528794629,140735838265,756665247071
1530.987933,18074368,74032615424,49.233,48.356,901806434,456612276500,140761592287,756800490473
1531.327217,18077696,74046246912,40.177,48.354,901981744,456694559308,140786914260,757000314879
1531.677610,18081024,74059878400,38.903,48.352,902154587,456777090930,140812275736,757210828488
1532.025921,18084352,74073509888,39.136,48.350,902322461,456859714693,140837599619,757419099273
1532.379839,18087680,74087141376,38.516,48.348,902502850,456942757447,140863154102,757632173320
1532.729875,18091008,74100772864,38.943,48.346,902675577,457026726506,140889114985,757839600810
1533.103711,18094336,74114404352,36.464,48.343,902851373,457107836601,140914047583,758075947782
1533.452721,18097664,74128035840,39.058,48.341,903030805,457187466392,140938537632,758289836774
1533.805711,18100992,74141667328,38.617,48.338,903204076,457269886791,140963892082,758503141794
1534.160318,18104320,74155298816,38.441,48.336,903378001,457354101812,140989962370,758714848232
1534.513675,18107648,74168930304,38.577,48.334,903552171,457437339960,141015417518,758927149826
1534.903816,18110976,74182561792,34.940,48.330,903728306,457520749534,141040970096,759175924228
1535.276963,18114304,74196193280,36.531,48.328,903893657,457603269278,141066529315,759409076700
1535.658692,18117632,74209824768,35.710,48.324,904068675,457687478968,141092531550,759648011203
1536.046879,18120960,74223456256,35.116,48.321,904245711,457776627864,141119800438,759885380512
1536.426423,18124288,74237087744,35.915,48.318,904422073,457859864135,141145487408,760123698078
1536.805135,18127616,74250719232,35.994,48.315,904590312,457944380612,141171495714,760359141400
1537.177109,18130944,74264350720,36.646,48.312,904761197,458030075891,141197963026,760585574777
1537.553257,18134272,74277982208,36.240,48.309,904936525,458112381491,141223322423,760822139689
1537.940604,18137600,74291613696,35.192,48.306,905114156,458197455432,141249494191,761065239907
1538.321000,18140928,74305245184,35.835,48.303,905329818,458284326281,141276326746,761298133163
1538.683466,18144256,74318876672,37.608,48.300,905492568,458366181258,141301475510,761521798894
1539.057458,18147584,74332508160,36.449,48.297,905677766,458453805352,141328341417,761747380899
1539.430856,18150912,74346139648,36.507,48.295,905847431,458536737920,141353751196,761980339763
1539.809450,18154240,74359771136,36.006,48.292,906021108,458618033528,141378829415,762220906218
1540.177848,18157568,74373402624,37.002,48.289,906221425,458702514795,141404789527,762446226912
1540.547419,18160896,74387034112,36.885,48.286,906395039,458788152510,141431101762,762670740900
1540.915837,18164224,74400665600,37.000,48.283,906566966,458872949557,141457198800,762895377948
1541.286501,18167552,74414297088,36.776,48.281,906766921,458961752032,141484555942,763115420667
1541.659948,18170880,74427928576,36.502,48.278,906949543,459049546746,141511595562,763340064748
1542.026279,18174208,74441560064,37.211,48.275,907119883,459134152611,141537724489,763563019383
1542.387066,18177536,74455191552,37.783,48.273,907291276,459218538456,141563740846,763780846320
1542.749907,18180864,74468823040,37.569,48.270,907471905,459304317278,141590073240,763998427281
1543.124922,18184192,74482454528,36.349,48.267,907642908,459389688271,141616184828,764229116843
1543.443592,18187520,74496086016,42.776,48.266,907864264,459472994331,141641686432,764406851094
1543.715700,18190848,74509717504,50.096,48.266,908038788,459554125575,141666718946,764541215711
1543.990076,18194176,74523348992,49.682,48.267,908207490,459635077560,141691606874,764678450770
1544.272079,18197504,74536980480,48.338,48.267,908383596,459716514627,141716676999,764822356884
1544.520775,18200832,74550611968,54.812,48.268,908575221,459798072758,141741685050,764932837231
1544.746363,18204160,74564243456,60.427,48.270,908728652,459879066041,141766601593,765021122543
1544.975291,18207488,74577874944,59.545,48.271,908894043,459962610547,141792333941,765108447378
1545.188437,18210816,74591506432,63.954,48.273,909026752,460047297458,141818384057,765178153564
1545.405226,18214144,74605137920,62.879,48.275,909159543,460132637943,141844772899,765250240387
1545.621369,18217472,74618769408,63.067,48.278,909294431,460219775935,141871328769,765319667463
1545.835038,18220800,74632400896,63.797,48.280,909425574,460304641975,141897640998,765389109511
1546.055509,18224128,74646032384,61.829,48.282,909565465,460389110944,141923981794,765465854879
1546.270348,18227456,74659663872,63.450,48.284,909699177,460473688613,141950188396,765536837272
1546.486497,18230784,74673295360,63.065,48.286,909835843,460558567301,141976474663,765608818888
1546.700233,18234112,74686926848,63.777,48.288,909968582,460643257750,142002767004,765678683035
1546.913143,18237440,74700558336,64.025,48.290,910101927,460727604086,142028942100,765748167027
1547.127218,18240768,74714189824,63.676,48.292,910234735,460812969432,142055214143,765817589286
1547.355932,18244096,74727821312,59.601,48.294,910388034,460894174290,142080238081,765908592456
1547.633930,18247424,74741452800,49.034,48.294,910545869,460980414843,142106944803,766040102978
1547.902856,18250752,74755084288,50.689,48.294,910712383,461061975978,142132086164,766170675096
1548.175836,18254080,74768715776,49.936,48.295,910878675,461144430275,142157553564,766303882631
1548.458195,18257408,74782347264,48.277,48.295,911050979,461225707534,142182576667,766448462789
1548.736286,18260736,74795978752,49.018,48.295,911218010,461307434540,142207874293,766587788714
1549.007956,18264064,74809610240,50.177,48.295,911382357,461389107146,142233035341,766720832546
1549.278066,18267392,74823241728,50.466,48.296,911545061,461470839887,142258275927,766852215826
1549.542574,18270720,74836873216,51.535,48.296,911712275,461552814876,142283702375,766977569032
1549.816414,18274048,74850504704,49.779,48.296,911877252,461635562514,142309352992,767110667017
1550.102467,18277376,74864136192,47.654,48.296,912120946,461717955261,142334634839,767256967973
1550.382487,18280704,74877767680,48.680,48.296,912293902,461800587674,142360189753,767396759357
1550.662506,18284032,74891399168,48.681,48.296,912466086,461883463232,142385631834,767536403121
1550.941974,18287360,74905030656,48.777,48.296,912651381,461970069971,142412290455,767668951453
1551.222275,18290688,74918662144,48.632,48.297,912812857,462052959925,142437868466,767808610332
1551.491750,18294016,74932293632,50.585,48.297,912979663,462133275451,142462600231,767941795590
1551.768834,18297344,74945925120,49.196,48.297,913150224,462217499304,142488513952,768076111306
1552.047447,18300672,74959556608,48.926,48.297,913308747,462301575977,142514574511,768212076022
1552.352530,18304000,74973188096,44.681,48.296,913467682,462396480414,142543879211,768356177432
1552.622404,18307328,74986819584,50.510,48.297,913633727,462480098227,142569608027,768484371339
1552.896128,18310656,75000451072,49.800,48.297,913791872,462563590452,142595300733,768616374181
1553.170814,18313984,75014082560,49.626,48.297,913957772,462646115684,142620701366,768751402250
1553.449272,18317312,75027714048,48.954,48.297,914129165,462726601926,142645649713,768893091707
1553.735126,18320640,75041345536,47.687,48.297,914306429,462808879670,142671153685,769039168016
1554.003745,18323968,75054977024,50.746,48.298,914471301,462891790068,142696686905,769167117012
1554.280642,18327296,75068608512,49.230,48.298,914646622,462974637698,142722300589,769303479456
1554.548195,18330624,75082240000,50.949,48.298,914809102,463056304200,142747353740,769432599744
1554.819941,18333952,75095871488,50.162,48.299,914978145,463138041546,142772414104,769566031994
1555.102848,18337280,75109502976,48.184,48.299,915150958,463218874703,142797188920,769712035906
1555.385803,18340608,75123134464,48.175,48.299,915349001,463302829549,142823280732,769852421332
1555.666046,18343936,75136765952,48.642,48.299,915520122,463385299648,142848646227,769992894998
1555.945853,18347264,75150397440,48.718,48.299,915683485,463468403302,142874151125,770132051161
1556.233822,18350592,75164028928,47.337,48.299,915837431,463559534709,142902383277,770265255064
1556.508910,18353920,75177660416,49.553,48.299,916007007,463642233738,142927915365,770399824511
1556.779104,18357248,75191291904,50.451,48.299,916167070,463723232018,142952785571,770532575787
1557.063262,18360576,75204923392,47.972,48.299,916329601,463805793403,142978396089,770676602033
1557.344151,18363904,75218554880,48.530,48.299,916503280,463888175387,143003795130,770817591252
1557.617345,18367232,75232186368,49.897,48.300,916643972,463977713243,143031367020,770939061964
1557.898464,18370560,75245817856,48.490,48.300,916792094,464068924860,143059506339,771065431174
1558.175315,18373888,75259449344,49.238,48.300,916932799,464158777110,143087328674,771189583327
1558.458589,18377216,75273080832,48.121,48.300,917082324,464245448494,143114037027,771326159238
1558.745584,18380544,75286712320,47.497,48.300,917262099,464330135884,143139825156,771470042807
1559.019822,18383872,75300343808,49.707,48.300,917436733,464414377339,143165544491,771601898886
1559.299863,18387200,75313975296,48.677,48.300,917612295,464498856928,143191614701,771738705972
1559.568508,18390528,75327606784,50.742,48.300,917778162,464580655123,143216741376,771868596614
1559.837229,18393856,75341238272,50.727,48.301,917949594,464661947218,143241856824,771999377955
1560.120364,18397184,75354869760,48.145,48.301,918120750,464743620478,143266939360,772144141239
1560.396710,18400512,75368501248,49.328,48.301,918291637,464824894823,143292081275,772282434831
1560.679473,18403840,75382132736,48.208,48.301,918454856,464908495242,143317794654,772423410214
1560.963730,18407168,75395764224,47.955,48.301,918624395,464994068891,143343890893,772563458609
1561.247983,18410496,75409395712,47.955,48.301,918792393,465077853834,143369661820,772705773756
1561.520949,18413824,75423027200,49.938,48.301,918964761,465159654651,143394815557,772840007563
1561.790443,18417152,75436658688,50.582,48.301,919127179,465240854040,143419631487,772972127571
1562.077595,18420480,75450290176,47.471,48.301,919290068,465324312781,143445276363,773118126073
1562.364316,18423808,75463921664,47.543,48.301,919461053,465406820989,143470767709,773264667033
1562.638889,18427136,75477553152,49.646,48.301,919629073,465490367916,143496321274,773397936664
1562.908223,18430464,75491184640,50.612,48.302,919795353,465571696741,143521457478,773529337145
1563.179343,18433792,75504816128,50.279,48.302,919979169,465654120760,143546917750,773660490043
1563.462457,18437120,75518447616,48.148,48.302,920141321,465737171288,143572508240,773802944478
1563.744515,18440448,75532079104,48.329,48.302,920306105,465819032395,143597817216,773945929091
1564.020225,18443776,75545710592,49.441,48.302,920480789,465902065055,143623355245,774080804087
1564.289199,18447104,75559342080,50.680,48.303,920644658,465983623113,143648485086,774211553385
1564.557192,18450432,75572973568,50.865,48.303,920813040,466064801742,143673731259,774341567351
1564.824151,18453760,75586605056,51.062,48.304,920983978,466145412721,143698419540,774472195102
1565.110420,18457088,75600236544,47.618,48.303,921151536,466228704585,143723999434,774617394042
1565.387986,18460416,75613868032,49.111,48.304,921322063,466309464236,143748813182,774757953218
1565.664683,18463744,75627499520,49.265,48.304,921496232,466389774479,143773588869,774898403076
1565.940093,18467072,75641131008,49.495,48.304,921665520,466471324997,143798793944,775035504477
1566.219772,18470400,75654762496,48.740,48.304,921830403,466554206281,143824343951,775174618569
1566.494407,18473728,75668393984,49.635,48.304,922006341,466637042064,143849811369,775308853727
1566.767247,18477056,75682025472,49.962,48.305,922183349,466719281070,143875042935,775442421845
1567.048348,18480384,75695656960,48.493,48.305,922366657,466803133051,143900977486,775581332549
1567.342662,18483712,75709288448,46.316,48.304,922541115,466885431911,143926304009,775735949410
1567.608351,18487040,75722919936,51.306,48.305,922707578,466965256214,143950782940,775866305821
1567.878929,18490368,75736551424,50.379,48.305,922872759,467046325456,143975772772,775999418499
1568.153928,18493696,75750182912,49.569,48.305,923036153,467128293531,144001259431,776135132791
1568.432964,18497024,75763814400,48.852,48.305,923212424,467210998934,144026672026,776274014950
1568.717378,18500352,75777445888,47.928,48.305,923381791,467293823919,144052118940,776418052736
1568.985883,18503680,75791077376,50.768,48.306,923544904,467376316199,144077358581,776547023830
1569.258850,18507008,75804708864,49.938,48.306,923714954,467460194085,144103133308,776677818995
1569.527342,18510336,75818340352,50.771,48.306,923884651,467542025779,144128281172,776807790735
1569.795381,18513664,75831971840,50.856,48.307,924053233,467623877613,144153680496,776936747773
1570.076263,18516992,75845603328,48.531,48.307,924221710,467704922715,144178661974,777080162049
1570.358493,18520320,75859234816,48.299,48.307,924390149,467787245272,144204122515,777222510888
1570.636651,18523648,75872866304,49.006,48.307,924559651,467868925988,144229229937,777362278155
1570.917516,18526976,75886497792,48.534,48.307,924724488,467951401140,144254653182,777503265038
1571.198219,18530304,75900129280,48.562,48.307,924890809,468034119414,144280152279,777643603568
1571.478022,18533632,75913760768,48.718,48.307,925057296,468117570884,144305840488,777781935673
1571.748938,18536960,75927392256,50.316,48.308,925238262,468199672842,144331203518,777913382929
1572.037218,18540288,75941023744,47.286,48.307,925408406,468281381491,144356341161,778063124551
1572.319680,18543616,75954655232,48.259,48.307,925579067,468362463731,144381360635,778207913793
1572.594152,18546944,75968286720,49.664,48.308,925750663,468446583453,144407342589,778339706681
1572.869825,18550272,75981918208,49.448,48.308,925918121,468529460040,144432648593,778475248467
1573.145861,18553600,75995549696,49.383,48.308,926088719,468613571013,144458522977,778608986946
1573.425505,18556928,76009181184,48.746,48.308,926257292,468697011146,144484190687,778747213670
1573.707585,18560256,76022812672,48.325,48.308,926424948,468778490674,144509344124,778891051185
1573.976011,18563584,76036444160,50.783,48.309,926599999,468860761899,144534625639,779019983974
1574.249839,18566912,76050075648,49.781,48.309,926763993,468943923850,144560261510,779153006105
1574.519162,18570240,76063707136,50.614,48.309,926928180,469025373336,144585403675,779284180025
1574.790993,18573568,76077338624,50.147,48.309,927106084,469107539654,144610819041,779416498328
1575.074774,18576896,76090970112,48.035,48.309,927275239,469188117349,144635665051,779563687930
1575.347867,18580224,76104601600,49.915,48.310,927444130,469268726574,144660611942,779699757101
1575.628662,18583552,76118233088,48.546,48.310,927611471,469351513807,144686131457,779840156678
1575.912895,18586880,76131864576,47.959,48.310,927778417,469435084517,144711905409,779982659939
1576.197155,18590208,76145496064,47.954,48.310,927940827,469518521987,144737530625,780125725066
1576.468456,18593536,76159127552,50.245,48.310,928113762,469600314268,144762887133,780258355663
1576.739930,18596864,76172759040,50.213,48.310,928284256,469682002273,144787960483,780391467003
1577.023070,18600192,76186390528,48.144,48.310,928447504,469762274999,144812863124,780538299064
1577.301737,18603520,76200022016,48.917,48.310,928617776,469842568718,144837640520,780680677079
1577.573009,18606848,76213653504,50.250,48.311,928792898,469923797388,144862719586,780814169331
1577.842952,18610176,76227284992,50.498,48.311,928962018,470005418707,144887689418,780946053557
1578.116914,18613504,76240916480,49.757,48.311,929109621,470092939972,144914723185,781071480777
1578.404126,18616832,76254547968,47.461,48.311,929260091,470185408151,144943128343,781202129683
1578.689160,18620160,76268179456,47.824,48.311,929433237,470267032336,144968250782,781348807764
1578.963397,18623488,76281810944,49.707,48.311,929575485,470355494663,144995697681,781472737932
1579.234890,18626816,76295442432,50.209,48.312,929738949,470438766197,145021572219,781602712817
1579.503031,18630144,76309073920,50.837,48.312,929891402,470524746871,145048147550,781724896147
1579.778175,18633472,76322705408,49.543,48.312,930034502,470615096306,145076062569,781846796802
1580.072915,18636800,76336336896,46.249,48.312,930196355,470708033001,145104716246,781984061312
1580.361165,18640128,76349968384,47.290,48.312,930343839,470799005398,145132771683,782117965543
1580.645244,18643456,76363599872,47.985,48.312,930503520,470885056075,145159216806,782255993744
1580.929777,18646784,76377231360,47.908,48.312,930674013,470975496505,145187138637,782387152622
1581.215476,18650112,76390862848,47.713,48.311,930826265,471063725515,145214059339,782523926037
1581.482219,18653440,76404494336,51.103,48.312,930983334,471145841728,145239111133,782652019528
1581.754157,18656768,76418125824,50.127,48.312,931144057,471227348099,145264168353,782785876497
1582.034743,18660096,76431757312,48.582,48.312,931341573,471311785216,145290199795,782923172669
1582.316449,18663424,76445388800,48.389,48.312,931506781,471393869061,145315445941,783065727652
1582.602720,18666752,76459020288,47.617,48.312,931681749,471477358458,145341173527,783210342872
1582.874918,18670080,76472651776,50.079,48.313,931847120,471559933240,145366603747,783342697283
1583.149429,18673408,76486283264,49.657,48.313,932005893,471641961819,145391851907,783478205915
1583.425882,18676736,76499914752,49.308,48.313,932179467,471725826971,145417784354,783612468528
1583.710815,18680064,76513546240,47.841,48.313,932350827,471807115918,145442748489,783759763724
1583.985051,18683392,76527177728,49.707,48.313,932510065,471890554954,145468379524,783892547896
1584.256323,18686720,76540809216,50.250,48.313,932679078,471972228468,145493527278,784025440118
1584.524754,18690048,76554440704,50.782,48.314,932838690,472052705936,145518293342,784157324526
1584.788962,18693376,76568072192,51.594,48.314,933005196,472134484706,145543312025,784283121956
1585.074492,18696704,76581703680,47.741,48.314,933169306,472217007713,145568751887,784428756022
1585.355919,18700032,76595335168,48.437,48.314,933334317,472301679681,145595071213,784566569389
1585.639919,18703360,76608966656,47.998,48.314,933490488,472388348461,145621801144,784703653649
1585.920985,18706688,76622598144,48.499,48.314,933653315,472471267768,145647194842,784844463701
1586.203845,18710016,76636229632,48.192,48.314,933820391,472554751334,145672978508,784985727413
1586.481961,18713344,76649861120,49.014,48.314,933992813,472639285503,145699007561,785120756578
1586.756145,18716672,76663492608,49.716,48.315,934161204,472722591121,145724587259,785254082448
1587.033000,18720000,76677124096,49.237,48.315,934328505,472804057139,145749662617,785392824808
1587.322518,18723328,76690755584,47.083,48.315,934503031,472887087373,145775246350,785541582871
1587.596404,18726656,76704387072,49.771,48.315,934677003,472969091778,145800499585,785676377857
1587.868032,18729984,76718018560,50.184,48.315,934856685,473052220880,145826129058,785806961524
1588.145813,18733312,76731650048,49.073,48.315,935009736,473140917617,145853479051,785934386099
1588.427952,18736640,76745281536,48.315,48.315,935155248,473232474156,145881702834,786061163727
1588.721027,18739968,76758913024,46.512,48.315,935326717,473317242242,145907643102,786210910178
1588.993989,18743296,76772544512,49.939,48.315,935495649,473399833781,145933149393,786343868072
1589.270985,18746624,76786176000,49.212,48.315,935673412,473483996421,145959309289,786477841788
1589.541530,18749952,76799807488,50.385,48.316,935846462,473565559169,145984550599,786610010578
1589.808830,18753280,76813438976,50.997,48.316,936015902,473646148223,146009279801,786740694701
1590.095230,18756608,76827070464,47.596,48.316,936184808,473729710818,146034979561,786885491807
1590.372912,18759936,76840701952,49.090,48.316,936351857,473811214017,146060147040,787024836603
1590.656673,18763264,76854333440,48.039,48.316,936514137,473891579402,146084859808,787172319767
1590.936455,18766592,76867964928,48.722,48.316,936666540,473980205565,146112182397,787301771229
1591.224833,18769920,76881596416,47.269,48.316,936823919,474067863587,146139108486,787441946115
1591.499814,18773248,76895227904,49.573,48.316,936982994,474153109338,146165367940,787572320367
1591.768582,18776576,76908859392,50.718,48.317,937206096,474235066647,146190617827,787702065721
1592.081760,18779904,76922490880,43.526,48.316,937386588,474318649026,146216369985,787873685825
1592.438282,18783232,76936122368,38.235,48.313,937547827,474399521456,146241436272,788093100994
1592.802261,18786560,76949753856,37.451,48.311,937719136,474479736256,146266124913,788321281229
1593.167592,18789888,76963385344,37.313,48.308,937885391,474562007378,146291311267,788547509387
1593.532992,18793216,76977016832,37.306,48.306,938054785,474644201264,146316358805,788774210277
1593.896476,18796544,76990648320,37.502,48.303,938227173,474726600907,146341718777,788998200014
1594.286170,18799872,77004279808,34.980,48.300,938406275,474816411091,146369415359,789235713765
1594.656034,18803200,77017911296,36.855,48.298,938580438,474900702492,146395287748,789462720767
1595.016816,18806528,77031542784,37.783,48.295,938746554,474981266949,146420075706,789686844347
1595.380484,18809856,77045174272,37.483,48.293,938917651,475066449871,146446214293,789906401088
1595.746578,18813184,77058805760,37.235,48.290,939086424,475149286242,146471698191,790132185619
1596.116099,18816512,77072437248,36.890,48.287,939289309,475236908171,146498762351,790352892721
1596.479743,18819840,77086068736,37.486,48.285,939460144,475318613274,146523950295,790577999866
1596.838891,18823168,77099700224,37.955,48.283,939636420,475399404180,146548918651,790800044750
1597.197793,18826496,77113331712,37.981,48.280,939825720,475484606344,146575297622,791014224054
1597.557574,18829824,77126963200,37.888,48.278,939994312,475568659933,146600975702,791232231344
1597.925273,18833152,77140594688,37.072,48.275,940167618,475660244196,146629124685,791444709615
1598.281280,18836480,77154226176,38.290,48.273,940336773,475744543122,146655100597,791657824483
1598.641157,18839808,77167857664,37.878,48.271,940524167,475829010123,146680947252,791874859118
1599.005932,18843136,77181489152,37.370,48.268,940700219,475911708845,146706330221,792099687697
1599.367274,18846464,77195120640,37.725,48.266,940871310,475994095764,146731655368,792321409460
1599.715893,18849792,77208752128,39.101,48.264,941049131,476075171873,146756612672,792532538450
1600.077383,18853120,77222383616,37.709,48.262,941219287,476156669622,146781673810,792755923020
1600.426706,18856448,77236015104,39.023,48.260,941424995,476239032334,146806887791,792965821313
1600.795545,18859776,77249646592,36.958,48.257,941595485,476320920686,146832068873,793195676279
1601.157742,18863104,77263278080,37.636,48.255,941774688,476407117348,146858655425,793411607502
1601.504610,18866432,77276909568,39.299,48.253,941949620,476488163657,146883730321,793620706590
1601.848812,18869760,77290541056,39.603,48.251,942119964,476570056239,146909150787,793825761287
1602.196955,18873088,77304172544,39.155,48.249,942293494,476655877704,146935590285,794028221153
1602.587058,18876416,77317804032,34.943,48.246,942467225,476738663205,146960964436,794278234774
1602.974678,18879744,77331435520,35.167,48.242,942636105,476819975394,146986042197,794527946773
1603.359793,18883072,77345067008,35.396,48.239,942810193,476909749653,147013619891,794761065613
1603.743979,18886400,77358698496,35.482,48.236,942987956,476992335319,147039196490,795005136734
1604.126369,18889728,77372329984,35.648,48.233,943168089,477075974683,147064897386,795245769604
1604.430320,18893056,77385961472,44.848,48.233,943338286,477161292254,147091117946,795405110859
1604.706358,18896384,77399592960,49.383,48.233,943516232,477242503344,147116067530,795543406626
1604.977396,18899712,77413224448,50.294,48.233,943674159,477321925687,147140603323,795679783037
1605.270587,18903040,77426855936,46.493,48.233,943842426,477406110852,147166646854,795830142853
1605.547780,18906368,77440487424,49.177,48.233,944014726,477488559537,147192156120,795967485809
1605.817481,18909696,77454118912,50.543,48.233,944182570,477570364125,147217408247,796098501809
1606.092125,18913024,77467750400,49.633,48.234,944334202,477656901647,147244136001,796226379837
1606.368550,18916352,77481381888,49.314,48.234,944473946,477745809006,147271580904,796351939169
1606.664035,18919680,77495013376,46.133,48.233,944644283,477828982981,147297109250,796506556903
1606.930216,18923008,77508644864,51.211,48.234,944809755,477909019858,147321834512,796636876122
1607.204257,18926336,77522276352,49.743,48.234,945006046,477992729279,147347338461,796769657441
1607.477125,18929664,77535907840,49.956,48.235,945166613,478075776981,147372870003,796901844354
1607.747904,18932992,77549539328,50.342,48.235,945314627,478165034342,147400386034,797021250048
1608.036163,18936320,77563170816,47.289,48.235,945476288,478249803483,147426569154,797165736268
1608.324077,18939648,77576802304,47.346,48.235,945634134,478340391997,147454466964,797300314027
1608.602032,18942976,77590433792,49.042,48.235,945816196,478422271575,147479643162,797439777941
1608.883481,18946304,77604065280,48.433,48.235,945990003,478504236292,147505037015,797582163295
1609.165509,18949632,77617696768,48.334,48.235,946170864,478588449189,147530935191,797721576381
1609.440769,18952960,77631328256,49.522,48.235,946330081,478671493146,147556679927,797855896682
1609.715217,18956288,77644959744,49.669,48.235,946480537,478759693820,147583655258,797981085436
1609.999918,18959616,77658591232,47.880,48.235,946625498,478851523251,147612162721,798109652986
1610.292204,18962944,77672222720,46.637,48.235,946804046,478938109505,147639034856,798255043619
1610.571771,18966272,77685854208,48.759,48.235,946954667,479026923650,147666289180,798384353952
1610.848345,18969600,77699485696,49.287,48.235,947128437,479110183955,147691940005,798519966707
1611.125766,18972928,77713117184,49.137,48.235,947292035,479197111855,147718550165,798650398622
1611.396794,18976256,77726748672,50.296,48.236,947459171,479281265491,147744355711,798779065444
1611.690870,18979584,77740380160,46.354,48.235,947687345,479367198378,147770852001,798927457250
1611.962466,18982912,77754011648,50.190,48.236,947855427,479449717341,147796283406,799059183654
1612.236205,18986240,77767643136,49.797,48.236,948001351,479538509345,147823644380,799182370572
1612.508702,18989568,77781274624,50.024,48.236,948171605,479621660464,147849351815,799313828670
1612.776789,18992896,77794906112,50.847,48.237,948315694,479708770886,147876443999,799433810101
1613.063973,18996224,77808537600,47.466,48.236,948561756,479793996756,147902786794,799576303033
1613.350649,18999552,77822169088,47.550,48.236,948737162,479878544209,147928657300,799720175936
1613.629802,19002880,77835800576,48.832,48.236,948904458,479960238706,147953991139,799860639458
1613.905953,19006208,77849432064,49.363,48.237,949070988,480041530371,147979189715,799998570766
1614.188450,19009536,77863063552,48.254,48.237,949229571,480125439648,148005230363,800138682464
1614.464556,19012864,77876695040,49.371,48.237,949478857,480208555906,148030937727,800273775589
1614.738244,19016192,77890326528,49.807,48.237,949646395,480289922808,148056239444,800409099889
1615.017468,19019520,77903958016,48.819,48.237,949820214,480373781318,148082141548,800545922037
1615.302352,19022848,77917589504,47.849,48.237,949986050,480458968455,148108342629,800686447718
1615.590742,19026176,77931220992,47.268,48.237,950148050,480544162995,148134594519,800830180515
1615.861047,19029504,77944852480,50.430,48.237,950319188,480624595959,148159421798,800964137645
1616.146513,19032832,77958483968,47.752,48.237,950469546,480715490557,148187418650,801095361279
1616.418779,19036160,77972115456,50.067,48.238,950642377,480796170870,148212406728,801230560422
1616.707012,19039488,77985746944,47.293,48.237,950814616,480877737222,148237514634,801380529562
1616.977134,19042816,77999378432,50.464,48.238,950973677,480960021824,148262757850,801511512636
1617.253000,19046144,78013009920,49.413,48.238,951116583,481049896343,148290549165,801634800601
1617.531369,19049472,78026641408,48.969,48.238,951268426,481138193110,148317755552,801763409057
1617.798280,19052800,78040272896,51.071,48.239,951464734,481220916499,148343367770,801889867220
1618.079787,19056128,78053904384,48.423,48.239,951633708,481305325144,148369414004,802028168647
1618.358709,19059456,78067535872,48.872,48.239,951799745,481385762089,148394230724,802170653597
1618.639013,19062784,78081167360,48.631,48.239,951970913,481468242434,148419808899,802310735608
1618.922235,19066112,78094798848,48.130,48.239,952140706,481552273214,148445705438,802451424291
1619.199420,19069440,78108430336,49.178,48.239,952312190,481633518114,148470761887,802590501352
1619.475859,19072768,78122061824,49.311,48.239,952472810,481719626434,148497278518,802721028465
1619.751673,19076096,78135693312,49.423,48.239,952623605,481805176995,148523608851,802852075077
1620.027506,19079424,78149324800,49.419,48.240,952787975,481887840052,148549217712,802987558879
1620.314973,19082752,78162956288,47.419,48.239,952954098,481970355043,148574737497,803134948436
1620.591964,19086080,78176587776,49.213,48.240,953121301,482051289554,148599590562,803274933460
1620.862518,19089408,78190219264,50.384,48.240,953285734,482131389023,148624262169,803409843883
1621.140057,19092736,78203850752,49.116,48.240,953441712,482218724228,148651176420,803539392891
1621.411116,19096064,78217482240,50.290,48.240,953613162,482299690555,148676204530,803673223253
1621.700597,19099392,78231113728,47.089,48.240,953783280,482378750717,148700633421,803828563116
1621.969155,19102720,78244745216,50.758,48.241,953939386,482462721645,148726505901,803954753796
1622.244842,19106048,78258376704,49.446,48.241,954081005,482552336895,148754360278,804078095611
1622.517421,19109376,78272008192,50.009,48.241,954240630,482635695802,148780027561,804209432511
1622.782800,19112704,78285639680,51.366,48.242,954416003,482717774564,148805164919,804335809879
1623.068122,19116032,78299271168,47.776,48.242,954585474,482801551931,148831253990,804478774374
1623.349716,19119360,78312902656,48.408,48.242,954756279,482884435128,148856897294,804619856326
1623.627581,19122688,78326534144,49.058,48.242,954927039,482966337575,148882155417,804758767451
1623.912656,19126016,78340165632,47.817,48.242,955157363,483049524194,148907724111,804902621787
1624.198900,19129344,78353797120,47.622,48.242,955314313,483138770143,148935418776,805037408990
1624.483071,19132672,78367428608,47.969,48.241,955474309,483227288620,148962673208,805171558177
1624.753593,19136000,78381060096,50.390,48.242,955636010,483309927881,148988243853,805301884182
1625.024806,19139328,78394691584,50.261,48.242,955809431,483391680931,149013383513,805434672654
1625.315056,19142656,78408323072,46.965,48.242,955975197,483475762325,149039219375,805582710095
1625.593876,19145984,78421954560,48.890,48.242,956142232,483558645488,149064687008,805721180989
1625.864488,19149312,78435586048,50.373,48.242,956330828,483639731614,149089739238,805854136441
1626.140277,19152640,78449217536,49.427,48.243,956501704,483723655108,149115693332,805987622795
1626.414220,19155968,78462849024,49.760,48.243,956668901,483805904841,149140971890,806122249103
1626.703952,19159296,78476480512,47.049,48.243,956848662,483888516764,149166264737,806272212480
1626.977283,19162624,78490112000,49.872,48.243,957016138,483970436608,149191426150,806406572406
1627.245641,19165952,78503743488,50.796,48.243,957180852,484050757802,149216361402,806538444847
1627.516096,19169280,78517374976,50.402,48.244,957351364,484133232614,149241639405,806669318379
1627.786727,19172608,78531006464,50.369,48.244,957518150,484215062823,149266719635,806801559326
1628.068512,19175936,78544637952,48.375,48.244,957695412,484297206382,149291922168,806944238910
1628.350275,19179264,78558269440,48.379,48.244,957936023,484379583769,149317118564,807086474855
1628.630965,19182592,78571900928,48.564,48.244,958108699,484461620939,149342398092,807228047817
1628.912309,19185920,78585532416,48.451,48.244,958283095,484543471580,149367638423,807370599819
1629.201449,19189248,78599163904,47.145,48.244,958428235,484635279948,149396073646,807503803806
1629.475462,19192576,78612795392,49.747,48.244,958596666,484718347475,149421695014,807636963478
1629.745531,19195904,78626426880,50.474,48.245,958786399,484799527223,149446671792,807769331063
1630.019662,19199232,78640058368,49.726,48.245,958948693,484881660057,149471877808,807904169075
1630.305656,19202560,78653689856,47.663,48.245,959092554,484972501463,149499962766,808035905879
1630.598629,19205888,78667321344,46.528,48.244,959247038,485059982906,149526843018,808180785970
1630.867913,19209216,78680952832,50.621,48.245,959413186,485140962020,149551802173,808312857879
1631.144919,19212544,78694584320,49.210,48.245,959577506,485227179109,149578257486,808443660256
1631.414668,19215872,78708215808,50.534,48.245,959738630,485308477659,149603396323,808575449182
1631.701606,19219200,78721847296,47.507,48.245,959909504,485389534906,149628324761,808725067510
1631.976531,19222528,78735478784,49.583,48.245,960083788,485472121126,149653719167,808859941820
1632.250063,19225856,78749110272,49.835,48.246,960249159,485559962249,149680996186,808984114891
1632.527431,19229184,78762741760,49.146,48.246,960394572,485647929310,149708246841,809112090891
1632.796495,19232512,78776373248,50.663,48.246,960565933,485730524454,149733714378,809240941399
1633.077062,19235840,78790004736,48.586,48.246,960735974,485813619470,149759451038,809380425552
1633.363291,19239168,78803636224,47.624,48.246,960914428,485896072407,149784758767,809526946961
1633.641057,19242496,78817267712,49.075,48.246,961085537,485977934506,149810085494,809665789167
1633.921020,19245824,78830899200,48.690,48.246,961246898,486059722695,149835307717,809806919716
1634.196968,19249152,78844530688,49.399,48.247,961420411,486140743011,149860314198,809945439829
1634.470911,19252480,78858162176,49.760,48.247,961583287,486221340202,149885162097,810082655932
1634.745028,19255808,78871793664,49.729,48.247,961749580,486302840564,149910359895,810218373304
1635.022150,19259136,78885425152,49.189,48.247,961896978,486389804057,149937228033,810347925198
1635.310263,19262464,78899056640,47.313,48.247,962064174,486472443551,149962734722,810495756522
1635.594160,19265792,78912688128,48.016,48.247,962223739,486558461384,149989152188,810634188413
1635.864588,19269120,78926319616,50.407,48.247,962393301,486640717593,150014255100,810765418405
1636.141965,19272448,78939951104,49.144,48.248,962564917,486724872354,150040308465,810899829616
1636.409176,19275776,78953582592,51.014,48.248,962733031,486805219569,150065088600,811030737478
1636.697586,19279104,78967214080,47.264,48.248,962893446,486886304784,150090095003,811181470613
1636.972043,19282432,78980845568,49.667,48.248,963067545,486968423177,150115422322,811316525787
1637.245856,19285760,78994477056,49.784,48.248,963229521,487050282604,150140580051,811451705075
1637.518177,19289088,79008108544,50.057,48.249,963392197,487130684560,150165379241,811587703208
1637.784962,19292416,79021740032,51.095,48.249,963558326,487213481732,150190997322,811713911290
1638.066020,19295744,79035371520,48.501,48.249,963718230,487297061247,150216814144,811853146251
1638.345572,19299072,79049003008,48.762,48.249,963941730,487378009981,150241913145,811995240994
1638.621222,19302400,79062634496,49.452,48.249,964102119,487458850352,150266941560,812133675699
1638.902543,19305728,79076265984,48.455,48.250,964266225,487540576976,150292168614,812276461671
1639.182162,19309056,79089897472,48.750,48.250,964433531,487623326902,150317775261,812415625205
1639.463293,19312384,79103528960,48.488,48.250,964591038,487711142184,150344979724,812547683573
1639.734897,19315712,79117160448,50.189,48.250,964757214,487794376257,150370698373,812678089990
1640.009267,19319040,79130791936,49.683,48.250,964924648,487878316741,150396593293,812810183464
1640.297874,19322368,79144423424,47.232,48.250,965086438,487962797058,150422690036,812955346545
1640.580969,19325696,79158054912,48.152,48.250,965240205,488048598277,150449223532,813092905166
1640.856845,19329024,79171686400,49.412,48.250,965405079,488132931022,150475229287,813225843235
1641.129389,19332352,79185317888,50.016,48.251,965577616,488215709089,150500719008,813358001845
1641.403817,19335680,79198949376,49.672,48.251,965742318,488300936854,150526975718,813487892310
1641.691824,19339008,79212580864,47.331,48.251,965901638,488383855218,150552606555,813635186674
1641.968503,19342336,79226212352,49.268,48.251,966070576,488467927925,150578320346,813769737164
1642.242406,19345664,79239843840,49.768,48.251,966248216,488550192480,150603818559,813903931540
1642.516483,19348992,79253475328,49.736,48.251,966420055,488632210717,150628968626,814039111014
1642.782172,19352320,79267106816,51.306,48.252,966590479,488714159391,150654264791,814165676234
1643.061455,19355648,79280738304,48.809,48.252,966757593,488795377701,150679404021,814307020892
1643.338512,19358976,79294369792,49.201,48.252,966917357,488876457771,150704331025,814446855356
1643.618437,19362304,79308001280,48.697,48.252,967083337,488958957042,150729722482,814587118350
1643.897200,19365632,79321632768,48.900,48.252,967253523,489041826471,150755442037,814725071481
1644.175165,19368960,79335264256,49.040,48.252,967423442,489124619565,150780913522,814862610498
1644.451459,19372288,79348895744,49.337,48.253,967579781,489204674183,150805619163,815003021741
1644.718951,19375616,79362527232,50.960,48.253,967739221,489285644823,150830446402,815133441580
1645.001802,19378944,79376158720,48.193,48.253,967912876,489368139497,150855687910,815276592263
1645.281177,19382272,79389790208,48.793,48.253,968104228,489450816886,150881286768,815415459262
1645.576947,19385600,79403421696,46.088,48.253,968274375,489536399433,150907801081,815565945174
1645.843406,19388928,79417053184,51.158,48.253,968444289,489615804016,150932593856,815697222368
1646.118298,19392256,79430684672,49.588,48.253,968601225,489699000825,150958174132,815831196043
1646.384195,19395584,79444316160,51.266,48.254,968771432,489779854170,150983241670,815959732444
1646.671197,19398912,79457947648,47.496,48.254,968946571,489859575058,151007845916,816111401672
1646.948556,19402240,79471579136,49.147,48.254,969118201,489941102755,151032988624,816250398465
1647.217367,19405568,79485210624,50.710,48.254,969299999,490022822079,151058166792,816380590129
1647.490942,19408896,79498842112,49.827,48.254,969466831,490104983681,151083376240,816515105846
1647.756200,19412224,79512473600,51.389,48.255,969630167,490184852668,151107930476,816644993827
1648.036491,19415552,79526105088,48.633,48.255,969790304,490272464667,151134873318,816776796870
1648.326913,19418880,79539736576,46.937,48.255,969943998,490360165897,151161930402,816918586901
1648.604025,19422208,79553368064,49.191,48.255,970110533,490440434486,151186595250,817059839047
1648.887590,19425536,79566999552,48.072,48.255,970281724,490523039623,151212010597,817203407438
1649.169645,19428864,79580631040,48.329,48.255,970440865,490609643457,151238702685,817338579588
1649.452152,19432192,79594262528,48.252,48.255,970603609,490696306805,151265424872,817474230356
1649.724682,19435520,79607894016,50.018,48.255,970769247,490778758562,151290743069,817607354417
1649.995725,19438848,79621525504,50.293,48.256,970934503,490859965835,151315690526,817740821659
1650.282062,19442176,79635156992,47.606,48.255,971103237,490942348360,151341171365,817887281645
1650.562645,19445504,79648788480,48.583,48.256,971271362,491025796345,151366801378,818026590952
1650.831051,19448832,79662419968,50.787,48.256,971440766,491105526330,151391510642,818159529166
1651.108107,19452160,79676051456,49.201,48.256,971605858,491189424670,151417337760,818294374041
1651.377953,19455488,79689682944,50.516,48.256,971775383,491270551203,151442346712,818426703149
1651.667070,19458816,79703314432,47.149,48.256,971944686,491352190331,151467429114,818577561130
1651.939399,19462144,79716945920,50.055,48.257,972109909,491433281112,151492574452,818712118270
1652.210857,19465472,79730577408,50.216,48.257,972282707,491516241110,151518268014,818842659057
1652.482000,19468800,79744208896,50.274,48.257,972445821,491597198855,151543200288,818976537778
1652.747244,19472128,79757840384,51.392,48.258,972607642,491678314175,151568243545,819104206200
1653.026741,19475456,79771471872,48.771,48.258,972780238,491759986756,151593497201,819245257431
1653.307586,19478784,79785103360,48.537,48.258,972948984,491842208179,151618767966,819386760208
1653.584366,19482112,79798734848,49.250,48.258,973126052,491923555008,151643738112,819525678199
1653.865279,19485440,79812366336,48.526,48.258,973295878,492004691744,151668650303,819669085073
1654.144512,19488768,79825997824,48.818,48.258,973463773,492087258719,151694006216,819808468005
1654.424895,19492096,79839629312,48.617,48.258,973628316,492167405663,151718701855,819952967221
1654.690534,19495424,79853260800,51.316,48.259,973796750,492247300790,151743287928,820083303781
1654.961388,19498752,79866892288,50.328,48.259,973963895,492328603033,151768252068,820216249994
1655.250590,19502080,79880523776,47.135,48.259,974133951,492411237083,151793713891,820365588583
1655.538088,19505408,79894155264,47.414,48.259,974293800,492499677945,151820943192,820503348524
1655.809897,19508736,79907786752,50.151,48.259,974448434,492583128054,151846820640,820633568431
1656.082886,19512064,79921418240,49.934,48.259,974593926,492668525208,151873290781,820761495309
1656.358837,19515392,79935049728,49.398,48.260,974734480,492757991628,151900946592,820885465080
1656.641106,19518720,79948681216,48.292,48.260,974923586,492837549195,151925650852,821032615914
1656.914828,19522048,79962312704,49.801,48.260,975089798,492918426206,151950478961,821169314627
1657.190152,19525376,79975944192,49.511,48.260,975260579,493001037538,151975922324,821304632548
1657.463720,19528704,79989575680,49.829,48.260,975422673,493085731451,152001942557,821434673035
1657.731662,19532032,80003207168,50.875,48.261,975563237,493174021593,152029406370,821552484736
1658.016450,19535360,80016838656,47.865,48.261,975717888,493263483632,152056991187,821685489555
1658.301489,19538688,80030470144,47.823,48.261,975885693,493345752422,152082353580,821831140358
1658.585014,19542016,80044101632,48.079,48.260,976068997,493428280525,152107691561,821974965906
1658.866104,19545344,80057733120,48.495,48.261,976243288,493509456503,152132654187,822118488670
1659.144769,19548672,80071364608,48.917,48.261,976411668,493591649361,152157763407,822258200309
1659.427373,19552000,80084996096,48.235,48.261,976577985,493680575302,152185111566,822390266127
1659.702309,19555328,80098627584,49.580,48.261,976720205,493769993924,152212828102,822513197920
1659.984869,19558656,80112259072,48.243,48.261,976865637,493861434069,152241104190,822640530063
1660.270426,19561984,80125890560,47.737,48.261,977020052,493950609483,152268589344,822774917297
1660.566894,19565312,80139522048,45.980,48.260,977181096,494041221298,152296568063,822917800236
1660.843238,19568640,80153153536,49.328,48.261,977338908,494128737203,152323507381,823045730087
1661.116733,19571968,80166785024,49.842,48.261,977510788,494212076317,152349220054,823177954441
1661.396008,19575296,80180416512,48.810,48.261,977685130,494296428826,152375184442,823314344300
1661.674344,19578624,80194048000,48.975,48.261,977853825,494375941352,152399711642,823457780334
1661.952131,19581952,80207679488,49.072,48.261,978021124,494458556921,152425223215,823595355175
1662.227885,19585280,80221310976,49.433,48.261,978202666,494541008831,152450707206,823731180504
1662.498912,19588608,80234942464,50.296,48.262,978373604,494622343186,152475802491,823864104318
1662.771472,19591936,80248573952,50.013,48.262,978544123,494707272216,152502084052,823992428282
1663.052137,19595264,80262205440,48.568,48.262,978723732,494791917282,152528299305,824129691385
1663.335260,19598592,80275836928,48.147,48.262,978893637,494874642060,152553847664,824272428003
1663.616318,19601920,80289468416,48.501,48.262,979069853,494959028009,152579664321,824410794073
1663.903864,19605248,80303099904,47.406,48.262,979236802,495044400247,152605959006,824553525391
1664.183347,19608576,80316731392,48.774,48.262,979401859,495126849688,152631490916,824692944598
1664.456968,19611904,80330362880,49.819,48.262,979571629,495209219531,152657151586,824826732484
1664.732125,19615232,80343994368,49.541,48.262,979870755,495292374115,152682636194,824960946725
1665.003817,19618560,80357625856,50.172,48.263,980035169,495374556371,152707977761,825093293455
1665.291335,19621888,80371257344,47.411,48.263,980201118,495457108362,152733403356,825240799127
1665.577565,19625216,80384888832,47.624,48.262,980363055,495545279390,152760648196,825377341021
1665.849292,19628544,80398520320,50.166,48.263,980501420,495632900517,152787809225,825500043769
1666.131354,19631872,80412151808,48.328,48.263,980645554,495723359601,152815723839,825628855170
1666.407172,19635200,80425783296,49.422,48.263,980787704,495812672687,152843355226,825753036924
1666.695381,19638528,80439414784,47.297,48.263,980953745,495898190544,152869848858,825896073672
1666.976167,19641856,80453046272,48.548,48.263,981121150,495980806055,152895209299,826036785074
1667.244210,19645184,80466677760,50.856,48.263,981283779,496061723005,152920264079,826167331722
1667.518013,19648512,80480309248,49.786,48.264,981444485,496143586372,152945382742,826302504859
1667.785107,19651840,80493940736,51.036,48.264,981616187,496225442902,152970659076,826430452812
1668.059918,19655168,80507572224,49.603,48.264,981784745,496307546464,152996101357,826565794029
1668.343521,19658496,80521203712,48.065,48.264,981983645,496389169160,153021284388,826710884474
1668.619157,19661824,80534835200,49.455,48.264,982152737,496470300001,153046289027,826848828956
1668.901353,19665152,80548466688,48.305,48.264,982320386,496552711674,153071639086,826991347928
1669.178981,19668480,80562098176,49.100,48.265,982490716,496634247026,153096625909,827131180292
1669.452657,19671808,80575729664,49.809,48.265,982660678,496714834020,153121472445,827268168471
1669.725553,19675136,80589361152,49.951,48.265,982815224,496799932893,153147541021,827397174782
1670.002292,19678464,80602992640,49.258,48.265,982976038,496887179190,153174394358,827526084010
1670.294170,19681792,80616624128,46.703,48.265,983210872,496970564213,153200127404,827676446554
1670.578054,19685120,80630255616,48.018,48.265,983369298,497057046477,153226752180,827813991530
1670.851812,19688448,80643887104,49.794,48.265,983519871,497142422671,153253018960,827943050709
1671.124001,19691776,80657518592,50.081,48.265,983684643,497225275195,153278522087,828074512773
1671.396748,19695104,80671150080,49.978,48.266,983856263,497307475889,153303758341,828207926852
1671.683585,19698432,80684781568,47.524,48.266,984015837,497395013499,153330771380,828346319469
1671.963385,19701760,80698413056,48.719,48.266,984175685,497479944487,153356880739,828482287069
1672.242422,19705088,80712044544,48.852,48.266,984321051,497571093843,153384914761,828606846576
1672.518208,19708416,80725676032,49.428,48.266,984495629,497655517359,153410859971,828739622530
1672.784885,19711744,80739307520,51.116,48.266,984667085,497737425563,153435926362,828867909741
1673.061337,19715072,80752939008,49.309,48.267,984833213,497823096140,153462699822,828998559205
1673.344964,19718400,80766570496,48.061,48.267,984998040,497905236130,153488126467,829142755095
1673.627220,19721728,80780201984,48.295,48.267,985162472,497987708550,153513468212,829285143881
1673.902795,19725056,80793833472,49.466,48.267,985390804,498067697512,153538184370,829424936679
1674.181572,19728384,80807464960,48.897,48.267,985561427,498150148935,153563429795,829564133458
1674.462286,19731712,80821096448,48.560,48.267,985733771,498232625037,153588937242,829704840720
1674.733316,19735040,80834727936,50.295,48.267,985902080,498314759562,153614384537,829836475940
1675.008289,19738368,80848359424,49.574,48.267,986066489,498396857470,153639679263,829972363428
1675.285931,19741696,80861990912,49.097,48.268,986227041,498477344454,153664450033,830113491057
1675.581984,19745024,80875622400,46.044,48.267,986398820,498563499099,153690966751,830263719656
1675.858045,19748352,80889253888,49.378,48.267,986578351,498647322984,153716843086,830397560952
1676.131793,19751680,80902885376,49.796,48.268,986749147,498731965223,153743087280,830527676914
1676.406675,19755008,80916516864,49.590,48.268,986922954,498816523424,153769199214,830659418595
1676.687239,19758336,80930148352,48.586,48.268,987088956,498899054090,153794592767,830799970420
1676.971310,19761664,80943779840,47.986,48.268,987260215,498982750419,153820328847,830942257013
1677.246500,19764992,80957411328,49.535,48.268,987429445,499064933543,153845750353,831077998029
1677.518964,19768320,80971042816,50.030,48.268,987598700,499146890091,153870965186,831211458174
1677.787754,19771648,80984674304,50.714,48.269,987761730,499228696046,153896225152,831341506029
1678.060485,19774976,80998305792,49.982,48.269,987923208,499311168221,153921706685,831474327150
1678.343212,19778304,81011937280,48.214,48.269,988093080,499393560720,153947231615,831617233673
1678.618218,19781632,81025568768,49.568,48.269,988257027,499473657265,153971944925,831756473897
1678.900091,19784960,81039200256,48.360,48.269,988428697,499556875446,153997761750,831896890332
1679.180111,19788288,81052831744,48.680,48.269,988676398,499638234241,154022658829,832039173890
1679.460731,19791616,81066463232,48.576,48.269,988842648,499721405465,154048324659,832178663412
1679.733258,19794944,81080094720,50.019,48.270,989009973,499803399425,154073583251,832312191897
1680.007064,19798272,81093726208,49.785,48.270,989179321,499885150733,154098706267,832447448196
1680.285645,19801600,81107357696,48.932,48.270,989350319,499969715627,154124680975,832583042990
1680.577387,19804928,81120989184,46.724,48.270,989512026,500053184309,154150365906,832733439640
1680.853769,19808256,81134620672,49.321,48.270,989661781,500142807409,154177947693,832857889206
1681.132587,19811584,81148252160,48.890,48.270,989805069,500233075363,154205821052,832983568205
1681.404144,19814912,81161883648,50.197,48.270,989962716,500314458522,154231059717,833117034937
1681.686723,19818240,81175515136,48.239,48.270,990129538,500397636335,154256709934,833258653361
1681.967272,19821568,81189146624,48.589,48.270,990298829,500478560306,154281651150,833402003309
1682.240917,19824896,81202778112,49.815,48.271,990469623,500562434015,154307496420,833533336795
1682.513844,19828224,81216409600,49.945,48.271,990642845,500644577576,154332824551,833667014302
1682.779850,19831552,81230041088,51.245,48.271,990803522,500726561209,154358010187,833794128140
1683.053526,19834880,81243672576,49.809,48.272,990969463,500807788623,154383031709,833929784873
1683.339584,19838208,81257304064,47.653,48.271,991134230,500890775429,154408543707,834075132770
1683.622708,19841536,81270935552,48.147,48.271,991306334,500975321489,154434687522,834214985807
1683.904809,19844864,81284567040,48.321,48.271,991473314,501059207539,154460638770,834354631323
1684.188746,19848192,81298198528,48.009,48.271,991641236,501145497909,154487188186,834492471318
1684.469426,19851520,81311830016,48.566,48.271,991809416,501228751111,154512934398,834631800820
1684.739134,19854848,81325461504,50.542,48.272,991973265,501312978589,154538848563,834758760428
1685.011183,19858176,81339092992,50.107,48.272,992138642,501394136444,154563825444,834893181751
1685.295728,19861504,81352724480,47.906,48.272,992300831,501474317584,154588422718,835041711794
1685.577239,19864832,81366355968,48.423,48.272,992483928,501555728586,154613476420,835185319779
1685.851023,19868160,81379987456,49.789,48.272,992650163,501637704859,154639004606,835319723006
1686.127312,19871488,81393618944,49.338,48.273,992819281,501722594127,154665216766,835451971679
1686.398152,19874816,81407250432,50.330,48.273,992992088,501804229446,154690340533,835584475363
1686.685117,19878144,81420881920,47.502,48.273,993159291,501886552979,154715788030,835731766795
1686.962708,19881472,81434513408,49.106,48.273,993331057,501968814147,154741148014,835869963638
1687.240923,19884800,81448144896,48.996,48.273,993496831,502053942702,154767231123,836004175928
1687.514800,19888128,81461776384,49.772,48.273,993670557,502135668361,154792361355,836139172735
1687.782035,19891456,81475407872,51.009,48.274,993840005,502218708875,154818036021,836265608496
1688.054034,19894784,81489039360,50.116,48.274,994006257,502300842374,154843402787,836398017989
1688.340048,19898112,81502670848,47.660,48.274,994181046,502382448739,154868620920,836545513334
1688.625777,19901440,81516302336,47.708,48.274,994393038,502464056711,154893763302,836692856024
1688.903861,19904768,81529933824,49.019,48.274,994664141,502544725416,154918723167,836833936410
1689.183032,19908096,81543565312,48.828,48.274,994837272,502627876779,154944254469,836972053224
1689.462953,19911424,81557196800,48.698,48.274,995007750,502709758688,154969461218,837113188574
1689.735566,19914752,81570828288,50.003,48.274,995174205,502792955666,154995159165,837244799940
1690.008721,19918080,81584459776,49.904,48.275,995343366,502875057781,155020492415,837378850088
1690.289883,19921408,81598091264,48.483,48.275,995506919,502958128183,155046064717,837519133429
1690.580089,19924736,81611722752,46.972,48.274,995676413,503040921801,155071755515,837668713343
1690.855666,19928064,81625354240,49.465,48.275,995855695,503124892241,155097794835,837801974796
1691.127635,19931392,81638985728,50.121,48.275,996023792,503208371093,155123672064,837932282789
1691.402369,19934720,81652617216,49.617,48.275,996187784,503293333183,155149752563,838063097944
1691.683515,19938048,81666248704,48.485,48.275,996359132,503375740489,155175056529,838204542259
1691.968665,19941376,81679880192,47.805,48.275,996529975,503459727740,155200929726,838347477325
1692.243795,19944704,81693511680,49.546,48.275,996679844,503546217582,155227480287,838476275953
1692.519590,19948032,81707143168,49.426,48.275,996827918,503632595087,155254378481,838605153310
1692.787509,19951360,81720774656,50.879,48.276,997000017,503714999102,155279767278,838733444000
1693.060745,19954688,81734406144,49.889,48.276,997171339,503797305512,155305106553,838867101717
1693.347693,19958016,81748037632,47.505,48.276,997332085,503879485360,155330246931,839015079396
1693.632263,19961344,81761669120,47.902,48.276,997500418,503961758403,155355694970,839160016831
1693.908829,19964672,81775300608,49.288,48.276,997673677,504043519836,155380891457,839297913511
1694.193069,19968000,81788932096,47.958,48.276,997845973,504124658441,155405907357,839444531659
1694.474394,19971328,81802563584,48.455,48.276,998022578,504206125576,155431017168,839587713267
1694.744376,19974656,81816195072,50.490,48.276,998188137,504286638818,155455730933,839721340411
1695.015142,19977984,81829826560,50.344,48.277,998355710,504369454741,155481285040,839851619501
1695.295169,19981312,81843458048,48.679,48.277,998554677,504454032904,155507310358,839988409187
1695.590248,19984640,81857089536,46.196,48.276,998713217,504537007227,155532858189,840142926987
1695.865117,19987968,81870721024,49.593,48.277,998854577,504627297757,155560590917,840264970600
1696.142925,19991296,81884352512,49.068,48.277,998998802,504716551848,155588181632,840391382317
1696.420069,19994624,81897984000,49.186,48.277,999236054,504800139304,155613952933,840526689900
1696.699694,19997952,81911615488,48.749,48.277,999399943,504881809877,155639432171,840667436627
1696.980271,20001280,81925246976,48.584,48.277,999569353,504962837248,155664478272,840810690856
1697.256324,20004608,81938878464,49.380,48.277,999710222,505051904935,155692189215,840935284694
1697.531342,20007936,81952509952,49.566,48.277,999857037,505141430522,155719929578,841058066370
1697.801503,20011264,81966141440,50.457,48.278,1000024252,505223611112,155745339554,841188864767
1698.073253,20014592,81979772928,50.162,48.278,1000188257,505308996389,155771639532,841315891262
1698.364496,20017920,81993404416,46.805,48.278,1000353770,505392559465,155797143624,841465905369
1698.643752,20021248,82007035904,48.814,48.278,1000523084,505474511894,155822348357,841606227484
1698.923400,20024576,82020667392,48.745,48.278,1000687426,505554624700,155847166636,841749605812
1699.207097,20027904,82034298880,48.049,48.278,1000844003,505640163585,155873616971,841887993115
1699.494138,20031232,82047930368,47.490,48.278,1001016995,505723892682,155899366016,842033220267
1699.767861,20034560,82061561856,49.800,48.278,1001191364,505806885820,155924858477,842166194393
1700.038193,20037888,82075193344,50.425,48.278,1001360209,505889187142,155950281446,842296912420
1700.328775,20041216,82088824832,46.911,48.278,1001523982,505974056808,155976449577,842443523975
1700.613762,20044544,82102456320,47.832,48.278,1001688381,506054566938,156001393546,842591673568
1700.879740,20047872,82116087808,51.251,48.279,1001855671,506134895139,156026105533,842721480899
1701.151999,20051200,82129719296,50.068,48.279,1002003095,506220162666,156052518763,842848786550
1701.424647,20054528,82143350784,49.997,48.279,1002176029,506302247152,156077812802,842982251544
1701.704113,20057856,82156982272,48.777,48.279,1002348757,506382976549,156102757498,843124822542
1701.988678,20061184,82170613760,47.903,48.279,1002511284,506465193448,156128152977,843269921856
1702.260654,20064512,82184245248,50.120,48.279,1002683927,506546360738,156153332064,843403822150
1702.532824,20067840,82197876736,50.084,48.280,1002846911,506626538670,156178146028,843539853357
1702.803096,20071168,82211508224,50.436,48.280,1003012629,506708829673,156203766735,843670277238
1703.075263,20074496,82225139712,50.085,48.280,1003182470,506791660281,156229306828,843801872781
1703.363915,20077824,82238771200,47.225,48.280,1003355298,506873996922,156254886244,843950567686
1703.645596,20081152,82252402688,48.393,48.280,1003527797,506956393628,156280265407,844092633026
1703.923567,20084480,82266034176,49.039,48.280,1003697958,507036807641,156305008567,844234272255
1704.208341,20087808,82279665664,47.868,48.280,1003859882,507119656053,156330607495,844378592996
1704.490375,20091136,82293297152,48.333,48.280,1004029028,507200253429,156355507476,844523892707
1704.764267,20094464,82306928640,49.770,48.281,1004206935,507281784338,156380439212,844659739474
1705.036678,20097792,82320560128,50.040,48.281,1004368114,507363995816,156405984086,844792535318
1705.321363,20101120,82334191616,47.883,48.281,1004522232,507453973769,156433743517,844924470955
1705.611857,20104448,82347823104,46.925,48.281,1004684572,507540790682,156460703220,845067496277
1705.896452,20107776,82361454592,47.898,48.280,1004852462,507623701920,156486270960,845211448206
1706.170486,20111104,82375086080,49.744,48.281,1005008505,507708397963,156512385201,845341910506
1706.448177,20114432,82388717568,49.089,48.281,1005174753,507790958657,156537883004,845479602087
1706.724543,20117760,82402349056,49.324,48.281,1005343837,507872088235,156562953904,845618390716
1707.010426,20121088,82415980544,47.682,48.281,1005521532,507954853799,156588399603,845764052460
1707.284947,20124416,82429612032,49.656,48.281,1005681313,508037617732,156614006749,845898066596
1707.556605,20127744,82443243520,50.179,48.281,1005844595,508119259841,156639179477,846031341819
1707.826048,20131072,82456875008,50.591,48.282,1006010560,508201653328,156664649083,846160856283
1708.094245,20134400,82470506496,50.827,48.282,1006178804,508281994236,156689305691,846293000090
1708.378422,20137728,82484137984,47.968,48.282,1006371255,508363937007,156714700224,846437991459
1708.658493,20141056,82497769472,48.672,48.282,1006537442,508445939190,156739886262,846579369691
1708.938966,20144384,82511400960,48.602,48.282,1006708158,508528016673,156765220090,846720646507
1709.227130,20147712,82525032448,47.305,48.282,1006884279,508613960567,156791601528,846863292495
1709.508704,20151040,82538663936,48.412,48.282,1007048609,508698028195,156817469909,847002378108
1709.783800,20154368,82552295424,49.552,48.282,1007213547,508781550501,156843103912,847136161787
1710.060745,20157696,82565926912,49.221,48.282,1007365618,508871324868,156870680758,847261030911
1710.345275,20161024,82579558400,47.909,48.282,1007511487,508962059310,156898774960,847391533411
1710.634947,20164352,82593189888,47.058,48.282,1007673906,509043631614,156924045198,847542641891
1710.907211,20167680,82606821376,50.067,48.282,1007843763,509125130024,156949013559,847676949979
1711.182674,20171008,82620452864,49.486,48.283,1008007445,509208139159,156974683338,847811574914
1711.458277,20174336,82634084352,49.461,48.283,1008188345,509291056606,157000212743,847946328812
1711.737560,20177664,82647715840,48.809,48.283,1008349883,509372739729,157025361063,848087122086
1712.025358,20180992,82661347328,47.365,48.283,1008509093,509456329236,157051104608,848233220636
1712.299920,20184320,82674978816,49.648,48.283,1008649117,509545239815,157078498223,848356986074
1712.577328,20187648,82688610304,49.139,48.283,1008790760,509635767237,157106589346,848480674129
1712.849774,20190976,82702241792,50.034,48.283,1008929904,509724211133,157134251284,848602605809
1713.123659,20194304,82715873280,49.771,48.284,1009071199,509813988302,157162019204,848724050107
1713.415638,20197632,82729504768,46.687,48.283,1009237595,509899203866,157188427604,848871532273
1713.698760,20200960,82743136256,48.147,48.283,1009395812,509986350217,157215423628,849006597658
1713.978487,20204288,82756767744,48.732,48.283,1009556777,510068353499,157240672720,849147232439
1714.259446,20207616,82770399232,48.518,48.283,1009724685,510149428575,157265653884,849290664236
1714.541453,20210944,82784030720,48.337,48.283,1009893453,510231844233,157291059343,849432864426
1714.819044,20214272,82797662208,49.107,48.284,1010062868,510315612103,157316778711,849568661808
1715.090957,20217600,82811293696,50.132,48.284,1010226328,510398567098,157342513917,849699547134
1715.371931,20220928,82824925184,48.515,48.284,1010386779,510484243803,157369014176,849835256703
1715.663747,20224256,82838556672,46.713,48.284,1010603707,510567121838,157394671773,849986358572
1715.940122,20227584,82852188160,49.322,48.284,1010778399,510650031945,157420265118,850122021803
1716.219519,20230912,82865819648,48.789,48.284,1010943124,510735955939,157446888723,850255655791
1716.494460,20234240,82879451136,49.580,48.284,1011111033,510818242405,157472329216,850391021489
1716.770420,20237568,82893082624,49.397,48.284,1011284684,510897861675,157496747150,850531964009
1717.058403,20240896,82906714112,47.334,48.284,1011458915,510981803056,157522356781,850678318964
1717.335483,20244224,82920345600,49.197,48.284,1011632924,511064828147,157547859683,850814865244
1717.609445,20247552,82933977088,49.757,48.285,1011776341,511153943591,157575395945,850937623582
1717.881764,20250880,82947608576,50.057,48.285,1011917153,511243212619,157602861161,851058636734
1718.158267,20254208,82961240064,49.300,48.285,1012077930,511328552908,157629124276,851190557511
1718.441356,20257536,82974871552,48.153,48.285,1012246627,511410552887,157654413504,851334526390
1718.723144,20260864,82988503040,48.375,48.285,1012420369,511493150582,157679824242,851476303220
1719.003999,20264192,83002134528,48.536,48.285,1012595806,511575630861,157705196713,851617304386
1719.283237,20267520,83015766016,48.817,48.285,1012766506,511657811249,157730450116,851757372436
1719.562958,20270848,83029397504,48.732,48.285,1012935815,511740532491,157755897742,851896803728
1719.832974,20274176,83043028992,50.484,48.286,1013103303,511822064540,157780998303,852028619480
1720.105517,20277504,83056660480,50.016,48.286,1013271883,511903848269,157806388558,852162320655
1720.383495,20280832,83070291968,49.038,48.286,1013432287,511985834790,157831655399,852301434955
1720.662306,20284160,83083923456,48.891,48.286,1013602847,512067302722,157856782604,852442319380
1720.943756,20287488,83097554944,48.433,48.286,1013770326,512150572718,157882264382,852583153979
1721.217747,20290816,83111186432,49.752,48.286,1013910570,512239028864,157909622847,852706955995
1721.496272,20294144,83124817920,48.942,48.286,1014058092,512326892059,157936764182,852836390514
1721.770477,20297472,83138449408,49.713,48.287,1014283512,512408847035,157962198918,852971340175
1722.056941,20300800,83152080896,47.585,48.286,1014473714,512493313724,157988240850,853114678848
1722.333265,20304128,83165712384,49.332,48.287,1014616314,512582790900,158016096518,853238835577
1722.610472,20307456,83179343872,49.174,48.287,1014758957,512673535246,158044083706,853362100683
1722.885099,20310784,83192975360,49.636,48.287,1014899227,512762589841,158071475090,853485850749
1723.155859,20314112,83206606848,50.345,48.287,1015057959,512846479733,158097424798,853614304210
1723.438164,20317440,83220238336,48.286,48.287,1015225740,512928645505,158122767026,853757356658
1723.719709,20320768,83233869824,48.417,48.287,1015431060,513011563122,158148233866,853898334191
1724.000145,20324096,83247501312,48.608,48.287,1015603601,513093633073,158173408341,854039907038
1724.284421,20327424,83261132800,47.952,48.287,1015766048,513176696673,158199038006,854183115321
1724.564759,20330752,83274764288,48.625,48.287,1015933146,513258857508,158224386241,854324030154
1724.837408,20334080,83288395776,49.996,48.288,1016110139,513340267254,158249511143,854458473541
1725.108258,20337408,83302027264,50.329,48.288,1016270576,513423043528,158275039516,854588918812
1725.382795,20340736,83315658752,49.653,48.288,1016442662,513504534425,158300278172,854725151049
1725.673816,20344064,83329290240,46.840,48.288,1016607266,513587643724,158325937406,854875238216
1725.947801,20347392,83342921728,49.753,48.288,1016767695,513672211728,158351766235,855006473428
1726.224028,20350720,83356553216,49.349,48.288,1016911957,513761570713,158379528031,855130727892
1726.505507,20354048,83370184704,48.428,48.288,1017056866,513852130172,158407408749,855258564045
1726.790190,20357376,83383816192,47.883,48.288,1017208690,513944536576,158436005725,855386351233
1727.081410,20360704,83397447680,46.808,48.288,1017381722,514027492241,158461446905,855537250927
1727.354994,20364032,83411079168,49.826,48.288,1017555693,514112458740,158487503548,855667056895
1727.629802,20367360,83424710656,49.604,48.289,1017706822,514200882425,158514721718,855791951196
1727.906658,20370688,83438342144,49.237,48.289,1017854729,514291112427,158542677508,855915385163
1728.176809,20374016,83451973632,50.459,48.289,1017995424,514379758359,158570084283,856034949692
1728.463541,20377344,83465605120,47.541,48.289,1018156696,514461914534,158595418856,856182581933
1728.739925,20380672,83479236608,49.321,48.289,1018327857,514542510179,158620129627,856322374595
1729.017197,20384000,83492868096,49.163,48.289,1018500487,514624106503,158645218906,856461096780
1729.299953,20387328,83506499584,48.209,48.289,1018667445,514707097660,158670939482,856603112335
1729.580840,20390656,83520131072,48.530,48.289,1018835198,514792798284,158697237674,856738983394
1729.856052,20393984,83533762560,49.531,48.289,1019004538,514877237930,158723136160,856871236487
1730.125652,20397312,83547394048,50.562,48.290,1019173065,514957827537,158748103268,857003825961
1730.401662,20400640,83561025536,49.388,48.290,1019334622,515041547397,158773752379,857138159043
1730.695024,20403968,83574657024,46.466,48.290,1019495489,515127767700,158800336164,857285265283
1730.967696,20407296,83588288512,49.992,48.290,1019662010,515208918799,158825342079,857420350022
1731.241728,20410624,83601920000,49.744,48.290,1019820295,515294213543,158851701255,857549585079
1731.518138,20413952,83615551488,49.316,48.290,1019960800,515383511109,158879284300,857674459100
1731.792573,20417280,83629182976,49.671,48.291,1020131233,515469391274,158905779956,857803337744
1732.095276,20420608,83642814464,45.032,48.290,1020292188,515562669990,158934518371,857947953492
1732.366931,20423936,83656445952,50.180,48.290,1020443442,515649607453,158961426914,858071976956
1732.643834,20427264,83670077440,49.228,48.290,1020607705,515735693938,158987882993,858203512551
1732.918410,20430592,83683708928,49.646,48.291,1020822469,515819305677,159013547279,858336289792
1733.185184,20433920,83697340416,51.097,48.291,1020988698,515902310112,159038978700,858462719696
1733.476928,20437248,83710971904,46.724,48.291,1021148656,515990829077,159066190040,858604779723
1733.754188,20440576,83724603392,49.165,48.291,1021322890,516071175663,159091064844,858745688796
1734.040222,20443904,83738234880,47.657,48.291,1021500078,516153960097,159116579410,858891426675
1734.321199,20447232,83751866368,48.515,48.291,1021675299,516236316663,159141929985,859032890684
1734.605336,20450560,83765497856,47.975,48.291,1021847210,516319354165,159167755799,859176007340
1734.879246,20453888,83779129344,49.766,48.291,1022013929,516401666644,159192947827,859310717696
1735.153418,20457216,83792760832,49.719,48.291,1022207306,516483285474,159218213521,859446115542
1735.429307,20460544,83806392320,49.409,48.291,1022374407,516565354894,159243454446,859583040413
1735.709833,20463872,83820023808,48.593,48.291,1022546194,516646672279,159268556682,859725643326
1736.056821,20467200,83833655296,39.285,48.290,1022715835,516732162785,159294696279,859928284165
1736.394920,20470528,83847286784,40.318,48.288,1022880144,516813070336,159319691115,860129066886
1736.755327,20473856,83860918272,37.823,48.286,1023043288,516896124864,159345341106,860348556432
1737.122273,20477184,83874549760,37.149,48.284,1023212588,516978404676,159370682622,860576024725
1737.515336,20480512,83888181248,34.680,48.281,1023392982,517066564149,159397729529,860819781206
1737.880110,20483840,83901812736,37.370,48.278,1023558597,517146144849,159422365773,861049353877
1738.248993,20487168,83915444224,36.953,48.276,1023722597,517230816075,159448382815,861274843951
1738.615387,20490496,83929075712,37.204,48.274,1023888743,517312029342,159473443366,861503500810
1738.972594,20493824,83942707200,38.161,48.271,1024051287,517392103251,159498157732,861724866227
1739.333998,20497152,83956338688,37.718,48.269,1024218679,517474020520,159523467782,861947330181
1739.692052,20500480,83969970176,38.071,48.267,1024397374,517558274103,159549290246,862162759033
1740.049771,20503808,83983601664,38.107,48.265,1024578206,517641015271,159574888256,862379840691
1740.411798,20507136,83997233152,37.653,48.263,1024749922,517723194350,159600220271,862602424858
1740.769680,20510464,84010864640,38.089,48.261,1024926318,517806772728,159625821485,862818755314
1741.121406,20513792,84024496128,38.756,48.259,1025111919,517892276970,159652102498,863025697561
1741.472844,20517120,84038127616,38.788,48.257,1025288332,517975927747,159677874264,863235396604
1741.831304,20520448,84051759104,38.028,48.255,1025474183,518062453677,159704423016,863447317702
1742.195020,20523776,84065390592,37.478,48.253,1025652507,518147563902,159730704218,863666669325
1742.553589,20527104,84079022080,38.016,48.250,1025849133,518230701312,159756395986,863884214153
1742.900730,20530432,84092653568,39.268,48.249,1026038168,518316709081,159782931178,864085497660
1743.270560,20533760,84106285056,36.859,48.246,1026216228,518406104852,159810488776,864303928118
1743.631827,20537088,84119916544,37.733,48.244,1026444297,518494049236,159837590986,864515919643
1744.010339,20540416,84133548032,36.013,48.241,1026626421,518582671129,159864934188,864744180863
1744.370784,20543744,84147179520,37.818,48.239,1026804887,518670534355,159892109561,864955631825
1744.723711,20547072,84160811008,38.624,48.237,1027018899,518754125419,159917838095,865166945315
1745.074216,20550400,84174442496,38.891,48.235,1027189185,518836844623,159943217050,865377344109
1745.418769,20553728,84188073984,39.563,48.234,1027368920,518921301842,159969251866,865578659229
1745.807230,20557056,84201705472,35.091,48.231,1027543491,519005153353,159995065838,865824950815
1746.186953,20560384,84215336960,35.899,48.228,1027718425,519089567056,160021063713,866061543838
1746.569325,20563712,84228968448,35.650,48.225,1027885146,519175345686,160047565115,866298345572
1746.946134,20567040,84242599936,36.176,48.223,1028089881,519259174709,160073346585,866532919558
1747.326124,20570368,84256231424,35.873,48.220,1028258484,519340172221,160098227430,866775716998
1747.701604,20573696,84269862912,36.304,48.218,1028426339,519423562920,160123905995,867010040392
1748.081015,20577024,84283494400,35.928,48.215,1028600607,519510615801,160150584412,867242056033
1748.443036,20580352,84297125888,37.654,48.213,1028775879,519591476948,160175501810,867467021494
1748.814100,20583680,84310757376,36.736,48.210,1028953978,519675441127,160201506323,867695557567
1749.178823,20587008,84324388864,37.375,48.208,1029133849,519763356612,160228498682,867911437377
1749.539662,20590336,84338020352,37.777,48.206,1029295913,519845461242,160253875141,868132955517
1749.901073,20593664,84351651840,37.717,48.204,1029468882,519927495025,160279216882,868355376132
1750.268566,20596992,84365283328,37.093,48.201,1029651190,520011877383,160305298826,868579591587
1750.645939,20600320,84378914816,36.122,48.199,1029824164,520093380566,160330337600,868819015710
1751.006258,20603648,84392546304,37.832,48.197,1029987962,520178094419,160356423969,869035825289
1751.377167,20606976,84406177792,36.752,48.194,1030165293,520260503400,160381740701,869267146411
1751.754946,20610304,84419809280,36.083,48.192,1030377661,520342139107,160406824384,869506710529
1752.123149,20613632,84433440768,37.022,48.189,1030548955,520425761329,160432684190,869733212422
1752.498322,20616960,84447072256,36.334,48.187,1030727425,520511660914,160459143435,869962785180
1752.856754,20620288,84460703744,38.031,48.185,1030902933,520592845266,160484086753,870183735651
1753.215446,20623616,84474335232,38.003,48.183,1031080154,520676972471,160509966225,870399900078
1753.575133,20626944,84487966720,37.898,48.180,1031257515,520758893198,160535268733,870620559787
1753.930168,20630272,84501598208,38.395,48.178,1031436673,520840865906,160560626146,870836448027
1754.281338,20633600,84515229696,38.817,48.177,1031613108,520922302897,160585622095,871049587564
1754.624114,20636928,84528861184,39.768,48.175,1031790600,521003385615,160610574920,871254966045
1754.980362,20640256,84542492672,38.264,48.173,1031960242,521087210747,160636436067,871469069796
1755.350075,20643584,84556124160,36.870,48.171,1032141231,521173908133,160663011495,871692020427
1755.709403,20646912,84569755648,37.936,48.168,1032318593,521259651477,160689360284,871906161732
1756.075028,20650240,84583387136,37.283,48.166,1032511726,521348608732,160717012893,872120727619
1756.433002,20653568,84597018624,38.079,48.164,1032698074,521434559757,160743283702,872333308573
1756.779381,20656896,84610650112,39.354,48.162,1032875734,521514786034,160768047018,872543460390
1757.163804,20660224,84624281600,35.460,48.160,1033057613,521604220821,160795632435,872776082703
1757.510290,20663552,84637913088,39.342,48.158,1033233106,521685877428,160820803824,872984120148
1757.866673,20666880,84651544576,38.250,48.156,1033406476,521768939354,160846473323,873199718126
1758.214698,20670208,84665176064,39.168,48.154,1033583628,521854527824,160872754161,873402714433
1758.561433,20673536,84678807552,39.314,48.152,1033764101,521939099318,160898775198,873606084856
1758.948170,20676864,84692439040,35.247,48.149,1033938308,522021278064,160924269088,873853200633
1759.322439,20680192,84706070528,36.422,48.147,1034107584,522102143378,160949214337,874090355402
1759.698549,20683520,84719702016,36.243,48.144,1034281231,522184748017,160974634435,874326217409
1760.102185,20686848,84733333504,33.772,48.141,1034463508,522281619615,161004461660,874565607451
1760.485597,20690176,84746964992,35.553,48.138,1034638751,522365884059,161030432332,874806125396
1760.865114,20693504,84760596480,35.918,48.136,1034814892,522452550398,161057195367,875038631481
1761.222721,20696832,84774227968,38.119,48.134,1034989126,522539381715,161083823314,875249866238
1761.532139,20700160,84787859456,44.055,48.133,1035169556,522625173877,161110116661,875414091411
1761.850905,20703488,84801490944,42.763,48.132,1035338748,522709121341,161136029734,875590373491
1762.201307,20706816,84815122432,38.902,48.130,1035505416,522795904124,161162657894,875793959047
1762.566220,20710144,84828753920,37.355,48.128,1035683377,522881483215,161188920358,876013978377
1762.937360,20713472,84842385408,36.729,48.126,1035861527,522964645664,161214586081,876243976459
1763.307912,20716800,84856016896,36.787,48.123,1036039580,523053007213,161241915128,876464581315
1763.683399,20720128,84869648384,36.303,48.121,1036214639,523134076293,161267019264,876702463125
1764.044109,20723456,84883279872,37.791,48.119,1036390204,523222878091,161294384134,876912576434
1764.399167,20726784,84896911360,38.392,48.117,1036566832,523308455141,161320753024,877122563133
1764.761327,20730112,84910542848,37.639,48.114,1036740783,523392002760,161346554842,877342917905
1765.127502,20733440,84924174336,37.227,48.112,1036911188,523473089255,161371389001,877571936415
1765.497932,20736768,84937805824,36.799,48.110,1037089261,523557841255,161397467441,877798762310
1765.863739,20740096,84951437312,37.264,48.108,1037263139,523642804390,161423533910,878020844161
1766.231591,20743424,84965068800,37.057,48.105,1037436729,523732933756,161451148762,878235982152
1766.594912,20746752,84978700288,37.519,48.103,1037615645,523814824921,161476536764,878460320412
1766.954793,20750080,84992331776,37.878,48.101,1037789886,523897151649,161502001117,878680428306
1767.315060,20753408,85005963264,37.837,48.099,1037966303,523985274389,161529328324,878891165524
1767.666691,20756736,85019594752,38.766,48.097,1038140004,524068730558,161555061701,879101396833
1768.032689,20760064,85033226240,37.245,48.095,1038313094,524151829209,161580640762,879326451194
1768.405941,20763392,85046857728,36.521,48.092,1038485151,524233141684,161605556339,879562125797
1768.776272,20766720,85060489216,36.809,48.090,1038666471,524316872702,161631304552,879790636634
1769.132861,20770048,85074120704,38.227,48.088,1038842929,524399079488,161656680929,880007798963
1769.494120,20773376,85087752192,37.733,48.086,1039024151,524481726592,161682197905,880228954056
1769.850766,20776704,85101383680,38.221,48.084,1039200804,524564878384,161707953566,880444540340
1770.228672,20780032,85115015168,36.071,48.081,1039386226,524648521880,161733717706,880680614592
1770.581034,20783360,85128646656,38.686,48.079,1039568144,524733069096,161759937807,880889407590
1770.941472,20786688,85142278144,37.819,48.077,1039751071,524819486989,161786362640,881103537504
1771.301486,20790016,85155909632,37.864,48.075,1039945312,524907128429,161813212467,881315309577
1771.642156,20793344,85169541120,40.014,48.074,1040117214,524988232584,161838328384,881518286767
1772.027451,20796672,85183172608,35.379,48.071,1040289657,525072080271,161864109282,881761466609
1772.412197,20800000,85196804096,35.430,48.068,1040461585,525154974914,161889657348,882005720002
1772.791671,20803328,85210435584,35.922,48.066,1040627468,525235762104,161914459271,882248588305
1773.169276,20806656,85224067072,36.100,48.063,1040798907,525319167480,161940099913,882484811468
1773.571501,20809984,85237698560,33.890,48.060,1040967571,525405095098,161966448009,882741581760
1773.929719,20813312,85251330048,38.054,48.058,1041141410,525491093387,161993082067,882953863463
1774.267822,20816640,85264961536,40.318,48.056,1041305941,525574034909,162018506088,883151660770
1774.637646,20819968,85278593024,36.859,48.054,1041484749,525654239007,162043177783,883385555818
1775.019763,20823296,85292224512,35.674,48.051,1041690216,525737388743,162068795349,883626741661
1775.406612,20826624,85305856000,35.237,48.049,1041867062,525822975083,162095036761,883868834811
1775.777557,20829952,85319487488,36.748,48.046,1042044657,525907178073,162121011133,884096923270
1776.148740,20833280,85333118976,36.724,48.044,1042215319,525992821594,162147426627,884322762931
1776.509927,20836608,85346750464,37.741,48.042,1042390235,526075032327,162172660860,884544902305
1776.893406,20839936,85360381952,35.547,48.039,1042564300,526158751960,162198474650,884786429853
1777.263064,20843264,85374013440,36.876,48.037,1042733093,526244489725,162224775132,885010793037
1777.627108,20846592,85387644928,37.445,48.035,1042907308,526325259129,162249664050,885237928671
1777.989692,20849920,85401276416,37.595,48.032,1043155091,526406786794,162274738087,885462247548
1778.351605,20853248,85414907904,37.665,48.030,1043327234,526490219985,162300501071,885682657130
1778.718901,20856576,85428539392,37.113,48.028,1043513263,526574331567,162326197202,885907674222
1779.082931,20859904,85442170880,37.446,48.026,1043688611,526658670927,162352169973,886128676509
1779.436078,20863232,85455802368,38.600,48.024,1043863905,526741407324,162377723030,886341676700
1779.790922,20866560,85469433856,38.415,48.022,1044039433,526823815762,162403189845,886556894119
1780.166597,20869888,85483065344,36.285,48.020,1044287960,526912651968,162430615807,886781852329
1780.526357,20873216,85496696832,37.891,48.018,1044478184,526995632156,162456260075,887000810123
1780.871652,20876544,85510328320,39.478,48.016,1044654370,527079304671,162481968014,887204302674
1781.235596,20879872,85523959808,37.455,48.014,1044818219,527165126670,162508443260,887422807366
1781.592672,20883200,85537591296,38.175,48.012,1044990740,527247566380,162533749721,887640407363
1781.956833,20886528,85551222784,37.433,48.010,1045163917,527330653362,162559195494,887864124584
1782.315402,20889856,85564854272,38.016,48.008,1045339183,527417336371,162585670260,888076181995
1782.682237,20893184,85578485760,37.160,48.005,1045523164,527507073856,162613126118,888291384424
1783.036692,20896512,85592117248,38.458,48.004,1045697657,527592347510,162639497320,888501275391
1783.410924,20899840,85605748736,36.425,48.001,1045875450,527678285018,162666011952,888729689543
1783.763898,20903168,85619380224,38.619,47.999,1046046435,527762999532,162692188910,888938955996
1784.136389,20906496,85633011712,36.595,47.997,1046261909,527857817930,162721369606,889150915453
1784.504475,20909824,85646643200,37.033,47.995,1046447323,527956090437,162751813857,889352447575
1784.844044,20913152,85660274688,40.143,47.993,1046620730,528041849946,162778251785,889546781730
1785.217111,20916480,85673906176,36.539,47.991,1046795481,528126954924,162804446968,889775669813
1785.594769,20919808,85687537664,36.095,47.988,1046962985,528211691924,162830699367,890009616726
1785.969995,20923136,85701169152,36.329,47.986,1047136888,528297290469,162857001792,890239917585
1786.305813,20926464,85714800640,40.592,47.984,1047310277,528385095018,162884103803,890427021509
1786.595877,20929792,85728432128,46.995,47.984,1047456241,528477256591,162912379754,890561303642
1786.875286,20933120,85742063616,48.787,47.984,1047629232,528560384263,162938030377,890699792647
1787.143258,20936448,85755695104,50.869,47.985,1047798822,528642165537,162963139404,890829228008
1787.422761,20939776,85769326592,48.771,47.985,1047941889,528732278317,162990974526,890955911040
1787.749050,20943104,85782958080,41.777,47.984,1048104631,528815372943,163016717626,891141182673
1788.102761,20946432,85796589568,38.538,47.982,1048275085,528896706309,163041675014,891357322998
1788.474784,20949760,85810221056,36.642,47.980,1048454037,528986961112,163069545491,891576303469
1788.852125,20953088,85823852544,36.125,47.977,1048650430,529072309818,163095680447,891809340435
1789.236374,20956416,85837484032,35.476,47.974,1048829795,529171476179,163125998335,892026238776
1789.617401,20959744,85851115520,35.776,47.972,1048997418,529254828221,163151674562,892265852285
1789.986554,20963072,85864747008,36.926,47.969,1049170636,529339268574,163177831130,892491582164
1790.363570,20966400,85878378496,36.156,47.967,1049344753,529427346774,163204843433,892719720733
1790.718676,20969728,85892009984,38.387,47.965,1049509845,529506233975,163229180498,892940872961
1791.093874,20973056,85905641472,36.331,47.963,1049683705,529601656142,163258051439,893155552495
1791.460433,20976384,85919272960,37.188,47.960,1049856303,529685092085,163283512248,893380788679
1791.818870,20979712,85932904448,38.030,47.958,1050028406,529766326993,163308639369,893601439185
1792.175183,20983040,85946535936,38.257,47.957,1050206260,529849617558,163334209667,893816793897
1792.529289,20986368,85960167424,38.496,47.955,1050381625,529933169023,163359923575,894029319042
1792.875135,20989696,85973798912,39.415,47.953,1050549835,530015478160,163385082583,894235950110
1793.215188,20993024,85987430400,40.086,47.952,1050752213,530097065963,163410203048,894437691957
1793.553818,20996352,86001061888,40.255,47.950,1050923598,530178917729,163435624780,894637469356
1793.905570,20999680,86014693376,38.753,47.948,1051110414,530264232042,163461711644,894844891477
1794.265743,21003008,86028324864,37.847,47.946,1051286105,530347746823,163487430244,895063487764
1794.644284,21006336,86041956352,36.011,47.944,1051462918,530432773515,163513601381,895298132289
1795.002493,21009664,86055587840,38.055,47.942,1051639118,530514430671,163538646379,895518052782
1795.370078,21012992,86069219328,37.084,47.940,1051826328,530600551367,163565259072,895739474863
1795.734804,21016320,86082850816,37.375,47.937,1052006606,530687484752,163592178934,895956503231
1796.113703,21019648,86096482304,35.977,47.935,1052181763,530773142084,163618593691,896190010634
1796.481126,21022976,86110113792,37.100,47.933,1052365286,530859530711,163645340756,896410632202
1796.844407,21026304,86123745280,37.523,47.931,1052542871,530943944188,163671324964,896630757430
1797.202611,21029632,86137376768,38.055,47.929,1052720829,531026093963,163696604201,896849471594
1797.552909,21032960,86151008256,38.914,47.927,1052896644,531110327122,163722563200,897056884912
1797.931725,21036288,86164639744,35.984,47.924,1053082375,531194328760,163748625365,897293217039
1798.317021,21039616,86178271232,35.379,47.922,1053257928,531275491991,163773652156,897540948063
1798.706638,21042944,86191902720,34.987,47.919,1053447070,531359107648,163799576241,897788706095
1799.100061,21046272,86205534208,34.648,47.916,1053621724,531443023973,163825441707,898039742657
1799.499036,21049600,86219165696,34.166,47.913,1053800044,531523806780,163850323674,898301777492
1799.879325,21052928,86232797184,35.845,47.910,1054012545,531609709182,163876764965,898536383404
1800.226925,21056256,86246428672,39.216,47.909,1054188176,531693980158,163902744761,898741116842
1800.603357,21059584,86260060160,36.212,47.906,1054350654,531776453121,163928020946,898977844073
1800.980949,21062912,86273691648,36.101,47.904,1054522325,531860820211,163953903380,899212648440
1801.371485,21066240,86287323136,34.905,47.901,1054696421,531947062675,163980471270,899457120645
1801.736842,21069568,86300954624,37.310,47.899,1054875213,532031545044,164006250105,899679822081
1802.105882,21072896,86314586112,36.938,47.897,1055048517,532118554197,164033100564,899901344960
1802.480156,21076224,86328217600,36.421,47.894,1055225725,532206440666,164060143415,900126594158
1802.857200,21079552,86341849088,36.154,47.892,1055403812,532289239548,164085823135,900363005214
1803.232341,21082880,86355480576,36.337,47.889,1055573381,532373550082,164111698253,900595518291
1803.585768,21086208,86369112064,38.569,47.887,1055758550,532455634350,164136910971,900809916440
1803.959972,21089536,86382743552,36.428,47.885,1055934190,532542235665,164163603860,901037373872
1804.318567,21092864,86396375040,38.014,47.883,1056097019,532625062198,164189171043,901255424424
1804.688152,21096192,86410006528,36.883,47.881,1056268998,532713772356,164216560353,901474418084
1805.056914,21099520,86423638016,36.966,47.879,1056451866,532799826947,164243241181,901696860949
1805.410988,21102848,86437269504,38.499,47.877,1056636345,532883974530,164269158160,901908182216
1805.778290,21106176,86450900992,37.113,47.875,1056812158,532971079103,164295920414,902127860522
1806.135361,21109504,86464532480,38.176,47.873,1056993258,533056519385,164322415348,902339738001
1806.499078,21112832,86478163968,37.478,47.871,1057170544,533143091983,164349070931,902556652940
1806.856677,21116160,86491795456,38.119,47.869,1057362478,533231343577,164376330545,902764441884
1807.211211,21119488,86505426944,38.449,47.867,1057537906,533312662942,164401249053,902981455971
1807.586262,21122816,86519058432,36.346,47.864,1057722873,533402053292,164428719617,903205150653
1807.953519,21126144,86532689920,37.117,47.862,1057898877,533486184737,164454526882,903429824787
1808.304176,21129472,86546321408,38.874,47.860,1058074641,533568125869,164479791831,903641355029
1808.658270,21132800,86559952896,38.497,47.859,1058245595,533648726524,164504769181,903858655944
1809.025748,21136128,86573584384,37.095,47.856,1058431041,533736539439,164531729830,904077475515
1809.393877,21139456,86587215872,37.029,47.854,1058613223,533824999907,164558807869,904295977887
1809.754643,21142784,86600847360,37.785,47.852,1058790252,533909460868,164584737043,904513792971
1810.111749,21146112,86614478848,38.172,47.850,1058969026,533996484794,164611467842,904723795711
1810.449336,21149440,86628110336,40.379,47.849,1059164004,534077748090,164636580626,904923363182
1810.792878,21152768,86641741824,39.679,47.847,1059339513,534162294514,164662651008,905123438425
1811.171184,21156096,86655373312,36.033,47.845,1059524617,534254533138,164690854525,905346035543
1811.553612,21159424,86669004800,35.645,47.842,1059691552,534335410968,164715793630,905591654066
1811.988849,21162752,86682636288,31.320,47.838,1059875227,534422494180,164742540668,905879394297
1812.331240,21166080,86696267776,39.813,47.837,1060041211,534507579114,164768774301,906077691910
1812.702473,21169408,86709899264,36.720,47.835,1060219246,534589162894,164793995789,906310681953
1813.087306,21172736,86723530752,35.422,47.832,1060391448,534673191972,164820021685,906552604574
1813.463484,21176064,86737162240,36.237,47.830,1060558116,534756259269,164845672694,906787731411
1813.832174,21179392,86750793728,36.973,47.827,1060725035,534836856309,164870483456,907019687930
1814.213835,21182720,86764425216,35.716,47.825,1060918702,534919229752,164896102750,907261305315
1814.594022,21186048,86778056704,35.855,47.822,1061082913,534999676499,164920968039,907504945793
1814.963422,21189376,86791688192,36.902,47.820,1061261657,535082395037,164946384297,907734226810
1815.329183,21192704,86805319680,37.269,47.818,1061430118,535163127095,164971293657,907963082791
1815.697849,21196032,86818951168,36.975,47.816,1061607050,535249706712,164998109412,908184739737
1816.077580,21199360,86832582656,35.898,47.813,1061775019,535332290075,165023542561,908424505223
1816.437898,21202688,86846214144,37.832,47.811,1061940421,535414288941,165048784278,908645969220
1816.806028,21206016,86859845632,37.029,47.809,1062139074,535498934859,165074800900,908870489779
1817.178245,21209344,86873477120,36.622,47.807,1062313884,535583862129,165100938646,909098800282
1817.530662,21212672,86887108608,38.680,47.805,1062479872,535665562250,165126144476,909312641201
1817.887782,21216000,86900740096,38.171,47.803,1062645586,535746894188,165151094499,909532067658
1818.251470,21219328,86914371584,37.481,47.801,1062811755,535829360360,165176557380,909756213535
1818.605408,21222656,86928003072,38.514,47.799,1062986796,535911964968,165202010870,909970076724
1818.964100,21225984,86941634560,38.003,47.797,1063166629,535992378742,165226806404,910192421629
1819.331562,21229312,86955266048,37.096,47.795,1063336237,536079755652,165253420370,910412537320
1819.692559,21232640,86968897536,37.761,47.793,1063512903,536165647184,165279797850,910628113148
1820.046151,21235968,86982529024,38.552,47.791,1063689027,536246948901,165304630687,910844236012
1820.408162,21239296,86996160512,37.655,47.789,1063868569,536339422299,165333158866,911049569097
1820.777690,21242624,87009792000,36.889,47.787,1064041398,536427077429,165360137489,911270574991
1821.153089,21245952,87023423488,36.312,47.785,1064216684,536517587804,165387851754,911493154902
1821.529962,21249280,87037054976,36.170,47.782,1064401434,536614566321,165417739243,911705877569
1821.881243,21252608,87050686464,38.805,47.781,1064608787,536699945275,165444186025,911912257611
1822.237957,21255936,87064317952,38.214,47.779,1064789312,536785034728,165470414211,912124809507
1822.616269,21259264,87077949440,36.032,47.776,1064971680,536874853541,165498003069,912351056911
1822.986909,21262592,87091580928,36.778,47.774,1065151355,536964027321,165525564144,912570716177
1823.340969,21265920,87105212416,38.500,47.772,1065328772,537050822451,165552330981,912777726451
1823.708258,21269248,87118843904,37.114,47.770,1065516657,537141608144,165580187421,912991168134
1824.056265,21272576,87132475392,39.170,47.769,1065701681,537229680202,165607115460,913190251016
1824.434969,21275904,87146106880,35.995,47.766,1065876938,537313689751,165633006253,913426625952
1824.808878,21279232,87159738368,36.457,47.764,1066038866,537397522698,165658697371,913658552169
1825.171827,21282560,87173369856,37.558,47.762,1066202761,537481582033,165684518912,913879009572
1825.541956,21285888,87187001344,36.829,47.760,1066375214,537567167275,165710924296,914103873687
1825.936126,21289216,87200632832,34.583,47.757,1066557110,537659811292,165739298286,914341131738
1826.317133,21292544,87214264320,35.778,47.754,1066726541,537748320361,165766294380,914572792995
1826.687133,21295872,87227895808,36.842,47.752,1066898770,537833973314,165792646168,914797568949
1827.060235,21299200,87241527296,36.536,47.750,1067072672,537918039505,165818413382,915028385747
1827.448830,21302528,87255158784,35.079,47.747,1067239490,537999956351,165843752218,915277872883
1827.826807,21305856,87268790272,36.064,47.745,1067417356,538081911661,165869118214,915516869025
1828.195653,21309184,87282421760,36.957,47.742,1067585241,538164883601,165894635369,915745206175
1828.556914,21312512,87296053248,37.733,47.740,1067759782,538247874744,165920324819,915965554057
1828.909886,21315840,87309684736,38.619,47.739,1067935383,538331436306,165945948800,916177109188
1829.275191,21319168,87323316224,37.315,47.737,1068112311,538414559596,165971565368,916401427197
1829.645722,21322496,87336947712,36.789,47.734,1068285756,538496810662,165996841980,916632578537
1830.018261,21325824,87350579200,36.591,47.732,1068457202,538580470084,166022605627,916863160334
1830.378162,21329152,87364210688,37.876,47.730,1068625415,538661020432,166047428817,917086370949
1830.735702,21332480,87377842176,38.126,47.728,1068793851,538742705163,166072521294,917305429344
1831.104940,21335808,87391473664,36.918,47.726,1068968429,538827195840,166098537642,917531457320
1831.484939,21339136,87405105152,35.872,47.724,1069141465,538911931700,166124651745,917768011960
1831.858581,21342464,87418736640,36.483,47.721,1069323768,538996247609,166150823430,917998375094
1832.223644,21345792,87432368128,37.340,47.719,1069534133,539078476576,166176138285,918224033825
1832.593268,21349120,87445999616,36.879,47.717,1069708908,539162379155,166201673345,918451784367
1832.954916,21352448,87459631104,37.693,47.715,1069885393,539247882940,166228151730,918668427670
1833.304749,21355776,87473262592,38.966,47.713,1070054433,539330301398,166253516290,918878540297
1833.656686,21359104,87486894080,38.733,47.712,1070230357,539411824380,166278509015,919092603494
1834.019020,21362432,87500525568,37.621,47.710,1070410048,539494869465,166303930238,919314015620
1834.392226,21365760,87514157056,36.525,47.707,1070590606,539579787830,166330254896,919543065782
1834.741205,21369088,87527788544,39.061,47.706,1070765644,539661888939,166355582870,919752961320
1835.088695,21372416,87541420032,39.228,47.704,1070945865,539744267604,166381022830,919960668966
1835.451017,21375744,87555051520,37.623,47.702,1071133887,539833420862,166408392754,920172295324
1835.810823,21379072,87568683008,37.886,47.700,1071329722,539917769333,166434151390,920389791379
1836.179289,21382400,87582314496,36.995,47.698,1071507188,540005757688,166461123376,920609419199
1836.538165,21385728,87595945984,37.984,47.696,1071687190,540088922450,166486719358,920827516886
1836.889917,21389056,87609577472,38.753,47.695,1071867459,540172494368,166512436373,921037520372
1837.237975,21392384,87623208960,39.164,47.693,1072045167,540255927941,166538122554,921244242216
1837.595200,21395712,87636840448,38.159,47.691,1072235870,540345315472,166565602698,921450211621
1837.963745,21399040,87650471936,36.987,47.689,1072417412,540430233824,166591551276,921675262457
1838.345188,21402368,87664103424,35.737,47.686,1072595533,540515593688,166617727180,921912387114
1838.727452,21405696,87677734912,35.660,47.684,1072766659,540598816981,166643199227,922153928246
1839.106840,21409024,87691366400,35.930,47.681,1072934761,540682026774,166668828782,922392437464
1839.489739,21412352,87704997888,35.601,47.679,1073104805,540765060337,166694384735,922634896482
1839.861304,21415680,87718629376,36.687,47.677,1073274416,540846160887,166719410255,922869091934
1840.237310,21419008,87732260864,36.253,47.674,1073444979,540930031737,166745429973,923102793249
1840.620596,21422336,87745892352,35.565,47.672,1073621421,541012512133,166770678483,923346720702
1841.007137,21425664,87759523840,35.265,47.669,1073785713,541095117533,166796196478,923593241712
1841.364919,21428992,87773155328,38.100,47.667,1073955463,541176807507,166821344135,923812784976
1841.726901,21432320,87786786816,37.658,47.665,1074120526,541256817831,166846059246,924038910222
1842.092468,21435648,87800418304,37.289,47.663,1074296843,541340693003,166871812760,924262610113
1842.465886,21438976,87814049792,36.505,47.661,1074476659,541424863910,166897780208,924493352016
1842.833833,21442304,87827681280,37.047,47.659,1074643674,541505466366,166922677253,924724613967
1843.192007,21445632,87841312768,38.058,47.657,1074817961,541586990315,166947972973,924944101204
1843.555129,21448960,87854944256,37.540,47.655,1074987577,541670660913,166973807404,925165198221
1843.916571,21452288,87868575744,37.714,47.653,1075159309,541757267486,167000474408,925379689896
1844.281914,21455616,87882207232,37.312,47.651,1075331837,541837221736,167025223072,925609344665
1844.656242,21458944,87895838720,36.416,47.649,1075515309,541925337141,167052365457,925834445601
1845.010141,21462272,87909470208,38.518,47.647,1075691959,542009003652,167078096537,926046433047
1845.372931,21465600,87923101696,37.574,47.645,1075861762,542093201201,167103965290,926266538377
1845.729640,21468928,87936733184,38.215,47.643,1076031690,542177315536,167129857995,926480870525
1846.094130,21472256,87950364672,37.399,47.641,1076204113,542262408031,167156162562,926700932823
1846.445997,21475584,87963996160,38.740,47.640,1076382875,542345204483,167181725358,926912510349
1846.799170,21478912,87977627648,38.597,47.638,1076563660,542430704445,167207976999,927120794116
1847.157081,21482240,87991259136,38.086,47.636,1076740081,542513003596,167233410265,927339107007
1847.535093,21485568,88004890624,36.061,47.634,1076942769,542599642695,167259958086,927570300359
1847.874756,21488896,88018522112,40.132,47.632,1077115279,542680872531,167285045540,927772039882
1848.215318,21492224,88032153600,40.027,47.631,1077280265,542762841140,167310257717,927973542308
1848.556536,21495552,88045785088,39.949,47.629,1077457525,542847721444,167336492340,928170726952
1848.911656,21498880,88059416576,38.386,47.628,1077628568,542930109010,167361752731,928386216279
1849.266513,21502208,88073048064,38.414,47.626,1077799981,543012525523,167387068059,928601300471
1849.625300,21505536,88086679552,37.993,47.624,1077972263,543101608928,167414522280,928809182542
1850.003728,21508864,88100311040,36.021,47.622,1078156577,543187895988,167441037295,929041440010
1850.339682,21512192,88113942528,40.575,47.620,1078329383,543273007484,167467134246,929233220184
1850.717840,21515520,88127574016,36.047,47.618,1078517419,543370890267,167497253573,929445558558
1851.099818,21518848,88141205504,35.687,47.616,1078688090,543455593728,167523366284,929683960883
1851.479371,21522176,88154836992,35.915,47.613,1078853174,543539811356,167549304512,929920692339
1851.860494,21525504,88168468480,35.767,47.611,1079034624,543630313838,167577220750,930148466711
1852.248840,21528832,88182099968,35.101,47.608,1079208760,543716013617,167603737051,930391208032
1852.625659,21532160,88195731456,36.175,47.606,1079381473,543797216182,167628919868,930629976848
1852.999491,21535488,88209362944,36.464,47.604,1079556884,543880805991,167654648465,930862032524
1853.373815,21538816,88222994432,36.416,47.601,1079723473,543962607743,167679773944,931097561784
1853.753183,21542144,88236625920,35.932,47.599,1079891830,544044665741,167705078782,931337842698
1854.150102,21545472,88250257408,34.343,47.596,1080075317,544129584168,167731248812,931590709308
1854.511468,21548800,88263888896,37.722,47.594,1080249864,544212386146,167756763672,931811763423
1854.875741,21552128,88277520384,37.421,47.592,1080419015,544294293340,167781875995,932037370341
1855.248400,21555456,88291151872,36.579,47.590,1080595079,544378750426,167808052628,932266723911
1855.611716,21558784,88304783360,37.520,47.588,1080771523,544463703392,167834225405,932486079585
1855.984165,21562112,88318414848,36.600,47.586,1080942802,544548365572,167860323550,932714834209
1856.356577,21565440,88332046336,36.603,47.584,1081113980,544634385890,167886814222,932941543991
1856.726098,21568768,88345677824,36.890,47.581,1081287527,544718902523,167912948196,933167594765
1857.083702,21572096,88359309312,38.119,47.580,1081462946,544802609014,167938667356,933383370730
1857.439346,21575424,88372940800,38.329,47.578,1081636547,544886141377,167964436845,933597289000
1857.802907,21578752,88386572288,37.494,47.576,1081813524,544971193144,167990508825,933816863169
1858.155819,21582080,88400203776,38.626,47.574,1081992805,545053179551,168015796485,934030746367
1858.508516,21585408,88413835264,38.649,47.572,1082190601,545135897968,168041172271,934243382960
1858.867438,21588736,88427466752,37.979,47.571,1082372746,545221387807,168067458895,934457346325
1859.228633,21592064,88441098240,37.740,47.569,1082550102,545307351861,168093781093,934673030301
1859.577339,21595392,88454729728,39.092,47.567,1082718785,545389713339,168119275330,934882118510
1859.932136,21598720,88468361216,38.421,47.565,1082888551,545472031316,168144631029,935097305355
1860.294641,21602048,88481992704,37.604,47.563,1083060976,545554034307,168169911066,935320790680
1860.680539,21605376,88495624192,35.324,47.561,1083243643,545640174982,168196229829,935561063574
1861.033423,21608704,88509255680,38.629,47.559,1083419063,545725959962,168222699444,935768436810
1861.397114,21612032,88522887168,37.481,47.557,1083598633,545810242451,168248484237,935989770089
1861.764846,21615360,88536518656,37.069,47.555,1083772963,545895730566,168274762899,936212871832
1862.127774,21618688,88550150144,37.560,47.553,1083946303,545980395807,168300835344,936432284319
1862.468490,21622016,88563781632,40.008,47.552,1084122636,546065180478,168326939269,936629092479
1862.819642,21625344,88577413120,38.819,47.550,1084302359,546147923130,168352367757,936840129368
1863.169357,21628672,88591044608,38.979,47.549,1084481698,546231702009,168378182067,937047748519
1863.516271,21632000,88604676096,39.294,47.547,1084652585,546314633534,168403613031,937254230121
1863.864207,21635328,88618307584,39.178,47.545,1084820516,546404098184,168431108603,937450675154
1864.246675,21638656,88631939072,35.641,47.543,1084989948,546485995174,168456397845,937694287009
1864.627828,21641984,88645570560,35.764,47.541,1085164863,546569387586,168482028739,937934190891
1865.025099,21645312,88659202048,34.313,47.538,1085346763,546653670446,168508092811,938188330512
1865.420341,21648640,88672833536,34.489,47.535,1085531570,546739361345,168534516532,938438191539
1865.814235,21651968,88686465024,34.607,47.532,1085703688,546830331091,168562705132,938677435378
1866.193385,21655296,88700096512,35.953,47.530,1085878517,546918796977,168589820148,938906890292
1866.573933,21658624,88713728000,35.821,47.528,1086065029,547006293167,168616706993,939139229552
1866.969297,21661952,88727359488,34.478,47.525,1086267089,547097762776,168644883357,939379837097
1867.356546,21665280,88740990976,35.201,47.522,1086438262,547178082020,168669661708,939630816629
1867.720295,21668608,88754622464,37.475,47.520,1086607662,547260984227,168695286942,939853916282
1868.089955,21671936,88768253952,36.876,47.518,1086774584,547343069631,168720591717,940084390944
1868.455720,21675264,88781885440,37.268,47.516,1086957129,547427449483,168746750131,940306736568
1868.822983,21678592,88795516928,37.116,47.514,1087129919,547508339802,168771519977,940537056842
1869.200860,21681920,88809148416,36.074,47.512,1087305667,547589984039,168796684537,940776675382
1869.565958,21685248,88822779904,37.337,47.510,1087486415,547672697807,168822166201,941001593487
1869.925083,21688576,88836411392,37.957,47.508,1087659053,547754540528,168847379213,941221930140
1870.288292,21691904,88850042880,37.531,47.506,1087832248,547838017535,168873150128,941443635998
1870.656564,21695232,88863674368,37.015,47.504,1088002309,547921552631,168898927167,941670431568
1871.021383,21698560,88877305856,37.365,47.502,1088174658,548008317466,168925709782,941888113079
1871.393559,21701888,88890937344,36.626,47.500,1088358012,548097442582,168953028283,942109528497
1871.749111,21705216,88904568832,38.339,47.498,1088538319,548179991729,168978570578,942324957939
1872.124334,21708544,88918200320,36.329,47.496,1088716405,548269105145,169005982531,942549174112
1872.483266,21711872,88931831808,37.978,47.494,1088885864,548354144362,169032293809,942763769242
1872.826001,21715200,88945463296,39.773,47.493,1089053686,548433625716,169056799247,942971708190
1873.179150,21718528,88959094784,38.600,47.491,1089237234,548518377234,169082742864,943181543528
1873.538316,21721856,88972726272,37.953,47.489,1089412502,548600760021,169108078371,943401071698
1873.904495,21725184,88986357760,37.226,47.487,1089581404,548688382609,169134889795,943618914169
1874.264115,21728512,88999989248,37.905,47.485,1089747030,548772050891,169160709559,943836702853
1874.603658,21731840,89013620736,40.146,47.484,1089921230,548854321942,169185929680,944037075986
1874.933030,21735168,89027252224,41.386,47.483,1090091583,548936260544,169211210975,944227668795
1875.297278,21738496,89040883712,37.424,47.481,1090271493,549021917899,169237491137,944446910055
1875.663368,21741824,89054515200,37.235,47.479,1090452011,549107434657,169263868445,944667957568
1876.013880,21745152,89068146688,38.890,47.477,1090628635,549190695119,169289515186,944877255548
1876.382380,21748480,89081778176,36.992,47.475,1090808495,549283340009,169317770202,945089235387
1876.731362,21751808,89095409664,39.061,47.474,1090983879,549368842483,169344043635,945293410447
1877.079287,21755136,89109041152,39.179,47.472,1091161602,549451304490,169369270761,945501811976
1877.469310,21758464,89122672640,34.950,47.470,1091334331,549534333056,169394932243,945751060447
1877.850327,21761792,89136304128,35.777,47.467,1091541249,549618174078,169420839260,945989688092
1878.222057,21765120,89149935616,36.670,47.465,1091704045,549698454453,169445473591,946225469933
1878.610480,21768448,89163567104,35.094,47.463,1091875812,549783294555,169471743303,946470184265
1878.995955,21771776,89177198592,35.363,47.460,1092058882,549870012154,169498477067,946708970577
1879.367096,21775104,89190830080,36.729,47.458,1092236183,549954910176,169524415750,946936821888
1879.755698,21778432,89204461568,35.078,47.455,1092421108,550050043226,169553620909,947164292504
1880.140703,21781760,89218093056,35.406,47.453,1092600614,550137208690,169580501192,947401450916
1880.530767,21785088,89231724544,34.947,47.450,1092777685,550220703687,169606234892,947649868382
1880.907912,21788416,89245356032,36.144,47.448,1092954629,550314769097,169635216782,947867462954
1881.275107,21791744,89258987520,37.123,47.446,1093134242,550400798405,169661537443,948089505539
1881.652858,21795072,89272619008,36.086,47.444,1093315387,550489644719,169688814415,948316764577
1882.028169,21798400,89286250496,36.320,47.442,1093484026,550576818840,169715800810,948544190790
1882.412180,21801728,89299881984,35.498,47.439,1093656655,550661559537,169742025082,948784452095
1882.777804,21805056,89313513472,37.283,47.437,1093830041,550744861680,169767582006,949009130421
1883.146172,21808384,89327144960,37.005,47.435,1094040189,550827631797,169792912709,949237430746
1883.510419,21811712,89340776448,37.424,47.433,1094211983,550911903047,169818891111,949458798491
1883.875745,21815040,89354407936,37.313,47.431,1094384644,550994814302,169844502917,949683390539
1884.253331,21818368,89368039424,36.102,47.429,1094562113,551084471584,169872051404,949909146014
1884.619908,21821696,89381670912,37.186,47.427,1094734553,551171273390,169898650624,950128881636
1884.976991,21825024,89395302400,38.175,47.425,1094912925,551254991174,169924571749,950343865727
1885.340227,21828352,89408933888,37.528,47.423,1095092815,551342272686,169951505699,950559041774
1885.695743,21831680,89422565376,38.343,47.422,1095266558,551428913017,169978069253,950767933023
1886.036951,21835008,89436196864,39.951,47.420,1095437149,551513252081,170004059560,950966159485
1886.382002,21838336,89449828352,39.506,47.419,1095615937,551599179973,170030624400,951165433475
1886.733134,21841664,89463459840,38.822,47.417,1095800384,551682128732,170056264498,951375918245
1887.107225,21844992,89477091328,36.439,47.415,1095984534,551767502326,170082485944,951605316358
1887.482599,21848320,89490722816,36.314,47.413,1096159206,551854101098,170108990526,951834263009
1887.813747,21851648,89504354304,41.164,47.412,1096332745,551935964477,170134027969,952027108819
1888.159558,21854976,89517985792,39.419,47.410,1096505871,552019149483,170159442400,952232214492
1888.512515,21858304,89531617280,38.621,47.409,1096678022,552101879819,170184732207,952445465398
1888.880985,21861632,89545248768,36.995,47.407,1096857002,552185996331,170210733794,952671191873
1889.224953,21864960,89558880256,39.630,47.405,1097030434,552267332146,170235745236,952877200387
1889.578082,21868288,89572511744,38.602,47.403,1097201977,552349990429,170261086638,953090399546
1889.927506,21871616,89586143232,39.011,47.402,1097376015,552433372098,170286751779,953298504040
1890.269514,21874944,89599774720,39.857,47.401,1097550710,552514148640,170311643607,953503556911
1890.661789,21878272,89613406208,34.750,47.398,1097723361,552597917906,170337478240,953753837357
1891.040174,21881600,89627037696,36.025,47.396,1097901278,552685313978,170364470055,953983984083
1891.411908,21884928,89640669184,36.670,47.394,1098073396,552768834887,170390319128,954214062033
1891.788314,21888256,89654300672,36.215,47.391,1098262116,552855154974,170416883513,954444633626
1892.159545,21891584,89667932160,36.720,47.389,1098441324,552938529803,170442550714,954674504487
1892.522599,21894912,89681563648,37.547,47.387,1098612574,553022139693,170468439357,954895714859
1892.887609,21898240,89695195136,37.346,47.385,1098787438,553110071727,170495393071,955112174351
1893.263003,21901568,89708826624,36.313,47.383,1098968170,553196286876,170521776793,955341940046
1893.640437,21904896,89722458112,36.116,47.381,1099147590,553278342611,170546979721,955580281635
1894.018050,21908224,89736089600,36.099,47.379,1099413106,553364077874,170573286414,955812689344
1894.373279,21911552,89749721088,38.374,47.377,1099580059,553443987049,170598042807,956032250063
1894.734063,21914880,89763352576,37.783,47.375,1099806683,553528275268,170623874582,956250284055
1895.109027,21918208,89776984064,36.354,47.373,1099978782,553611627014,170649992048,956483628376
1895.493133,21921536,89790615552,35.489,47.371,1100150731,553693970533,170675353483,956728083286
1895.862804,21924864,89804247040,36.875,47.369,1100312257,553775314930,170700426985,956959845725
1896.236998,21928192,89817878528,36.429,47.366,1100492086,553861595403,170727035240,957187920987
1896.611792,21931520,89831510016,36.371,47.364,1100671648,553947630564,170753476733,957416966952
1896.977205,21934848,89845141504,37.304,47.362,1100851792,554030394841,170778892185,957642274908
1897.353737,21938176,89858772992,36.203,47.360,1101031546,554118077428,170805761081,957870638355
1897.714264,21941504,89872404480,37.810,47.358,1101206487,554200947677,170831113425,958091176075
1898.091740,21944832,89886035968,36.112,47.356,1101389696,554288601357,170857992101,958320246091
1898.454912,21948160,89899667456,37.535,47.354,1101601733,554369349890,170882882780,958546534681
1898.823598,21951488,89913298944,36.973,47.352,1101781347,554451160707,170908215831,958776162344
1899.202937,21954816,89926930432,35.935,47.350,1101974587,554536816817,170934647581,959010142857
1899.536475,21958144,89940561920,40.869,47.349,1102141326,554619408245,170960051765,959203668404
1899.888878,21961472,89954193408,38.682,47.347,1102317657,554704429989,170986128848,959412347033
1900.266723,21964800,89967824896,36.077,47.345,1102502845,554793700836,171013600783,959638941290
1900.618046,21968128,89981456384,38.800,47.343,1102681259,554877308963,171039617205,959848183566
1900.969335,21971456,89995087872,38.804,47.342,1102854580,554959961092,171065004035,960059531223
1901.319878,21974784,90008719360,38.887,47.340,1103030417,555042970418,171090602731,960269303656
1901.675913,21978112,90022350848,38.287,47.338,1103211215,555127519102,171116484868,960482254153
1902.050825,21981440,90035982336,36.359,47.336,1103396230,555215139776,171143589526,960708553037
1902.404536,21984768,90049613824,38.538,47.335,1103591037,555300100165,171169682707,960918333713
1902.752231,21988096,90063245312,39.205,47.333,1103763991,555382100189,171194998604,961127005523
1903.100416,21991424,90076876800,39.150,47.332,1103944044,555465008667,171220523899,961334498366
1903.452788,21994752,90090508288,38.685,47.330,1104127684,555550440142,171246573737,961542703983
1903.839803,21998080,90104139776,35.222,47.328,1104296650,555633672564,171272319271,961788541850
1904.218224,22001408,90117771264,36.022,47.325,1104471090,555720243354,171298984690,962020215006
1904.600828,22004736,90131402752,35.628,47.323,1104651129,555805108303,171325102903,962259109785
1904.984844,22008064,90145034240,35.497,47.321,1104825761,555889703232,171351204864,962499654569
1905.368069,22011392,90158665728,35.570,47.318,1104987588,555975565328,171377650809,962737430197
1905.748425,22014720,90172297216,35.839,47.316,1105163546,556060576079,171403874378,962973636568
1906.127924,22018048,90185928704,35.920,47.314,1105340153,556149809845,171431363931,963202065155
1906.508984,22021376,90199560192,35.772,47.311,1105512995,556237696301,171458392795,963434231595
1906.913642,22024704,90213191680,33.686,47.308,1105697723,556330659403,171486938340,963681364252
1907.299105,22028032,90226823168,35.364,47.306,1105883777,556420523642,171514566885,963914601378
1907.684252,22031360,90240454656,35.393,47.304,1106084133,556515765816,171543801893,964138570581
1908.049172,22034688,90254086144,37.355,47.302,1106249266,556598249231,171569036640,964363940470
1908.415950,22038016,90267717632,37.166,47.300,1106416448,556681652454,171594658936,964589332999
1908.800264,22041344,90281349120,35.470,47.297,1106595115,556765220718,171620261411,964832371016
1909.160839,22044672,90294980608,37.805,47.296,1106767004,556847916876,171645647922,965053143807
1909.524772,22048000,90308612096,37.456,47.294,1106940386,556930573336,171670991393,965277285062
1909.887276,22051328,90322243584,37.604,47.292,1107106408,557015235490,171696942266,965496440512
1910.258853,22054656,90335875072,36.686,47.290,1107280453,557103759913,171724174696,965718154840
1910.629430,22057984,90349506560,36.784,47.288,1107451275,557190130977,171750785502,965942464827
1911.003972,22061312,90363138048,36.395,47.286,1107666301,557285741522,171780297937,966154861555
1911.360467,22064640,90376769536,38.237,47.284,1107836058,557368055065,171805693928,966371745326
1911.721486,22067968,90390401024,37.758,47.282,1108020692,557456552833,171832920342,966582773467
1912.079947,22071296,90404032512,38.028,47.280,1108204559,557546953332,171860748025,966787894327
1912.422737,22074624,90417664000,39.766,47.279,1108367415,557634620744,171887823066,966981844956
1912.769168,22077952,90431295488,39.348,47.278,1108538652,557717681305,171913430398,967187302313
1913.119813,22081280,90444926976,38.875,47.276,1108717372,557798760738,171938332434,967400596176
1913.467934,22084608,90458558464,39.157,47.275,1108882029,557883456539,171964430045,967605337028
1913.828908,22087936,90472189952,37.763,47.273,1109055542,557970296781,171991138911,967819521418
1914.174860,22091264,90485821440,39.403,47.271,1109223993,558053177304,172016645013,968025080180
1914.537323,22094592,90499452928,37.608,47.270,1109402341,558138923880,172042780764,968242647074
1914.904413,22097920,90513084416,37.134,47.268,1109572268,558220955596,172068048550,968470623720
1915.280081,22101248,90526715904,36.286,47.266,1109738910,558302773406,172093176733,968707677669
1915.632598,22104576,90540347392,38.669,47.264,1109905456,558385582873,172118646210,968919777593
1915.986235,22107904,90553978880,38.547,47.262,1110069743,558468303836,172144169269,969133298287
1916.341144,22111232,90567610368,38.408,47.261,1110247234,558550834057,172169449927,969348583668
1916.695020,22114560,90581241856,38.520,47.259,1110416698,558636746633,172195978627,969556683391
1917.082539,22117888,90594873344,35.176,47.257,1110591230,558721053940,172222038530,969800985421
1917.472204,22121216,90608504832,34.983,47.254,1110764709,558812696433,172250176283,970035640630
1917.860234,22124544,90622136320,35.130,47.252,1110947647,558896018739,172275627930,970282592544
1918.240891,22127872,90635767808,35.810,47.249,1111115912,558977579775,172300666617,970525013846
1918.632585,22131200,90649399296,34.801,47.247,1111292161,559064488133,172327515933,970769280496
1919.003750,22134528,90663030784,36.726,47.245,1111465914,559150666457,172354082225,970994284123
1919.373211,22137856,90676662272,36.896,47.243,1111660142,559232122661,172379162157,971225708137
1919.759706,22141184,90690293760,35.270,47.240,1111831264,559317493867,172405416642,971467363815
1920.142840,22144512,90703925248,35.579,47.238,1112003452,559400663903,172431082385,971709399577
1920.519203,22147840,90717556736,36.219,47.236,1112176686,559481815246,172456219756,971948133298
1920.883441,22151168,90731188224,37.425,47.234,1112346249,559563673456,172481304824,972173797662
1921.251358,22154496,90744819712,37.050,47.232,1112519302,559648173057,172507291598,972398596788
1921.615300,22157824,90758451200,37.455,47.230,1112694230,559731285877,172532952504,972621677144
1921.997795,22161152,90772082688,35.638,47.228,1112873592,559814997198,172558734370,972862303290
1922.368719,22164480,90785714176,36.750,47.226,1113041093,559900889024,172585121737,973087651109
1922.731719,22167808,90799345664,37.552,47.224,1113210304,559981529278,172609966483,973313965769
1923.095279,22171136,90812977152,37.495,47.222,1113386557,560067694146,172636571099,973531477445
1923.465933,22174464,90826608640,36.777,47.220,1113591905,560154947679,172663339094,973754350779
1923.840964,22177792,90840240128,36.348,47.218,1113770008,560238459397,172688964731,973987953782
1924.183680,22181120,90853871616,39.775,47.217,1113947641,560320686667,172714176586,974191490079
1924.535189,22184448,90867503104,38.780,47.215,1114119488,560403305455,172739522270,974403197958
1924.871582,22187776,90881134592,40.522,47.214,1114288919,560488062527,172765599535,974596011743
1925.235896,22191104,90894766080,37.417,47.212,1114461340,560571354178,172791269208,974819146560
1925.600597,22194432,90908397568,37.377,47.210,1114638317,560661905053,172819204768,975030358102
1925.958064,22197760,90922029056,38.134,47.209,1114816998,560750871985,172846669966,975236896691
1926.320227,22201088,90935660544,37.639,47.207,1114999170,560841626243,172874545721,975445413583
1926.698086,22204416,90949292032,36.076,47.205,1115181330,560930525748,172902082378,975672519483
1927.054815,22207744,90962923520,38.212,47.203,1115352155,561014664949,172927974354,975886706309
1927.410713,22211072,90976555008,38.302,47.201,1115526939,561100087405,172954326885,976097779034
1927.762255,22214400,90990186496,38.776,47.200,1115700067,561182006690,172979847351,976310249076
1928.107251,22217728,91003817984,39.512,47.199,1115880677,561268068328,173006206987,976509819440
1928.475881,22221056,91017449472,36.979,47.197,1116058607,561355798797,173032866101,976730598093
1928.817638,22224384,91031080960,39.887,47.195,1116231943,561438143079,173058190939,976932811674
1929.163189,22227712,91044712448,39.449,47.194,1116433345,561521615474,173084011234,977136649891
1929.517632,22231040,91058343936,38.459,47.192,1116611668,561605309619,173109811173,977349239573
1929.864469,22234368,91071975424,39.302,47.191,1116790535,561687602534,173135077171,977556470360
1930.249260,22237696,91085606912,35.426,47.189,1116976162,561769163029,173160429627,977802725455
1930.643228,22241024,91099238400,34.600,47.186,1117155352,561854272126,173186656240,978052349125
1931.035326,22244352,91112869888,34.766,47.183,1117332223,561938602789,173212335813,978302179015
1931.414443,22247680,91126501376,35.956,47.181,1117501131,562019358016,173237141219,978544739690
1931.808880,22251008,91140132864,34.559,47.179,1117672280,562107587497,173264161003,978789982789
1932.204685,22254336,91153764352,34.440,47.176,1117895168,562195376831,173291323509,979036949243
1932.582967,22257664,91167395840,36.035,47.174,1118061297,562278963376,173316980839,979273815101
1932.969123,22260992,91181027328,35.300,47.171,1118234405,562361890223,173342382237,979519582541
1933.352900,22264320,91194658816,35.519,47.169,1118405283,562444262666,173367837594,979763671228
1933.728557,22267648,91208290304,36.287,47.167,1118590720,562525085713,173392816894,980002195092
1934.099728,22270976,91221921792,36.726,47.165,1118759517,562608621827,173418515354,980231822145
1934.457281,22274304,91235553280,38.124,47.163,1118928800,562691543959,173444065776,980448673219
1934.825139,22277632,91249184768,37.056,47.161,1119107067,562775809842,173470047509,980673682757
1935.216206,22280960,91262816256,34.857,47.159,1119282861,562862439359,173496699572,980917899606
1935.580086,22284288,91276447744,37.462,47.157,1119486073,562945474186,173522135278,981141305896
1935.951762,22287616,91290079232,36.676,47.155,1119659701,563029975360,173548125400,981369961477
1936.316664,22290944,91303710720,37.357,47.153,1119828490,563116252021,173574399147,981589110685
1936.669589,22294272,91317342208,38.624,47.152,1120004676,563201802843,173600789375,981796964108
1937.012569,22297600,91330973696,39.744,47.150,1120182059,563283536997,173625828327,982001688683
1937.378863,22300928,91344605184,37.215,47.149,1120362854,563368978691,173652217948,982223278799
1937.733963,22304256,91358236672,38.388,47.147,1120537148,563451361191,173677523142,982438904554
1938.095197,22307584,91371868160,37.736,47.145,1120711861,563535283959,173703271302,982657943321
1938.458943,22310912,91385499648,37.475,47.143,1120889392,563622584398,173730142117,982873863883
1938.815696,22314240,91399131136,38.210,47.142,1121069850,563708612028,173756583256,983084963963
1939.174302,22317568,91412762624,38.012,47.140,1121280293,563794827095,173783140074,983297576527
1939.547102,22320896,91426394112,36.565,47.138,1121462474,563890801459,173812679660,983507819448
1939.909452,22324224,91440025600,37.620,47.136,1121638569,563973706082,173838116586,983729863198
1940.271899,22327552,91453657088,37.610,47.134,1121815984,564055030720,173862986684,983954833737
1940.627339,22330880,91467288576,38.351,47.133,1121989392,564145427297,173890722799,984157310031
1940.982008,22334208,91480920064,38.434,47.131,1122158045,564229186475,173916360620,984370312012
1941.350714,22337536,91494551552,36.971,47.129,1122337621,564324664905,173945636991,984577706586
1941.729685,22340864,91508183040,35.970,47.127,1122519267,564415531020,173973762626,984802808166
1942.085750,22344192,91521814528,38.284,47.126,1122716791,564498888260,173999342962,985017568899
1942.430795,22347520,91535446016,39.506,47.124,1122892805,564582000876,174024810836,985221951627
1942.788815,22350848,91549077504,38.075,47.123,1123099752,564669521122,174051629035,985431706996
1943.131946,22354176,91562708992,39.727,47.121,1123307424,564751318108,174076901826,985636173211
1943.510531,22357504,91576340480,36.006,47.119,1123476679,564833535024,174102091787,985875526379
1943.889049,22360832,91589971968,36.013,47.117,1123640898,564914896264,174127012827,986116358846
1944.264246,22364160,91603603456,36.332,47.115,1123811467,564996557917,174152125297,986353088852
1944.647611,22367488,91617234944,35.557,47.113,1123982402,565082145432,174178346047,986591565246
1945.027048,22370816,91630866432,35.926,47.110,1124148020,565165051640,174203780610,986830752914
1945.407457,22374144,91644497920,35.834,47.108,1124351010,565250262939,174229825781,987067237646
1945.784110,22377472,91658129408,36.191,47.106,1124523512,565334572254,174255589266,987301606128
1946.151683,22380800,91671760896,37.085,47.104,1124696137,565419821793,174281878296,987524746749
1946.525096,22384128,91685392384,36.505,47.102,1124863845,565502748813,174307355700,987757532450
1946.891608,22387456,91699023872,37.192,47.100,1125049403,565586314592,174333135017,987982224852
1947.246355,22390784,91712655360,38.426,47.099,1125220043,565669381811,174358859654,988196052447
1947.604154,22394112,91726286848,38.098,47.097,1125394915,565755253226,174385380050,988408126288
1947.959336,22397440,91739918336,38.379,47.095,1125566797,565836443573,174410392783,988625684251
1948.331758,22400768,91753549824,36.602,47.093,1125731514,565916837368,174435128171,988862005445
1948.694790,22404096,91767181312,37.549,47.092,1125898118,565998216392,174460210839,989087012914
1949.080246,22407424,91780812800,35.365,47.089,1126072351,566082156814,174486103228,989329954235
1949.425801,22410752,91794444288,39.448,47.088,1126238148,566163633234,174511105767,989537571645
1949.781976,22414080,91808075776,38.272,47.086,1126443532,566243944767,174535774942,989757531094
1950.153906,22417408,91821707264,36.651,47.084,1126610205,566327782731,174561624531,989987516755
1950.508647,22420736,91835338752,38.427,47.083,1126781640,566410714158,174587136518,990201964353
1950.867587,22424064,91848970240,37.977,47.081,1126953254,566492405075,174612248689,990422503073
1951.236103,22427392,91862601728,36.990,47.079,1127127224,566579366162,174639018014,990643662517
1951.590764,22430720,91876233216,38.435,47.078,1127335835,566663826936,174665041842,990855047902
1951.950259,22434048,91889864704,37.918,47.076,1127519318,566748223158,174691085957,991071186163
1952.301864,22437376,91903496192,38.769,47.074,1127695415,566830081396,174716169460,991284128473
1952.654574,22440704,91917127680,38.648,47.073,1127874492,566914990555,174742038121,991493444699
1953.008658,22444032,91930759168,38.498,47.071,1128044874,566996645839,174767156325,991709378986
1953.375294,22447360,91944390656,37.180,47.069,1128217156,567078521180,174792507833,991936799691
1953.725191,22450688,91958022144,38.959,47.068,1128394103,567162376353,174818286579,992144666358
1954.076440,22454016,91971653632,38.809,47.067,1128560123,567243915689,174843574357,992357501130
1954.427130,22457344,91985285120,38.870,47.065,1128735025,567329884105,174870023323,992562581568
1954.794009,22460672,91998916608,37.155,47.063,1128903565,567411438602,174894980816,992791659161
1955.139785,22464000,92012548096,39.423,47.062,1129075910,567493411539,174920128833,992998542288
1955.494204,22467328,92026179584,38.462,47.060,1129246516,567575378449,174945394697,993214025903
1955.846581,22470656,92039811072,38.684,47.059,1129421234,567658627386,174970922626,993425402577
1956.201751,22473984,92053442560,38.380,47.057,1129594121,567749742561,174999192119,993625707489
1956.574420,22477312,92067074048,36.578,47.055,1129766212,567831747362,175024392653,993859487563
1956.961541,22480640,92080705536,35.212,47.053,1129939949,567915684299,175050192830,994104376311
1957.335881,22483968,92094337024,36.415,47.051,1130114593,567998136174,175075608040,994338740839
1957.719512,22487296,92107968512,35.533,47.049,1130295385,568080453603,175100983162,994582805109
1958.098164,22490624,92121600000,36.000,47.046,1130466477,568160689989,175125772080,994825099018
1958.472531,22493952,92135231488,36.412,47.044,1130633773,568244446422,175151469664,995057770063
1958.846179,22497280,92148862976,36.482,47.042,1130811182,568327975159,175177071710,995290021400
1959.217928,22500608,92162494464,36.669,47.040,1130979317,568409739038,175202148008,995523328074
1959.598407,22503936,92176125952,35.827,47.038,1131147777,568494385606,175228238404,995760336008
1959.985795,22507264,92189757440,35.188,47.036,1131354046,568580737027,175254929583,996001171273
1960.340776,22510592,92203388928,38.401,47.034,1131518059,568664086023,175280567477,996214963575
1960.704948,22513920,92217020416,37.431,47.033,1131690397,568744856921,175305443334,996442118067
1961.071527,22517248,92230651904,37.186,47.031,1131863660,568828714000,175331196189,996666760657
1961.459962,22520576,92244283392,35.093,47.028,1132086540,568909676834,175356071040,996917980508
1961.814004,22523904,92257914880,38.502,47.027,1132260756,568990891928,175381116827,997134295063
1962.134055,22527232,92271546368,42.592,47.026,1132427722,569072662016,175406448581,997315488865
1962.489438,22530560,92285177856,38.357,47.025,1132603425,569155995821,175432187794,997529389307
1962.844131,22533888,92298809344,38.432,47.023,1132772805,569239360743,175457985302,997742608192
1963.205080,22537216,92312440832,37.766,47.021,1132947208,569323647694,175483931330,997960789315
1963.584515,22540544,92326072320,35.926,47.019,1133126352,569414787871,175511894668,998186051369
1963.944579,22543872,92339703808,37.858,47.017,1133297185,569497214766,175537251706,998406534336
1964.303478,22547200,92353335296,37.982,47.016,1133466924,569577922052,175562179544,998628323679
1964.681111,22550528,92366966784,36.097,47.014,1133655075,569662746699,175588307628,998862296915
1965.040101,22553856,92380598272,37.972,47.012,1133820475,569743599416,175613360417,999084046802
1965.393303,22557184,92394229760,38.594,47.011,1134000639,569827449580,175639099913,999295223568
1965.754087,22560512,92407861248,37.783,47.009,1134182951,569916253576,175666258486,999505827770
1966.117993,22563840,92421492736,37.459,47.007,1134360533,570001420418,175692535007,999725247860
1966.481954,22567168,92435124224,37.453,47.005,1134533613,570087516768,175719108843,999943150140
1966.837090,22570496,92448755712,38.384,47.004,1134714322,570171138657,175744801250,1000156634017
1967.195852,22573824,92462387200,37.996,47.002,1134898082,570259873422,175771978037,1000365335211
1967.546896,22577152,92476018688,38.831,47.001,1135087502,570347369446,175798965055,1000568037060
1967.912224,22580480,92489650176,37.313,46.999,1135261050,570428579466,175824084859,1000795663590
1968.272407,22583808,92503281664,37.846,46.997,1135452397,570511926131,175849628492,1001014721245
1968.623138,22587136,92516913152,38.866,46.996,1135632481,570596407544,175875726077,1001222158307
1968.986953,22590464,92530544640,37.468,46.994,1135839411,570682206874,175902159753,1001440539961
1969.322117,22593792,92544176128,40.671,46.993,1136003067,570762818663,175927104182,1001639106804
1969.719045,22597120,92557807616,34.342,46.990,1136178301,570856857775,175956062225,1001876635363
1970.093773,22600448,92571439104,36.377,46.988,1136353670,570938968214,175981172042,1002112298503
1970.483273,22603776,92585070592,34.997,46.986,1136531251,571027782478,176008440327,1002351502565
1970.871743,22607104,92598702080,35.090,46.984,1136703183,571112727839,176034567619,1002596105563
1971.249518,22610432,92612333568,36.084,46.982,1136877659,571197948193,176060808000,1002829432363
1971.639657,22613760,92625965056,34.940,46.979,1137059521,571287899637,176088520633,1003067250188
1972.017831,22617088,92639596544,36.046,46.977,1137238737,571375962987,176115663536,1003296526467
1972.387089,22620416,92653228032,36.916,46.975,1137431615,571457791938,176140804718,1003526947903
1972.766949,22623744,92666859520,35.886,46.973,1137652679,571542576908,176166886564,1003763426618
1973.168730,22627072,92680491008,33.928,46.970,1137834140,571628900812,176193577824,1004019035294
1973.527445,22630400,92694122496,38.001,46.969,1138006016,571710169885,176218664198,1004239900992
1973.901784,22633728,92707753984,36.415,46.967,1138181860,571792075963,176243897663,1004475619425
1974.268608,22637056,92721385472,37.161,46.965,1138360937,571880733171,176271362471,1004691859670
1974.629922,22640384,92735016960,37.728,46.963,1138566840,571963366703,176296835214,1004913131177
1974.968844,22643712,92748648448,40.220,46.962,1138744005,572046638829,176322488685,1005110985411
1975.339436,22647040,92762279936,36.783,46.960,1138921114,572132078004,176348559402,1005337265661
1975.700300,22650368,92775911424,37.775,46.958,1139119079,572214634944,176373930327,1005558274923
1976.064978,22653696,92789542912,37.379,46.957,1139294187,572301542754,176400971357,1005775262515
1976.432478,22657024,92803174400,37.093,46.955,1139461761,572387312068,176427474114,1005997263163
1976.805657,22660352,92816805888,36.528,46.953,1139635277,572472323799,176453547230,1006226467076
1977.158431,22663680,92830437376,38.641,46.951,1139815261,572557189754,176479514202,1006435794784
1977.521000,22667008,92844068864,37.597,46.950,1139988973,572640492626,176505052921,1006657823980
1977.883001,22670336,92857700352,37.656,46.948,1140170744,572724572676,176531103695,1006876971375
1978.229867,22673664,92871331840,39.299,46.947,1140346721,572808797203,176557081839,1007080952646
1978.584358,22676992,92884963328,38.454,46.945,1140516739,572892856699,176583054291,1007292898211
1978.939928,22680320,92898594816,38.337,46.944,1140681293,572975413707,176608477729,1007508378924
1979.312543,22683648,92912226304,36.583,46.942,1140860947,573063794490,176635668304,1007731343168
1979.680019,22686976,92925857792,37.095,46.940,1141064742,573146914827,176661402951,1007957725295
1980.028225,22690304,92939489280,39.148,46.938,1141239130,573230884254,176687215815,1008163768996
1980.382830,22693632,92953120768,38.441,46.937,1141411669,573313202335,176712369901,1008379159624
1980.747911,22696960,92966752256,37.338,46.935,1141583144,573394237281,176737270977,1008606790740
1981.120211,22700288,92980383744,36.614,46.933,1141756062,573476883737,176762697607,1008839012077
1981.485874,22703616,92994015232,37.279,46.931,1141935901,573559193572,176788030187,1009065411240
1981.849644,22706944,93007646720,37.473,46.930,1142117345,573644188780,176813991395,1009285485235
1982.199886,22710272,93021278208,38.920,46.928,1142302518,573727377243,176839545819,1009494814431
1982.547812,22713600,93034909696,39.179,46.927,1142466851,573808897311,176864812967,1009704388546
1982.916872,22716928,93048541184,36.936,46.925,1142636294,573890319859,176889866213,1009935450482
1983.306116,22720256,93062172672,35.020,46.923,1142808073,573974067673,176915581302,1010182878724
1983.683048,22723584,93075804160,36.164,46.921,1142977795,574057318108,176941249109,1010418797938
1984.065217,22726912,93089435648,35.669,46.919,1143148503,574139201166,176966591393,1010662072778
1984.444583,22730240,93103067136,35.932,46.916,1143317824,574222570000,176992371313,1010899849518
1984.825200,22733568,93116698624,35.814,46.914,1143484513,574306600619,177018054703,1011138350017
1985.204904,22736896,93130330112,35.900,46.912,1143660334,574392616588,177044359931,1011372515671
1985.576034,22740224,93143961600,36.730,46.910,1143833434,574479824888,177071368959,1011595738236
1985.966324,22743552,93157593088,34.927,46.908,1144009296,574569800810,177098910486,1011833765137
1986.365235,22746880,93171224576,34.172,46.905,1144186711,574659539621,177126744178,1012080448669
1986.721968,22750208,93184856064,38.212,46.904,1144348305,574744402554,177152855264,1012293476172
1987.081112,22753536,93198487552,37.955,46.902,1144519726,574832881179,177179951275,1012502970213
1987.426395,22756864,93212119040,39.479,46.901,1144685327,574916467924,177205579768,1012706823968
1987.808390,22760192,93225750528,35.685,46.899,1144862291,575005769702,177233135478,1012937315959
1988.178274,22763520,93239382016,36.853,46.897,1145032023,575086577498,177257877201,1013170431215
1988.540892,22766848,93253013504,37.592,46.895,1145205405,575169458828,177283365208,1013392682320
1988.909896,22770176,93266644992,36.941,46.893,1145371997,575252009648,177308710400,1013621845574
1989.261778,22773504,93280276480,38.739,46.892,1145540154,575335075649,177334175271,1013832999199
1989.630537,22776832,93293907968,36.966,46.890,1145712658,575420146549,177360514062,1014057433540
1989.995330,22780160,93307539456,37.368,46.888,1145890224,575502567889,177385855293,1014282615230
1990.356770,22783488,93321170944,37.714,46.887,1146066695,575586083026,177411329517,1014502932442
1990.717200,22786816,93334802432,37.820,46.885,1146241981,575671223383,177437442776,1014719257287
1991.083941,22790144,93348433920,37.169,46.883,1146419605,575759384822,177464329575,1014937104540
1991.443967,22793472,93362065408,37.862,46.882,1146585878,575842415323,177489943589,1015156301298
1991.783660,22796800,93375696896,40.129,46.880,1146749264,575925177297,177515438677,1015355572247
1992.133951,22800128,93389328384,38.915,46.879,1146922878,576014940995,177542999128,1015553813410
1992.482320,22803456,93402959872,39.129,46.878,1147093016,576098684790,177568834552,1015760270233
1992.840583,22806784,93416591360,38.049,46.876,1147271368,576182452760,177594578329,1015976582263
1993.189493,22810112,93430222848,39.069,46.875,1147432210,576266471187,177620497942,1016183106953
1993.559753,22813440,93443854336,36.816,46.873,1147604709,576353876325,177647285710,1016405431608
1993.917252,22816768,93457485824,38.130,46.871,1147777886,576435488951,177672357433,1016624513985
1994.285979,22820096,93471117312,36.969,46.869,1147950439,576516290390,177697135899,1016856398696
1994.659964,22823424,93484748800,36.449,46.868,1148124734,576604106900,177724034397,1017081801412
1995.018512,22826752,93498380288,38.019,46.866,1148307385,576685259751,177749179927,1017302431096
1995.378023,22830080,93512011776,37.917,46.864,1148486518,576767274777,177774298326,1017523121782
1995.742454,22833408,93525643264,37.405,46.863,1148663390,576856901945,177802093956,1017735433766
1996.127849,22836736,93539274752,35.370,46.860,1148837687,576946484661,177829709106,1017969035437
1996.513339,22840064,93552906240,35.361,46.858,1149000982,577027569195,177854758181,1018216775319
1996.896704,22843392,93566537728,35.558,46.856,1149180239,577110830887,177880273900,1018459012320
1997.280522,22846720,93580169216,35.515,46.854,1149355016,577196617361,177906616586,1018697661871
1997.670356,22850048,93593800704,34.967,46.851,1149529484,577281129912,177932514265,1018944185598
1998.056587,22853376,93607432192,35.294,46.849,1149705010,577364495264,177958158412,1019189214231
1998.432505,22856704,93621063680,36.262,46.847,1149877672,577446301809,177983423035,1019426052204
1998.800971,22860032,93634695168,36.995,46.845,1150054789,577528060724,178008541827,1019655872991
1999.175277,22863360,93648326656,36.418,46.843,1150232267,577611677432,178034189641,1019888517448
1999.536284,22866688,93661958144,37.760,46.842,1150413792,577693469434,178059245854,1020111285802
1999.911165,22870016,93675589632,36.362,46.840,1150610174,577785133981,178087499263,1020330770739
2000.280275,22873344,93689221120,36.931,46.838,1150780883,577872523539,178114477491,1020551592673
2000.643663,22876672,93702852608,37.512,46.836,1150952716,577954058974,178139696439,1020776520563
2001.044767,22880000,93716484096,33.985,46.834,1151141872,578053939846,178170586659,1021007964345
2001.417818,22883328,93730115584,36.541,46.832,1151318197,578137496679,178196293805,1021239391513
2001.779296,22886656,93743747072,37.710,46.830,1151489121,578222638973,178222518839,1021456478387
2002.154186,22889984,93757378560,36.361,46.828,1151665759,578311586403,178249839336,1021680756370
2002.517855,22893312,93771010048,37.483,46.827,1151838048,578392536908,178274685360,1021907267131
2002.879275,22896640,93784641536,37.716,46.825,1152007486,578476740367,178300710361,1022125976959
2003.241708,22899968,93798273024,37.611,46.823,1152198642,578556775547,178325486275,1022352527448
2003.598844,22903296,93811904512,38.169,46.822,1152379931,578641412271,178351608865,1022565981494
2003.959584,22906624,93825536000,37.788,46.820,1152559502,578726358206,178377884778,1022782619473
2004.325472,22909952,93839167488,37.256,46.818,1152728570,578809331367,178403497910,1023007687838
2004.682596,22913280,93852798976,38.170,46.817,1152908907,578893731919,178429364278,1023221999095
2005.038442,22916608,93866430464,38.307,46.815,1153093421,578982233831,178456615815,1023427823467
2005.394734,22919936,93880061952,38.259,46.814,1153271718,579068358687,178483051054,1023638286133
2005.750656,22923264,93893693440,38.299,46.812,1153441030,579153420376,178509326943,1023850103256
2006.132914,22926592,93907324928,35.660,46.810,1153616305,579243789135,178537308804,1024079084626
2006.487413,22929920,93920956416,38.453,46.809,1153788330,579330071632,178563900397,1024287395076
2006.851278,22933248,93934587904,37.463,46.807,1153966449,579418230678,178591065281,1024501888216
2007.206712,22936576,93948219392,38.352,46.805,1154141351,579508656001,178619029997,1024703869686
2007.576349,22939904,93961850880,36.878,46.804,1154324583,579596513441,178646053135,1024924564769
2007.949693,22943232,93975482368,36.512,46.802,1154508882,579685123960,178673379935,1025147721866
2008.292907,22946560,93989113856,39.717,46.801,1154710148,579766679523,178698521017,1025352531523
2008.651524,22949888,94002745344,38.011,46.799,1154893286,579852207783,178724853809,1025566041345
2009.002263,22953216,94016376832,38.865,46.798,1155068538,579935968805,178750720554,1025774757321
2009.361610,22956544,94030008320,37.934,46.796,1155238217,580019069449,178776288825,1025993175682
2009.752640,22959872,94043639808,34.860,46.794,1155421265,580107617460,178803685502,1026234181890
2010.140350,22963200,94057271296,35.159,46.791,1155609926,580196614660,178831181507,1026470769015
2010.547927,22966528,94070902784,33.445,46.789,1155795212,580295660358,178861571467,1026710549617
2010.923039,22969856,94084534272,36.340,46.787,1155965106,580378264700,178887069020,1026945606835
2011.304541,22973184,94098165760,35.731,46.785,1156132626,580460677759,178912635407,1027187069121
2011.668982,22976512,94111797248,37.404,46.783,1156313536,580542107307,178937726807,1027413351569
2012.027263,22979840,94125428736,38.047,46.781,1156485401,580623514454,178963046671,1027633226907
2012.397741,22983168,94139060224,36.794,46.780,1156670104,580704716885,178988170733,1027865719279
2012.775271,22986496,94152691712,36.107,46.778,1156842633,580787084572,179013602930,1028103502912
2013.136720,22989824,94166323200,37.713,46.776,1157014309,580869343429,179038997321,1028325463994
2013.494221,22993152,94179954688,38.130,46.774,1157179961,580949439710,179063561379,1028547271534
2013.856506,22996480,94193586176,37.626,46.773,1157349103,581032559986,179089301665,1028768649891
2014.234066,22999808,94207217664,36.104,46.771,1157523141,581118414978,179115727277,1029000826077
2014.607379,23003136,94220849152,36.515,46.769,1157687494,581199311115,179140643003,1029236916313
2014.972168,23006464,94234480640,37.368,46.767,1157858747,581282824944,179166431458,1029460342335
2015.342423,23009792,94248112128,36.816,46.765,1158028216,581365086348,179191769966,1029691076001
2015.703569,23013120,94261743616,37.745,46.764,1158200044,581451443725,179218451586,1029905710423
2016.068192,23016448,94275375104,37.385,46.762,1158374168,581536887628,179244754806,1030125586249
2016.437723,23019776,94289006592,36.889,46.760,1158557811,581624060740,179271641935,1030347314812
2016.791746,23023104,94302638080,38.504,46.759,1158730447,581707242737,179297372109,1030560163900
2017.153231,23026432,94316269568,37.710,46.757,1158908458,581791526739,179323191915,1030778880916
2017.508202,23029760,94329901056,38.402,46.756,1159080929,581873253015,179348388070,1030995405883
2017.861769,23033088,94343532544,38.554,46.754,1159249136,581956941423,179374080231,1031207299745
2018.215384,23036416,94357164032,38.549,46.753,1159420337,582037348279,179398897092,1031424798952
2018.560685,23039744,94370795520,39.477,46.752,1159603041,582119723587,179424413970,1031630372496
2018.917790,23043072,94384427008,38.172,46.750,1159775017,582203721775,179450223523,1031845105714
2019.294814,23046400,94398058496,36.155,46.748,1159942492,582289130342,179476434217,1032077332303
2019.649260,23049728,94411689984,38.459,46.747,1160116010,582375086989,179502978215,1032286119775
2020.002765,23053056,94425321472,38.561,46.745,1160292162,582458440228,179528741675,1032498203641
2020.356852,23056384,94438952960,38.498,46.744,1160465845,582541945073,179554324154,1032711098862
2020.717164,23059712,94452584448,37.832,46.742,1160638367,582624272089,179579773884,1032931864211
2021.086535,23063040,94466215936,36.905,46.740,1160817402,582712009088,179606858577,1033152298132
2021.437641,23066368,94479847424,38.824,46.739,1160991396,582797929693,179633211640,1033358069893
2021.796486,23069696,94493478912,37.987,46.737,1161168314,582884104895,179659943201,1033570915730
2022.160890,23073024,94507110400,37.408,46.736,1161409223,582976542704,179688328798,1033778612211
2022.514441,23076352,94520741888,38.556,46.734,1161575457,583059009581,179713568775,1033992574831
2022.904876,23079680,94534373376,34.914,46.732,1161743417,583142467672,179739278888,1034241550116
2023.280291,23083008,94548004864,36.311,46.730,1161913982,583225385789,179764670129,1034476688596
2023.653102,23086336,94561636352,36.564,46.728,1162092658,583308297709,179790250988,1034708860490
2024.032228,23089664,94575267840,35.955,46.726,1162258594,583390322981,179815370559,1034949196276
2024.417362,23092992,94588899328,35.394,46.724,1162431732,583472469206,179840663791,1035195042952
2024.785050,23096320,94602530816,37.073,46.722,1162603872,583556754547,179866763622,1035419739585
2025.149862,23099648,94616162304,37.366,46.721,1162770920,583639841242,179892419083,1035643675082
2025.494960,23102976,94629793792,39.500,46.719,1162935654,583720126892,179917061481,1035853024642
2025.886197,23106304,94643425280,34.842,46.717,1163106033,583806047850,179943446766,1036098870392
2026.256692,23109632,94657056768,36.793,46.715,1163283382,583892923447,179970010741,1036322447999
2026.622537,23112960,94670688256,37.260,46.714,1163461921,583977892980,179996103482,1036544320091
2026.986702,23116288,94684319744,37.432,46.712,1163635735,584065482644,180023027246,1036759979373
2027.350349,23119616,94697951232,37.485,46.710,1163797356,584150130227,180049122512,1036980120849
2027.726420,23122944,94711582720,36.247,46.708,1164008782,584238783398,180076456075,1037206016194
2028.092704,23126272,94725214208,37.216,46.707,1164179183,584322806358,180102259053,1037430108087
2028.475948,23129600,94738845696,35.569,46.704,1164355837,584407634172,180128390040,1037669534041
2028.843607,23132928,94752477184,37.076,46.703,1164530239,584490534540,180153810136,1037896551190
2029.216811,23136256,94766108672,36.526,46.701,1164702520,584578451645,180181059480,1038120515291
2029.591290,23139584,94779740160,36.401,46.699,1164883284,584665006435,180207480597,1038348739964
2029.959225,23142912,94793371648,37.049,46.697,1165065739,584751321689,180233976517,1038570467232
2030.333086,23146240,94807003136,36.461,46.695,1165247938,584843727375,180262401345,1038787953913
2030.700703,23149568,94820634624,37.081,46.694,1165426811,584930419754,180289133606,1039008745706
2031.068935,23152896,94834266112,37.019,46.692,1165606577,585017393147,180315882236,1039229669341
2031.447475,23156224,94847897600,36.011,46.690,1165783244,585110797102,180344593527,1039449805659
2031.811426,23159552,94861529088,37.454,46.688,1165959626,585195349434,180370672770,1039670344654
2032.191840,23162880,94875160576,35.833,46.686,1166138655,585282714609,180397529364,1039902799590
2032.574989,23166208,94888792064,35.577,46.684,1166312085,585366831465,180423334423,1040143600737
2032.915501,23169536,94902423552,40.032,46.683,1166478727,585452538051,180449622990,1040339022504
2033.275549,23172864,94916055040,37.860,46.681,1166656811,585534841004,180474832772,1040559738078
2033.625088,23176192,94929686528,38.998,46.680,1166831377,585619135972,180500829888,1040766364364
2033.992111,23179520,94943318016,37.141,46.678,1167014827,585703066504,180526587635,1040991283900
2034.357931,23182848,94956949504,37.263,46.677,1167189076,585788908397,180553189502,1041211524849
2034.704373,23186176,94970580992,39.347,46.675,1167363341,585873177592,180579116441,1041415219784
2035.057820,23189504,94984212480,38.567,46.674,1167545997,585955894292,180604390787,1041628894517
2035.400934,23192832,94997843968,39.729,46.673,1167719000,586038104737,180629681683,1041832791877
2035.752835,23196160,95011475456,38.737,46.671,1167904724,586124225664,180656099587,1042038929489
2036.152971,23199488,95025106944,34.067,46.669,1168081980,586211936370,180683216282,1042290247028
2036.531251,23202816,95038738432,36.035,46.667,1168258102,586294559842,180708625213,1042528501106
2036.911896,23206144,95052369920,35.812,46.665,1168432901,586377133100,180734139148,1042769137043
2037.293667,23209472,95066001408,35.706,46.663,1168611412,586459931859,180759633217,1043010411071
2037.657882,23212800,95079632896,37.427,46.661,1168780031,586544949084,180785780732,1043230630588
2038.008688,23216128,95093264384,38.858,46.660,1168941977,586627084822,180811085417,1043442108214
2038.382252,23219456,95106895872,36.490,46.658,1169113788,586708593542,180836284892,1043677286620
2038.760299,23222784,95120527360,36.058,46.656,1169287669,586791993435,180861875635,1043914264491
2039.152246,23226112,95134158848,34.779,46.654,1169455948,586875700589,180887540292,1044164539495
2039.514453,23229440,95147790336,37.635,46.652,1169630242,586956695311,180912303427,1044389902907
2039.880608,23232768,95161421824,37.229,46.650,1169802045,587038712925,180937276084,1044617677774
2040.248761,23236096,95175053312,37.027,46.649,1169976248,587123022822,180963242873,1044843038585
2040.624710,23239424,95188684800,36.259,46.647,1170149858,587207479795,180989232485,1045075548311
2041.000259,23242752,95202316288,36.298,46.645,1170319448,587290710180,181015019910,1045309889111
2041.356101,23246080,95215947776,38.308,46.643,1170492960,587375639387,181041365997,1045521649091
2041.710430,23249408,95229579264,38.471,46.642,1170656393,587459517833,181067304661,1045733430455
2042.061151,23252736,95243210752,38.867,46.641,1170829232,587542944624,181092889431,1045943004805
2042.423229,23256064,95256842240,37.648,46.639,1170997915,587630015595,181119688414,1046157603765
2042.789715,23259392,95270473728,37.195,46.637,1171175750,587719823482,181147283612,1046371981484
2043.143533,23262720,95284105216,38.527,46.636,1171346015,587804092030,181173154952,1046583103008
2043.505264,23266048,95297736704,37.684,46.634,1171515012,587886318655,181198331780,1046805486841
2043.877012,23269376,95311368192,36.669,46.633,1171689397,587969640071,181223937480,1047036046350
2044.248939,23272704,95324999680,36.651,46.631,1171863326,588051780061,181249115843,1047268878002
2044.609733,23276032,95338631168,37.782,46.629,1172037346,588134274872,181274485362,1047489990628
2044.975335,23279360,95352262656,37.285,46.628,1172210346,588220095370,181300959869,1047710284253
2045.344890,23282688,95365894144,36.886,46.626,1172380498,588305715745,181327372249,1047934800699
2045.725143,23286016,95379525632,35.849,46.624,1172564112,588392270886,181354040562,1048168226271
2046.089787,23289344,95393157120,37.383,46.622,1172744747,588479383899,181380756464,1048385714601
2046.450916,23292672,95406788608,37.747,46.621,1172921344,588564150370,181407160164,1048603081423
2046.813769,23296000,95420420096,37.567,46.619,1173097055,588649547430,181433373644,1048821528066
2047.169608,23299328,95434051584,38.308,46.618,1173264356,588731677441,181458551248,1049038266802
2047.535067,23302656,95447683072,37.300,46.616,1173439663,588814603298,181483994863,1049263369711
2047.896478,23305984,95461314560,37.717,46.614,1173633019,588904179848,181511790347,1049472874533
2048.255976,23309312,95474946048,37.918,46.613,1173818320,588986238425,181536945577,1049693515973
2048.618316,23312640,95488577536,37.621,46.611,1173997586,589073431056,181563794738,1049908072368
2048.975653,23315968,95502209024,38.147,46.610,1174173562,589158810011,181590113944,1050120766664
2049.372747,23319296,95515840512,34.328,46.607,1174351978,589244963103,181616621387,1050371891452
2049.739566,23322624,95529472000,37.161,46.606,1174523567,589335232682,181644471542,1050585597352
2050.100604,23325952,95543103488,37.756,46.604,1174700222,589418475512,181670169239,1050805333828
2050.488866,23329280,95556734976,35.109,46.602,1174882864,589508152905,181697674741,1051041617890
2050.867884,23332608,95570366464,35.965,46.600,1175063848,589591795023,181723458477,1051278624711
2051.249353,23335936,95583997952,35.734,46.598,1175244538,589679970267,181750599221,1051510581546
2051.624288,23339264,95597629440,36.357,46.596,1175418989,589763651777,181776412180,1051743712796
2052.003854,23342592,95611260928,35.913,46.594,1175588293,589848504688,181802407826,1051979751394
2052.398384,23345920,95624892416,34.551,46.592,1175762233,589933831222,181828780684,1052229718036
2052.764425,23349248,95638523904,37.240,46.590,1175935267,590017245216,181854522315,1052454522092
2053.135787,23352576,95652155392,36.707,46.588,1176111153,590101485478,181880423291,1052683279602
2053.496267,23355904,95665786880,37.815,46.587,1176292162,590183283018,181905526352,1052905243897
2053.865869,23359232,95679418368,36.882,46.585,1176460134,590266690119,181931174214,1053133589903
2054.242531,23362560,95693049856,36.190,46.583,1176629095,590350283340,181956749025,1053368895367
2054.607497,23365888,95706681344,37.350,46.581,1176800433,590433678140,181982511107,1053592429154
2054.972238,23369216,95720312832,37.373,46.580,1176965118,590515054993,182007686531,1053819168120
2055.326086,23372544,95733944320,38.524,46.578,1177134362,590597544963,182033092256,1054033180137
2055.692346,23375872,95747575808,37.218,46.577,1177308312,590681883871,182059036074,1054256697401
2056.063389,23379200,95761207296,36.738,46.575,1177485230,590770524596,182086206191,1054477842785
2056.418511,23382528,95774838784,38.385,46.574,1177647325,590852445084,182111513500,1054693799819
2056.781400,23385856,95788470272,37.564,46.572,1177824648,590936379144,182137339679,1054914384006
2057.137567,23389184,95802101760,38.273,46.571,1177998444,591017301904,182162330680,1055133190338
2057.502430,23392512,95815733248,37.361,46.569,1178165920,591099318212,182187448995,1055359174709
2057.859981,23395840,95829364736,38.125,46.567,1178349791,591183583520,182213587941,1055573753452
2058.209293,23399168,95842996224,39.024,46.566,1178528273,591267425456,182239474134,1055781087752
2058.569103,23402496,95856627712,37.885,46.565,1178691746,591349679341,182264725418,1056001684673
2058.928490,23405824,95870259200,37.930,46.563,1178868382,591435125002,182291137688,1056216143872
2059.297698,23409152,95883890688,36.921,46.561,1179051270,591523247427,182318225307,1056435787326
2059.655433,23412480,95897522176,38.105,46.560,1179223033,591611245554,182345340684,1056644387381
2060.008057,23415808,95911153664,38.657,46.559,1179398693,591698040207,182371994752,1056850022313
2060.380810,23419136,95924785152,36.570,46.557,1179584103,591790059797,182400080891,1057067448340
2060.772833,23422464,95938416640,34.772,46.555,1179783370,591887043469,182429573113,1057296132338
2061.133798,23425792,95952048128,37.764,46.553,1179955080,591975229862,182456682692,1057507589380
2061.491505,23429120,95965679616,38.108,46.552,1180123505,592066020215,182484572029,1057711729859
2061.840702,23432448,95979311104,39.037,46.550,1180335005,592149482957,182510091486,1057919625158
2062.214026,23435776,95992942592,36.514,46.548,1180536658,592238348842,182537363601,1058142346381
2062.603547,23439104,96006574080,34.996,46.546,1180713137,592324890686,182563906177,1058385526369
2062.942668,23442432,96020205568,40.197,46.545,1180884665,592408707081,182589582169,1058582904608
2063.309411,23445760,96033837056,37.169,46.544,1181052815,592490398969,182614733132,1058811120038
2063.687971,23449088,96047468544,36.009,46.542,1181225255,592574576682,182640819951,1059046869984
2064.079170,23452416,96061100032,34.845,46.539,1181410557,592661934693,182667615407,1059290217879
2064.458296,23455744,96074731520,35.955,46.538,1181594371,592744799290,182693169872,1059528745103
2064.828917,23459072,96088363008,36.780,46.536,1181766669,592827072633,182718616278,1059759750640
2065.210643,23462400,96101994496,35.710,46.534,1181976750,592910416840,182744340091,1060000036927
2065.610454,23465728,96115625984,34.095,46.531,1182146448,592993160163,182769757203,1060259931543
2065.986611,23469056,96129257472,36.239,46.529,1182361533,593076345075,182795254890,1060495220548
2066.360343,23472384,96142888960,36.474,46.528,1182539405,593168928220,182823754247,1060712120112
2066.731759,23475712,96156520448,36.701,46.526,1182716581,593256217791,182850753864,1060935678225
2067.099207,23479040,96170151936,37.098,46.524,1182884040,593341187893,182876697271,1061159512597
2067.475333,23482368,96183783424,36.242,46.522,1183056817,593422692321,182901937153,1061397403694
2067.843948,23485696,96197414912,36.980,46.521,1183278358,593511080584,182929043666,1061616191172
2068.199556,23489024,96211046400,38.333,46.519,1183444251,593593330796,182954325534,1061832476679
2068.563050,23492352,96224677888,37.501,46.518,1183666437,593677479644,182980439992,1062052821039
2068.933321,23495680,96238309376,36.815,46.516,1183838759,593769549481,183008658547,1062267181613
2069.299370,23499008,96251940864,37.240,46.514,1184022211,593854170915,183034659352,1062489996190
2069.647425,23502336,96265572352,39.165,46.513,1184193685,593934587947,183059261951,1062701952711
2070.012883,23505664,96279203840,37.300,46.511,1184375658,594020221699,183085681630,1062922159173
2070.366080,23508992,96292835328,38.595,46.510,1184565190,594101770772,183110737084,1063137119467
2070.728133,23512320,96306466816,37.650,46.509,1184744005,594183186817,183135908581,1063361053533
2071.083450,23515648,96320098304,38.364,46.507,1184920756,594270330841,183162827159,1063568479685
2071.446224,23518976,96333729792,37.576,46.506,1185102513,594359288606,183190112817,1063780617011
2071.812192,23522304,96347361280,37.248,46.504,1185280707,594444083818,183216289738,1064002548303
2072.175200,23525632,96360992768,37.552,46.502,1185459909,594527618722,183241925293,1064224050928
2072.536714,23528960,96374624256,37.707,46.501,1185628141,594612093224,183268099829,1064442173181
2072.886104,23532288,96388255744,39.015,46.500,1185801542,594695472179,183293764934,1064650147794
2073.236265,23535616,96401887232,38.929,46.498,1185971313,594777839052,183319240025,1064860519106
2073.590056,23538944,96415518720,38.530,46.497,1186141838,594860057047,183344626588,1065074982588
2073.962879,23542272,96429150208,36.563,46.495,1186312528,594946985245,183371294760,1065300636517
2074.317523,23545600,96442781696,38.437,46.494,1186482266,595030430882,183397147156,1065513483604
2074.672696,23548928,96456413184,38.380,46.492,1186670484,595115152706,183423175821,1065725038518
2075.037639,23552256,96470044672,37.352,46.491,1186843610,595199728883,183449225239,1065946808470
2075.350539,23555584,96483676160,43.565,46.490,1187017095,595280753029,183474212332,1066122248696
2075.715962,23558912,96497307648,37.303,46.489,1187184518,595362550448,183499528825,1066349055225
2076.086479,23562240,96510939136,36.790,46.487,1187354514,595447321483,183525623746,1066575862752
2076.466210,23565568,96524570624,35.898,46.485,1187531445,595530919536,183551444473,1066813658551
2076.849775,23568896,96538202112,35.539,46.483,1187776471,595615411255,183577607098,1067053621441
2077.234884,23572224,96551833600,35.396,46.481,1187955266,595698104875,183603089116,1067298654614
2077.608333,23575552,96565465088,36.502,46.479,1188130521,595781810423,183628946485,1067530348674
2077.981815,23578880,96579096576,36.498,46.477,1188306532,595865787366,183654729919,1067761766446
2078.369794,23582208,96592728064,35.135,46.475,1188475593,595950908505,183680832649,1068005502888
2078.751338,23585536,96606359552,35.727,46.473,1188641008,596034779608,183706788584,1068244682136
2079.128014,23588864,96619991040,36.189,46.471,1188807749,596118570820,183732641271,1068479357255
2079.493955,23592192,96633622528,37.251,46.470,1188979317,596200659811,183758034463,1068706155251
2079.856073,23595520,96647254016,37.644,46.468,1189157384,596283213921,183783464933,1068928283186
2080.219386,23598848,96660885504,37.520,46.467,1189330019,596364402162,183808337216,1069154282309
2080.599051,23602176,96674516992,35.904,46.465,1189503187,596444683111,183833091608,1069397992902
2080.967848,23605504,96688148480,36.962,46.463,1189669630,596528580760,183858887036,1069624629276
2081.329632,23608832,96701779968,37.679,46.462,1189833520,596614900287,183885456035,1069840248509
2081.690060,23612160,96715411456,37.820,46.460,1190027090,596701577462,183912168946,1070054065765
2082.048682,23615488,96729042944,38.011,46.459,1190230887,596783513526,183937348352,1070273665572
2082.419318,23618816,96742674432,36.779,46.457,1190404277,596871993557,183964504894,1070494527664
2082.775437,23622144,96756305920,38.278,46.455,1190583516,596955057621,183990131110,1070709783253
2083.144991,23625472,96769937408,36.886,46.454,1190759704,597038586596,184015682699,1070937853190
2083.512735,23628800,96783568896,37.068,46.452,1190952771,597120262882,184040755131,1071167314609
2083.886817,23632128,96797200384,36.440,46.450,1191128467,597207937479,184067822665,1071392654877
2084.253943,23635456,96810831872,37.130,46.449,1191305674,597291688143,184093669295,1071617725383
2084.615008,23638784,96824463360,37.754,46.447,1191481804,597375256731,184119341944,1071837166700
2084.981702,23642112,96838094848,37.174,46.446,1191662170,597459500732,184145241386,1072061131171
2085.348840,23645440,96851726336,37.129,46.444,1191835732,597542870335,184170977760,1072286644993
2085.714314,23648768,96865357824,37.298,46.442,1192003422,597625548090,184196350950,1072512068501
2086.075039,23652096,96878989312,37.789,46.441,1192189474,597711480498,184222755117,1072727190271
2086.428428,23655424,96892620800,38.574,46.439,1192353099,597791997294,184247638648,1072944127679
2086.777759,23658752,96906252288,39.022,46.438,1192526923,597875681406,184273456551,1073151686289
2087.156291,23662080,96919883776,36.011,46.436,1192706051,597963054711,184300414367,1073381869836
2087.520626,23665408,96933515264,37.415,46.435,1192885589,598048487439,184326738783,1073601327289
2087.863928,23668736,96947146752,39.707,46.434,1193061426,598140091265,184354939405,1073789448916
2088.184854,23672064,96960778240,42.475,46.433,1193236665,598225862234,184381356585,1073965225561
2088.527201,23675392,96974409728,39.818,46.432,1193397388,598306867892,184406232289,1074170359130
2088.907699,23678720,96988041216,35.825,46.430,1193596068,598390731970,184432120999,1074408643685
2089.293740,23682048,97001672704,35.311,46.428,1193763241,598476268841,184458229178,1074650357144
2089.680106,23685376,97015304192,35.281,46.426,1193995717,598570195065,184487039479,1074877568583
2090.084559,23688704,97028935680,33.704,46.423,1194187267,598665794415,184516498294,1075119924478
2090.469127,23692032,97042567168,35.446,46.421,1194364947,598753980108,184543534729,1075355251169
2090.865305,23695360,97056198656,34.408,46.419,1194553160,598850352224,184573139117,1075588467795
2091.236717,23698688,97069830144,36.702,46.417,1194712193,598934661766,184599245849,1075816590440
2091.618105,23702016,97083461632,35.742,46.415,1194891873,599025523687,184627333039,1076044074358
2092.012226,23705344,97097093120,34.587,46.413,1195074617,599116298168,184655165745,1076284801763
2092.352356,23708672,97110724608,40.077,46.412,1195241661,599202066064,184681530092,1076479571222
2092.658535,23712000,97124356096,44.521,46.412,1195404475,599284298198,184706796878,1076646305572
2092.960793,23715328,97137987584,45.099,46.412,1195570894,599365295774,184731707551,1076811497918
2093.259276,23718656,97151619072,45.669,46.412,1195731151,599450389377,184758000713,1076965574909
2093.561706,23721984,97165250560,45.073,46.411,1195894077,599530541758,184782780188,1077131869458
2093.862567,23725312,97178882048,45.308,46.411,1196058801,599612094081,184808013593,1077294350861
2094.165026,23728640,97192513536,45.069,46.411,1196224735,599696903802,184834120001,1077453218277
2094.476851,23731968,97206145024,43.715,46.411,1196391938,599777594976,184859103747,1077628033282
2094.781604,23735296,97219776512,44.730,46.410,1196546947,599857933029,184883979757,1077796379207
2095.086511,23738624,97233408000,44.707,46.410,1196702809,599938277107,184908876376,1077964869157
2095.395844,23741952,97247039488,44.067,46.410,1196864605,600021058696,184934309120,1078134092931
2095.700539,23745280,97260670976,44.738,46.410,1197023343,600106832026,184960754351,1078293447167
2096.014127,23748608,97274302464,43.469,46.409,1197189920,600190915643,184986343693,1078465158925
2096.328764,23751936,97287933952,43.325,46.409,1197400399,600275625614,185012477379,1078636136317
2096.631542,23755264,97301565440,45.021,46.409,1197557853,600354867760,185036956472,1078804357136
2096.940965,23758592,97315196928,44.054,46.408,1197721264,600436580155,185062285093,1078974935753
2097.246160,23761920,97328828416,44.665,46.408,1197884789,600518761489,185087562705,1079140790298
2097.555691,23765248,97342459904,44.039,46.408,1198051535,600602815154,185113477276,1079307708719
2097.859256,23768576,97356091392,44.905,46.407,1198213396,600683965459,185138510922,1079473678302
2098.160699,23771904,97369722880,45.221,46.407,1198376228,600766243088,185163883658,1079635473984
2098.481733,23775232,97383354368,42.461,46.407,1198545333,600847194252,185188648510,1079819344714
2098.835903,23778560,97396985856,38.489,46.405,1198720815,600933520621,185215235068,1080027217890
2099.193702,23781888,97410617344,38.098,46.404,1198900420,601019515942,185241620950,1080239336607
2099.561699,23785216,97424248832,37.042,46.402,1199069024,601101015653,185266573141,1080469272345
2099.917787,23788544,97437880320,38.281,46.401,1199259623,601190024307,185293980173,1080674677211
2100.273540,23791872,97451511808,38.317,46.399,1199444073,601272034503,185319172810,1080891546478
2100.620647,23795200,97465143296,39.272,46.398,1199620381,601355570841,185344990820,1081097017576
2100.974381,23798528,97478774784,38.536,46.397,1199789013,601439229905,185370732166,1081308973336
2101.328788,23801856,97492406272,38.463,46.396,1199971146,601527505765,185397934512,1081513503152
2101.696526,23805184,97506037760,37.068,46.394,1200140461,601608478902,185422878267,1081743850504
2102.087466,23808512,97519669248,34.869,46.392,1200326645,601694149314,185449329579,1081989473091
2102.474911,23811840,97533300736,35.183,46.390,1200504873,601779824183,185475686953,1082231672162
2102.855293,23815168,97546932224,35.836,46.388,1200668765,601863140185,185501259636,1082470928418
2103.239302,23818496,97560563712,35.498,46.386,1200843719,601946603496,185526799427,1082713687894
2103.613741,23821824,97574195200,36.405,46.384,1201016453,602028311713,185551964834,1082949653370
2103.985329,23825152,97587826688,36.684,46.382,1201194175,602113089005,185577867355,1083177853243
2104.357631,23828480,97601458176,36.614,46.381,1201376764,602198659578,185604026418,1083405294390
2104.723474,23831808,97615089664,37.260,46.379,1201547544,602282344716,185629654006,1083629603132
2105.095747,23835136,97628721152,36.617,46.377,1201718484,602363752499,185654770333,1083863761000
2105.451833,23838464,97642352640,38.281,46.376,1201894803,602449406067,185681216592,1084074750579
2105.819889,23841792,97655984128,37.036,46.374,1202068875,602534192174,185707223026,1084299336936
2106.183854,23845120,97669615616,37.453,46.373,1202249372,602619478641,185733602824,1084518524539
2106.555779,23848448,97683247104,36.651,46.371,1202422595,602701823422,185758936621,1084750814301
2106.919016,23851776,97696878592,37.528,46.370,1202592279,602782551197,185783877820,1084977199382
2107.281850,23855104,97710510080,37.570,46.368,1202762722,602868401412,185810303397,1085194618831
2107.645218,23858432,97724141568,37.514,46.367,1202929300,602953923653,185836666627,1085413029061
2108.001834,23861760,97737773056,38.225,46.365,1203094582,603039978620,185863090800,1085623998584
2108.377955,23865088,97751404544,36.242,46.363,1203274579,603125455330,185889384912,1085855470880
2108.763943,23868416,97765036032,35.316,46.361,1203455576,603217614480,185917650468,1086085615128
2109.131289,23871744,97778667520,37.108,46.360,1203631880,603302895945,185944053403,1086308286229
2109.490156,23875072,97792299008,37.985,46.358,1203818845,603384001421,185969146252,1086529499091
2109.855804,23878400,97805930496,37.280,46.357,1203993340,603467477785,185994832279,1086753779966
2110.215768,23881728,97819561984,37.869,46.355,1204167407,603549993822,186020175865,1086974033985
2110.572920,23885056,97833193472,38.167,46.354,1204375454,603632427778,186045631971,1087191487225
2110.937696,23888384,97846824960,37.370,46.352,1204557489,603715832124,186071202175,1087414972985
2111.339564,23891712,97860456448,33.920,46.350,1204731019,603799455082,186096894261,1087675370960
2111.669371,23895040,97874087936,41.332,46.349,1204891023,603880454619,186121863817,1087867819840
2112.028101,23898368,97887719424,37.999,46.348,1205075837,603967749044,186148792345,1088078707241
2112.378918,23901696,97901350912,38.856,46.346,1205245247,604047936548,186173493896,1088293399004
2112.738245,23905024,97914982400,37.936,46.345,1205417089,604133233933,186199807296,1088508063202
2113.105852,23908352,97928613888,37.082,46.343,1205587177,604216392578,186225392350,1088734713477
2113.462271,23911680,97942245376,38.246,46.342,1205753259,604297552240,186250402647,1088953421915
2113.814103,23915008,97955876864,38.744,46.341,1205924533,604379530150,186275727606,1089166143716
2114.171645,23918336,97969508352,38.126,46.339,1206095904,604463218201,186301340569,1089382254922
2114.519661,23921664,97983139840,39.169,46.338,1206270003,604546982248,186327204071,1089588259215
2114.894046,23924992,97996771328,36.410,46.336,1206446145,604632883965,186353761168,1089817076251
2115.291227,23928320,98010402816,34.321,46.334,1206632784,604717582924,186379795436,1090070738147
2115.674403,23931648,98024034304,35.575,46.332,1206802538,604803254574,186406006300,1090309036049
2116.047061,23934976,98037665792,36.579,46.331,1206971264,604887274524,186431889361,1090539287201
2116.431205,23938304,98051297280,35.485,46.329,1207148739,604970917246,186457650614,1090781726819
2116.809793,23941632,98064928768,36.006,46.327,1207321039,605053721795,186483136539,1091020094201
2117.179295,23944960,98078560256,36.891,46.325,1207483208,605133582527,186507777299,1091254347291
2117.558475,23948288,98092191744,35.950,46.323,1207648985,605218631857,186533973421,1091489509928
2117.940090,23951616,98105823232,35.720,46.321,1207821196,605305106603,186560627862,1091724516253
2118.333955,23954944,98119454720,34.610,46.319,1207997846,605390024603,186586781266,1091974446736
2118.703100,23958272,98133086208,36.927,46.318,1208166319,605472889542,186612239244,1092203058241
2119.072279,23961600,98146717696,36.924,46.316,1208342627,605556740934,186637918751,1092430459907
2119.446492,23964928,98160349184,36.427,46.314,1208521918,605643979823,186664481849,1092657270271
2119.840988,23968256,98173980672,34.554,46.312,1208731326,605735162206,186692321406,1092897648089
2120.214845,23971584,98187612160,36.462,46.310,1208899460,605820410119,186718861189,1093126558969
2120.581892,23974912,98201243648,37.138,46.309,1209070907,605904913327,186744735028,1093350636897
2120.964814,23978240,98214875136,35.599,46.307,1209253820,605996713205,186772830823,1093578601580
2121.334450,23981568,98228506624,36.878,46.305,1209426463,606087005941,186800435197,1093795926595
2121.699201,23984896,98242138112,37.372,46.304,1209586092,606171471173,186826382692,1094017631246
2122.075054,23988224,98255769600,36.268,46.302,1209760708,606265837530,186855350967,1094233597764
2122.433917,23991552,98269401088,37.985,46.300,1209922100,606346393591,186880142451,1094455901352
2122.791689,23994880,98283032576,38.101,46.299,1210089873,606427854657,186905103356,1094675662126
2123.156333,23998208,98296664064,37.383,46.297,1210269309,606511334227,186930801568,1094899079209
2123.508042,24001536,98310295552,38.758,46.296,1210442746,606595003991,186956604060,1095108945215
2123.856119,24004864,98323927040,39.162,46.295,1210617366,606677933761,186982172367,1095316520782
2124.179850,24008192,98337558528,42.107,46.294,1210784584,606762801525,187008303296,1095496369425
2124.540514,24011520,98351190016,37.796,46.293,1210960068,606845254398,187033743814,1095717235240
2124.909321,24014848,98364821504,36.961,46.291,1211139807,606928508864,187059305707,1095944969478
2125.260209,24018176,98378452992,38.849,46.290,1211323374,607012300207,187085140111,1096153850734
2125.621369,24021504,98392084480,37.744,46.289,1211490528,607100103366,187112242340,1096366104527
2125.972995,24024832,98405715968,38.767,46.287,1211668893,607186608140,187138892849,1096571324543
2126.329187,24028160,98419347456,38.270,46.286,1211841206,607271935915,187165215958,1096782859920
2126.694698,24031488,98432978944,37.294,46.284,1212014736,607356332801,187191155768,1097005459975
2127.048133,24034816,98446610432,38.569,46.283,1212186999,607443581972,187218119297,1097210930873
2127.406758,24038144,98460241920,38.010,46.282,1212367730,607531410774,187245068002,1097421293360
2127.770656,24041472,98473873408,37.460,46.280,1212536869,607622613987,187272992605,1097630923263
2128.159522,24044800,98487504896,35.054,46.278,1212717360,607718892276,187302691697,1097856506263
2128.576106,24048128,98501136384,32.722,46.276,1212905227,607822274658,187334292279,1098098359686
2128.959578,24051456,98514767872,35.548,46.274,1213086289,607906857274,187360397826,1098338517122
2129.353573,24054784,98528399360,34.598,46.272,1213259788,607998420656,187388545506,1098577354052
2129.737999,24058112,98542030848,35.459,46.270,1213434903,608083795765,187414835706,1098817227623
2130.136257,24061440,98555662336,34.228,46.267,1213605906,608168031980,187440670066,1099073007078
2130.526701,24064768,98569293824,34.913,46.265,1213783317,608258799554,187468721144,1099309542834
2130.904598,24068096,98582925312,36.072,46.263,1213947133,608339068142,187493349156,1099551525045
2131.293481,24071424,98596556800,35.053,46.261,1214126119,608423539682,187519319614,1099797216762
2131.680409,24074752,98610188288,35.230,46.259,1214308798,608508433715,187545492309,1100040109602
2132.037651,24078080,98623819776,38.158,46.258,1214470841,608590950930,187570840665,1100257449394
2132.408786,24081408,98637451264,36.729,46.256,1214638960,608674206741,187596250164,1100487811702
2132.777152,24084736,98651082752,37.005,46.255,1214842623,608759933836,187622572983,1100711091993
2133.149324,24088064,98664714240,36.627,46.253,1215024324,608842716532,187648187936,1100942723364
2133.529107,24091392,98678345728,35.893,46.251,1215203703,608929187716,187674746579,1101176369826
2133.889784,24094720,98691977216,37.794,46.250,1215372652,609011667154,187700109727,1101397354194
2134.253983,24098048,98705608704,37.429,46.248,1215544877,609095324943,187725926531,1101619729441
2134.617226,24101376,98719240192,37.527,46.247,1215714054,609178537668,187751684967,1101841851010
2134.974736,24104704,98732871680,38.129,46.245,1215886928,609261429594,187777507170,1102058519423
2135.346487,24108032,98746503168,36.668,46.244,1216061055,609345549417,187803425477,1102287843222
2135.704392,24111360,98760134656,38.087,46.242,1216332660,609429524073,187829203785,1102503430271
2136.059143,24114688,98773766144,38.425,46.241,1216512415,609515112793,187855659867,1102713024448
2136.401798,24118016,98787397632,39.782,46.240,1216682957,609597563193,187880888525,1102916199796
2136.746947,24121344,98801029120,39.494,46.239,1216843098,609681283818,187906575689,1103119617153
2137.098343,24124672,98814660608,38.792,46.238,1217025482,609764922525,187932368263,1103329590477
2137.446047,24128000,98828292096,39.204,46.237,1217198322,609847277420,187957774903,1103537726717
2137.812423,24131328,98841923584,37.206,46.235,1217378724,609934662183,187984615887,1103756053084
2138.187474,24134656,98855555072,36.346,46.233,1217556007,610021662686,188011508079,1103983593332
2138.545892,24137984,98869186560,38.032,46.232,1217763229,610105504550,188037471702,1104199732882
2138.896289,24141312,98882818048,38.903,46.231,1217938838,610189475303,188063298459,1104407957330
2139.250432,24144640,98896449536,38.491,46.229,1218113886,610270539021,188088273315,1104624810357
2139.610172,24147968,98910081024,37.893,46.228,1218292274,610354559849,188114228424,1104841975556
2139.973653,24151296,98923712512,37.503,46.227,1218478862,610441745284,188141088535,1105057930177
2140.321764,24154624,98937344000,39.158,46.225,1218653027,610525598889,188166860381,1105263805798
2140.673147,24157952,98950975488,38.794,46.224,1218868190,610607253238,188192006187,1105476709524
2141.019143,24161280,98964606976,39.398,46.223,1219035225,610690072472,188217457097,1105682420330
2141.384461,24164608,98978238464,37.314,46.222,1219215163,610775874758,188243950569,1105902166748
2141.773207,24167936,98991869952,35.065,46.220,1219395894,610859844242,188269781545,1106148526099
2142.146767,24171264,99005501440,36.491,46.218,1219571732,610941243974,188294710243,1106384310937
2142.526786,24174592,99019132928,35.871,46.216,1219745173,611024740866,188320401576,1106622792146
2142.918256,24177920,99032764416,34.821,46.214,1219911350,611111118202,188347138936,1106867558500
2143.297568,24181248,99046395904,35.937,46.212,1220077232,611194255321,188372700558,1107105968978
2143.678877,24184576,99060027392,35.749,46.210,1220249085,611279450396,188398853056,1107342990564
2144.050157,24187904,99073658880,36.715,46.209,1220423046,611365288732,188425223643,1107568869166
2144.437567,24191232,99087290368,35.186,46.207,1220594400,611448252080,188450666873,1107815774061
2144.838136,24194560,99100921856,34.030,46.204,1220782942,611537443990,188478099565,1108065631869
2145.204365,24197888,99114553344,37.221,46.203,1220955243,611621128885,188503704727,1108290247450
2145.574889,24201216,99128184832,36.790,46.201,1221124749,611705464347,188529669717,1108517969441
2145.941546,24204544,99141816320,37.178,46.200,1221294167,611789062740,188555411011,1108742837192
2146.317927,24207872,99155447808,36.217,46.198,1221463759,611873317439,188581251418,1108976569839
2146.689607,24211200,99169079296,36.675,46.196,1221631308,611955968551,188606823078,1109207881990
2147.055027,24214528,99182710784,37.304,46.195,1221797568,612040896545,188633040859,1109429374272
2147.425863,24217856,99196342272,36.759,46.193,1221978206,612128240701,188659802346,1109652480374
2147.785458,24221184,99209973760,37.908,46.192,1222151105,612213407219,188685966566,1109867811405
2148.149963,24224512,99223605248,37.397,46.190,1222328597,612302043337,188713442063,1110081850902
2148.517481,24227840,99237236736,37.091,46.189,1222499031,612387010684,188739590050,1110305283849
2148.893364,24231168,99250868224,36.265,46.187,1222674099,612472042891,188765709067,1110537142530
2149.253185,24234496,99264499712,37.884,46.186,1222850476,612566465515,188794770846,1110737013516
2149.615356,24237824,99278131200,37.638,46.184,1223061305,612652037381,188821069139,1110954230390
2149.993375,24241152,99291762688,36.060,46.182,1223249620,612746531617,188850272425,1111171929184
2150.353465,24244480,99305394176,37.856,46.181,1223430578,612834053674,188877204607,1111383587441
2150.708746,24247808,99319025664,38.368,46.180,1223606967,612919685180,188903591783,1111593629331
2151.076198,24251136,99332657152,37.097,46.178,1223786069,613012702230,188932396622,1111803178213
2151.452719,24254464,99346288640,36.204,46.176,1223954146,613097375692,188958501565,1112036154216
2151.809270,24257792,99359920128,38.232,46.175,1224138772,613182666181,188984811233,1112248008363
2152.179252,24261120,99373551616,36.844,46.173,1224328607,613272090816,189012400247,1112466293076
2152.528853,24264448,99387183104,38.992,46.172,1224501801,613353603732,189037405244,1112677833667
2152.889979,24267776,99400814592,37.747,46.171,1224681192,613437576386,189063187444,1112896851617
2153.252873,24271104,99414446080,37.563,46.169,1224853843,613519727789,189088424821,1113120615730
2153.598077,24274432,99428077568,39.488,46.168,1225026090,613600350429,189113195207,1113329303721
2153.947554,24277760,99441709056,39.005,46.167,1225228387,613685132949,189139473701,1113534657813
2154.278892,24281088,99455340544,41.141,46.166,1225392923,613766990844,189164727543,1113727227759
2154.625081,24284416,99468972032,39.376,46.165,1225560639,613849497709,189190219533,1113933550020
2155.007591,24287744,99482603520,35.637,46.163,1225788939,613931512577,189215622986,1114176761974
2155.385044,24291072,99496235008,36.114,46.162,1225957394,614017718043,189242253715,1114408244639
2155.759402,24294400,99509866496,36.413,46.160,1226161251,614103093140,189268557878,1114637802297
2156.144083,24297728,99523497984,35.436,46.158,1226346618,614194715625,189296839424,1114866968489
2156.517796,24301056,99537129472,36.476,46.156,1226512128,614276247126,189321845511,1115102653631
2156.892309,24304384,99550760960,36.398,46.155,1226716831,614361946068,189348236179,1115331814962
2157.254989,24307712,99564392448,37.585,46.153,1226887235,614444142809,189373565051,1115554948583
2157.634066,24311040,99578023936,35.960,46.151,1227060885,614530584354,189400130527,1115787467782
2158.016186,24314368,99591655424,35.673,46.150,1227231619,614612360355,189425433359,1116030792555
2158.376240,24317696,99605286912,37.860,46.148,1227410444,614699029350,189451923826,1116244834272
2158.725524,24321024,99618918400,39.027,46.147,1227572549,614779285948,189476519215,1116458461443
2159.079267,24324352,99632549888,38.535,46.146,1227737995,614861277958,189501787144,1116673179869
2159.456872,24327680,99646181376,36.100,46.144,1227913990,614942814477,189526882477,1116912396090
2159.840340,24331008,99659812864,35.548,46.142,1228087316,615026385612,189552698374,1117154285233
2160.215587,24334336,99673444352,36.327,46.141,1228257822,615110404954,189578580495,1117387129991
2160.619456,24337664,99687075840,33.752,46.138,1228428523,615195795136,189604988126,1117646129700
2160.942320,24340992,99700707328,42.220,46.138,1228599980,615277333399,189630022522,1117830799574
2161.292275,24344320,99714338816,38.952,46.136,1228775350,615364273567,189656298980,1118034672633
2161.648311,24347648,99727970304,38.287,46.135,1228944578,615448455234,189682167223,1118248164448
2161.998748,24350976,99741601792,38.899,46.134,1229112169,615532735366,189708015334,1118455839906
2162.358788,24354304,99755233280,37.861,46.133,1229282181,615620734394,189734801297,1118667524348
2162.732198,24357632,99768864768,36.505,46.131,1229495007,615709265092,189762037213,1118891123123
2163.094281,24360960,99782496256,37.647,46.130,1229668785,615791380934,189787339534,1119114085079
2163.460310,24364288,99796127744,37.242,46.128,1229839344,615876480962,189813611715,1119335734641
2163.826268,24367616,99809759232,37.249,46.127,1230011648,615959587265,189839200922,1119560858979
2164.188599,24370944,99823390720,37.622,46.125,1230189630,616043122823,189864983024,1119781741271
2164.576832,24374272,99837022208,35.112,46.123,1230366647,616128188603,189891127554,1120025759514
2164.922989,24377600,99850653696,39.379,46.122,1230541549,616212464650,189917162111,1120228995985
2165.278799,24380928,99864285184,38.311,46.121,1230716808,616295630588,189942713802,1120443960598
2165.634737,24384256,99877916672,38.297,46.119,1230881932,616378863839,189968272722,1120659039399
2165.994281,24387584,99891548160,37.913,46.118,1231057493,616466435565,189995314399,1120870123237
2166.369800,24390912,99905179648,36.300,46.116,1231232390,616554158227,190022213885,1121097496432
2166.728205,24394240,99918811136,38.034,46.115,1231396353,616636039668,190047482381,1121316777295
2167.079364,24397568,99932442624,38.819,46.114,1231575376,616720991048,190073639862,1121524091859
2167.428399,24400896,99946074112,39.055,46.113,1231755307,616803882833,190099288955,1121732311599
2167.790463,24404224,99959705600,37.649,46.111,1231935245,616893238082,190126772206,1121943004950
2168.183516,24407552,99973337088,34.681,46.109,1232108374,616979241017,190153274924,1122190280998
2168.568506,24410880,99986968576,35.407,46.107,1232276505,617067354006,190180309655,1122426101619
2168.960230,24414208,100000600064,34.799,46.105,1232455872,617155646501,190207671792,1122668092311
2169.342515,24417536,100014231552,35.658,46.103,1232633184,617239147838,190233405949,1122908850444
2169.725560,24420864,100027863040,35.587,46.102,1232808588,617321945009,190259001844,1123151278836
2170.096703,24424192,100041494528,36.728,46.100,1232988064,617406984119,190285217903,1123378192306
2170.466596,24427520,100055126016,36.852,46.098,1233148462,617487624247,190310084339,1123611289959
2170.843060,24430848,100068757504,36.209,46.097,1233319206,617569866322,190335547794,1123848183043
2171.227316,24434176,100082388992,35.475,46.095,1233488146,617650640907,190360379841,1124095555003
2171.587875,24437504,100096020480,37.806,46.093,1233658614,617732074100,190385495258,1124318088871
2171.958906,24440832,100109651968,36.740,46.092,1233833715,617817306635,190411833626,1124544736979
2172.320672,24444160,100123283456,37.680,46.090,1234006654,617898971243,190436957802,1124768259490
2172.688949,24447488,100136914944,37.014,46.089,1234183091,617981522416,190462325171,1124996706906
2173.050736,24450816,100150546432,37.678,46.088,1234351932,618068366228,190489181005,1125210935070
2173.419539,24454144,100164177920,36.961,46.086,1234525724,618153486552,190515303302,1125435793963
2173.767891,24457472,100177809408,39.131,46.085,1234697846,618236372806,190540700007,1125643739714
2174.130363,24460800,100191440896,37.607,46.083,1234867720,618319209760,190566145370,1125865796917
2174.493499,24464128,100205072384,37.538,46.082,1235032046,618400529261,190591324230,1126091037086
2174.862367,24467456,100218703872,36.955,46.080,1235197888,618481383903,190616332520,1126322710097
2175.220776,24470784,100232335360,38.033,46.079,1235365773,618563459098,190641675222,1126541825799
2175.589939,24474112,100245966848,36.925,46.078,1235540103,618649844233,190668362406,1126764469781
2175.949968,24477440,100259598336,37.862,46.076,1235712742,618732615776,190693854575,1126984240973
2176.312082,24480768,100273229824,37.644,46.075,1235879893,618816505531,190719817000,1127204001728
2176.661313,24484096,100286861312,39.033,46.074,1236050733,618897964256,190744828597,1127415169778
2177.019199,24487424,100300492800,38.089,46.072,1236223706,618984980657,190771535199,1127625816726
2177.380182,24490752,100314124288,37.762,46.071,1236403958,619067874859,190796981738,1127846500987
2177.756260,24494080,100327755776,36.246,46.069,1236589961,619158741707,190825038300,1128068583887
2178.123788,24497408,100341387264,37.090,46.068,1236764394,619245990898,190851763055,1128288559193
2178.465737,24500736,100355018752,39.864,46.067,1236937032,619327690605,190877024961,1128491986374
2178.815060,24504064,100368650240,39.023,46.066,1237109016,619410950815,190902741500,1128700162241
2179.192793,24507392,100382281728,36.088,46.064,1237299781,619504797179,190931592270,1128918923936
2179.578837,24510720,100395913216,35.311,46.062,1237487754,619597538385,190960031433,1129147953632
2179.938598,24514048,100409544704,37.890,46.061,1237659443,619682571343,190986279344,1129363571446
2180.302124,24517376,100423176192,37.498,46.059,1237835255,619774030724,191014070941,1129573306231
2180.661877,24520704,100436807680,37.891,46.058,1238016093,619858923655,191040054966,1129789193880
2181.010691,24524032,100450439168,39.080,46.057,1238189606,619942161286,191065819048,1129996887902
2181.416602,24527360,100464070656,33.582,46.055,1238364722,620034015718,191094237788,1130246946456
2181.800139,24530688,100477702144,35.542,46.053,1238536280,620116619620,191119579082,1130490620251
2182.179662,24534016,100491333632,35.917,46.051,1238710033,620202461766,191146113947,1130724690692
2182.558579,24537344,100504965120,35.975,46.049,1238879704,620283313800,191171128077,1130966280308
2182.939215,24540672,100518596608,35.812,46.047,1239051478,620364748859,191195988829,1131209222810
2183.315252,24544000,100532228096,36.250,46.046,1239224656,620447789326,191221540998,1131444405907
2183.685429,24547328,100545859584,36.824,46.044,1239394036,620532059728,191247502745,1131671657526
2184.070138,24550656,100559491072,35.433,46.042,1239571266,620618376300,191274147386,1131909934041
2184.458420,24553984,100573122560,35.107,46.040,1239740923,620703386559,191300251827,1132154209735
2184.816429,24557312,100586754048,38.076,46.039,1239915687,620784559500,191325335541,1132374574386
2185.181119,24560640,100600385536,37.378,46.038,1240104669,620869396084,191351392268,1132595481792
2185.576431,24563968,100614017024,34.483,46.035,1240282954,620958599229,191378748048,1132839765710
2185.926117,24567296,100627648512,38.982,46.034,1240454769,621042103807,191404342535,1133048090557
2186.307411,24570624,100641280000,35.751,46.033,1240627515,621125637884,191429993953,1133288025927
2186.667740,24573952,100654911488,37.831,46.031,1240805621,621207812833,191455559904,1133508721563
2187.033827,24577280,100668542976,37.236,46.030,1240977258,621291778091,191481435876,1133732487825
2187.400248,24580608,100682174464,37.202,46.028,1241154123,621376264591,191507376022,1133955828751
2187.769113,24583936,100695805952,36.955,46.027,1241319051,621464114936,191534286803,1134176069087
2188.144169,24587264,100709437440,36.345,46.025,1241496869,621550293497,191560720356,1134405388180
2188.503361,24590592,100723068928,37.950,46.024,1241666240,621634438971,191586717836,1134621798139
2188.873644,24593920,100736700416,36.814,46.022,1241847576,621720534829,191612935194,1134846698706
2189.240903,24597248,100750331904,37.117,46.021,1242053735,621808904504,191640037699,1135064427677
2189.601136,24600576,100763963392,37.841,46.019,1242254978,621893954638,191666140510,1135280674374
2189.954081,24603904,100777594880,38.622,46.018,1242431853,621979143877,191692308044,1135489284662
2190.295667,24607232,100791226368,39.906,46.017,1242603741,622064295103,191718552588,1135686421451
2190.644317,24610560,100804857856,39.098,46.016,1242774033,622149400435,191744753444,1135890960919
2190.996783,24613888,100818489344,38.675,46.015,1242944870,622232418668,191770286669,1136102897727
2191.347547,24617216,100832120832,38.862,46.014,1243116947,622319792848,191797206646,1136305449463
2191.694423,24620544,100845752320,39.298,46.013,1243286812,622401099640,191822268152,1136514504561
2192.043233,24623872,100859383808,39.080,46.012,1243453075,622483716428,191847796753,1136723105493
2192.391241,24627200,100873015296,39.170,46.010,1243628480,622567265125,191873625318,1136929466884
2192.753562,24630528,100886646784,37.623,46.009,1243803921,622651735679,191899769577,1137148502198
2193.094674,24633856,100900278272,39.962,46.008,1243969907,622733183623,191924700798,1137351833840
2193.445590,24637184,100913909760,38.845,46.007,1244141638,622818860239,191950865998,1137558012341
2193.790480,24640512,100927541248,39.524,46.006,1244312846,622901694193,191976448761,1137762430409
2194.136219,24643840,100941172736,39.427,46.005,1244491200,622985510470,192002253186,1137966229139
2194.520049,24647168,100954804224,35.514,46.003,1244663392,623068030157,192027723702,1138210153901
2194.887760,24650496,100968435712,37.071,46.002,1244837356,623152275098,192053782231,1138434799186
2195.259648,24653824,100982067200,36.655,46.000,1245003316,623233180386,192078757452,1138669288267
2195.642333,24657152,100995698688,35.621,45.998,1245172568,623319450477,192105393754,1138905639811
2196.022299,24660480,101009330176,35.875,45.996,1245342154,623403856985,192131217177,1139142622897
2196.405511,24663808,101022961664,35.572,45.995,1245517063,623488681497,192157312226,1139382171350
2196.785608,24667136,101036593152,35.863,45.993,1245687920,623570891666,192182752027,1139622883136
2197.194692,24670464,101050224640,33.322,45.991,1245889030,623656132983,192208969374,1139887489364
2197.546819,24673792,101063856128,38.712,45.989,1246055216,623737526201,192234094738,1140101662004
2197.923715,24677120,101077487616,36.168,45.988,1246230655,623821903412,192260169999,1140335417143
2198.293132,24680448,101091119104,36.900,45.986,1246404168,623904785712,192285582779,1140564352161
2198.654021,24683776,101104750592,37.772,45.985,1246574822,623986464530,192310774080,1140786707993
2199.029894,24687104,101118382080,36.266,45.983,1246772086,624069621688,192336508620,1141021558344
2199.409177,24690432,101132013568,35.940,45.981,1246946762,624152443049,192361930615,1141260611519
2199.774488,24693760,101145645056,37.315,45.980,1247118079,624236124312,192387675673,1141484160525
2200.141381,24697088,101159276544,37.154,45.979,1247282881,624318386216,192412916876,1141711738919
2200.505224,24700416,101172908032,37.465,45.977,1247448363,624399805857,192438165778,1141937369233
2200.859569,24703744,101186539520,38.470,45.976,1247618873,624482509019,192463795796,1142151389353
2201.223695,24707072,101200171008,37.436,45.975,1247791155,624563609616,192488844790,1142377874316
2201.582799,24710400,101213802496,37.960,45.973,1247969678,624646017646,192514276797,1142597256009
2201.943672,24713728,101227433984,37.774,45.972,1248151715,624730880164,192540241375,1142814751437
2202.305151,24717056,101241065472,37.710,45.970,1248332896,624814460110,192566098237,1143034552579
2202.662476,24720384,101254696960,38.149,45.969,1248548042,624897812850,192591738744,1143250523971
2203.027985,24723712,101268328448,37.295,45.968,1248727699,624987809546,192619414017,1143463514545
2203.381260,24727040,101281959936,38.586,45.967,1248908132,625070645547,192644798379,1143676723121
2203.730369,24730368,101295591424,39.046,45.966,1249089363,625151986151,192669895058,1143887915030
2204.106270,24733696,101309222912,36.264,45.964,1249266004,625237752967,192696301259,1144118231539
2204.467718,24737024,101322854400,37.714,45.963,1249469372,625321598063,192722173108,1144337535625
2204.814869,24740352,101336485888,39.267,45.961,1249648230,625404544902,192747589864,1144544185332
2205.174591,24743680,101350117376,37.895,45.960,1249833490,625490509122,192774067471,1144758331721
2205.530247,24747008,101363748864,38.328,45.959,1250006813,625574177366,192799759127,1144972190457
2205.911178,24750336,101377380352,35.785,45.957,1250226091,625661839571,192826804740,1145204418514
2206.269975,24753664,101391011840,37.992,45.956,1250398966,625749609181,192853775628,1145414799596
2206.618944,24756992,101404643328,39.062,45.955,1250573554,625831631056,192879048129,1145624785182
2206.974689,24760320,101418274816,38.318,45.954,1250752213,625913789875,192904238712,1145841622721
2207.319724,24763648,101431906304,39.508,45.953,1250932066,625995111128,192929212431,1146048892048
2207.717488,24766976,101445537792,34.270,45.950,1251113852,626081873961,192955853491,1146299838886
2208.103536,24770304,101459169280,35.310,45.949,1251287454,626173466921,192984010939,1146530864663
2208.484067,24773632,101472800768,35.822,45.947,1251467114,626258742510,193010090056,1146767124850
2208.871289,24776960,101486432256,35.203,45.945,1251644028,626346468494,193037175386,1147005626788
2209.261221,24780288,101500063744,34.959,45.943,1251810650,626429624392,193062768559,1147254791098
2209.645724,24783616,101513695232,35.452,45.941,1251984225,626519314350,193090489140,1147487125502
2210.002905,24786944,101527326720,38.164,45.940,1252155726,626608508926,193117740550,1147693745984
2210.342489,24790272,101540958208,40.142,45.939,1252322142,626689779208,193142873879,1147895543088
2210.744985,24793600,101554589696,33.867,45.937,1252508030,626785874679,193172475981,1148135113396
2211.113494,24796928,101568221184,36.991,45.935,1252677896,626869600341,193198361232,1148361496417
2211.478383,24800256,101581852672,37.358,45.934,1252851737,626952482087,193223906410,1148586104694
2211.857119,24803584,101595484160,35.992,45.932,1253034213,627052408748,193254355411,1148796336289
2212.215459,24806912,101609115648,38.041,45.931,1253211317,627136649769,193280309913,1149011858613
2212.591820,24810240,101622747136,36.219,45.929,1253384817,627220682713,193306083748,1149246035685
2212.957458,24813568,101636378624,37.281,45.928,1253554769,627303604522,193331639732,1149471088037
2213.341994,24816896,101650010112,35.449,45.926,1253726374,627388397291,193357691398,1149711858140
2213.707803,24820224,101663641600,37.264,45.925,1253899746,627470894040,193383031196,1149937989932
2214.077224,24823552,101677273088,36.900,45.923,1254076101,627557394991,193409699748,1150160657438
2214.451644,24826880,101690904576,36.407,45.921,1254271656,627641629232,193435666920,1150392413576
2214.815914,24830208,101704536064,37.421,45.920,1254451727,627724328076,193461062050,1150616785562
2215.176679,24833536,101718167552,37.785,45.919,1254660620,627807304055,193486502173,1150836864154
2215.535937,24836864,101731799040,37.943,45.917,1254827849,627890329807,193511986834,1151055759635
2215.909956,24840192,101745430528,36.446,45.916,1255013719,627979378448,193539524583,1151278732899
2216.285722,24843520,101759062016,36.276,45.914,1255216635,628067604878,193566652176,1151504970430
2216.649344,24846848,101772693504,37.488,45.913,1255388877,628151984221,193592810419,1151725454413
2217.009966,24850176,101786324992,37.800,45.912,1255603958,628234843946,193618387273,1151945530401
2217.381584,24853504,101799956480,36.681,45.910,1255801399,628321634705,193645136929,1152170232176
2217.742257,24856832,101813587968,37.795,45.909,1255972396,628404491324,193670395557,1152390870066
2218.101675,24860160,101827219456,37.927,45.907,1256147118,628490956215,193697035830,1152603716359
2218.449733,24863488,101840850944,39.164,45.906,1256323410,628572797449,193722242192,1152813094305
2218.805845,24866816,101854482432,38.279,45.905,1256500960,628654555215,193747400615,1153030797532
2219.177629,24870144,101868113920,36.665,45.904,1256685085,628738513766,193773301902,1153260273457
2219.537807,24873472,101881745408,37.847,45.902,1256871922,628822972981,193799404102,1153477111903
2219.887038,24876800,101895376896,39.033,45.901,1257048201,628906203429,193825192037,1153685115461
2220.236206,24880128,101909008384,39.040,45.900,1257223336,628992775212,193851802361,1153887699327
2220.587105,24883456,101922639872,38.847,45.899,1257396313,629077444884,193877700098,1154095414869
2220.978100,24886784,101936271360,34.864,45.897,1257582948,629163464575,193904047146,1154340885242
2221.353904,24890112,101949902848,36.273,45.895,1257756881,629248064284,193930022491,1154573517666
2221.735590,24893440,101963534336,35.714,45.894,1257921429,629329972863,193955322754,1154816376791
2222.123229,24896768,101977165824,35.165,45.892,1258089651,629413012506,193980888840,1155063171357
2222.495246,24900096,101990797312,36.642,45.890,1258284834,629502607793,194008266724,1155283882124
2222.838076,24903424,102004428800,39.762,45.889,1258453618,629586303960,194034021943,1155484865348
2223.209273,24906752,102018060288,36.723,45.888,1258626364,629671253867,194060258481,1155711777487
2223.587723,24910080,102031691776,36.019,45.886,1258792257,629754978168,194086042156,1155948189033
2223.972328,24913408,102045323264,35.443,45.884,1258998029,629839855252,194112010992,1156189408328
2224.346946,24916736,102058954752,36.388,45.883,1259168165,629922729645,194137534281,1156423669812
2224.712937,24920064,102072586240,37.245,45.881,1259338398,630005788283,194163256631,1156648750718
2225.075939,24923392,102086217728,37.552,45.880,1259501321,630087442187,194188456701,1156873204337
2225.440510,24926720,102099849216,37.390,45.878,1259667942,630169361092,194213787840,1157098745356
2225.830134,24930048,102113480704,34.986,45.877,1259842698,630254067208,194239976188,1157344659128
2226.198208,24933376,102127112192,37.035,45.875,1260022039,630343414337,194267549575,1157561308953
2226.564800,24936704,102140743680,37.184,45.874,1260199031,630428427902,194293636384,1157784008969
2226.928012,24940032,102154375168,37.530,45.872,1260366395,630511103890,194319272454,1158006671113
2227.285456,24943360,102168006656,38.136,45.871,1260533330,630591837375,194344286593,1158227189814
2227.658965,24946688,102181638144,36.496,45.870,1260712766,630679466889,194371287393,1158452145904
2228.019147,24950016,102195269632,37.846,45.868,1260884615,630764739781,194397518147,1158667901547
2228.374086,24953344,102208901120,38.405,45.867,1261054971,630848357765,194423391189,1158880727869
2228.733923,24956672,102222532608,37.882,45.866,1261232316,630934168295,194449846636,1159095145955
2229.089520,24960000,102236164096,38.334,45.865,1261412711,631017557864,194475387526,1159309773460
2229.440037,24963328,102249795584,38.890,45.863,1261578514,631097238542,194499951213,1159525294987
2229.796944,24966656,102263427072,38.193,45.862,1261751912,631183249965,194526488758,1159736208648
2230.162974,24969984,102277058560,37.241,45.861,1261932692,631270995615,194553574893,1159953261262
2230.528778,24973312,102290690048,37.264,45.859,1262114381,631355528532,194579632657,1160175479693
2230.890896,24976640,102304321536,37.644,45.858,1262287229,631440108389,194605545294,1160394470061
2231.245161,24979968,102317953024,38.478,45.857,1262464442,631528681490,194632691117,1160598769801
2231.603092,24983296,102331584512,38.084,45.856,1262631664,631610451174,194657889534,1160818071798
2231.947542,24986624,102345216000,39.575,45.855,1262804252,631692580011,194683165374,1161023369206
2232.323215,24989952,102358847488,36.286,45.853,1262977611,631778083267,194709421776,1161254227331
2232.671855,24993280,102372478976,39.099,45.852,1263149777,631862551728,194735282163,1161459974609
2233.028598,24996608,102386110464,38.211,45.851,1263333580,631948287185,194761570862,1161671651018
2233.375497,24999936,102399741952,39.295,45.850,1263512322,632029156793,194786564719,1161881593340
2233.718785,25003264,102413373440,39.709,45.849,1263682222,632111832751,194812052622,1162084585901
2234.102409,25006592,102427004928,35.533,45.847,1263860934,632197874510,194838362876,1162322887071
2234.482056,25009920,102440636416,35.906,45.845,1264041887,632285231374,194865166580,1162554601153
2234.860955,25013248,102454267904,35.977,45.844,1264216258,632369039638,194891104881,1162791042700
2235.251267,25016576,102467899392,34.925,45.842,1264386256,632450504895,194916143746,1163043254866
2235.612432,25019904,102481530880,37.743,45.840,1264555011,632533270795,194941381482,1163264869137
2235.993929,25023232,102495162368,35.732,45.839,1264734687,632622804351,194968994016,1163494535758
2236.368658,25026560,102508793856,36.377,45.837,1264906861,632705932280,194994546229,1163728251462
2236.745850,25029888,102522425344,36.139,45.836,1265106202,632790580302,195020566599,1163961939982
2237.121238,25033216,102536056832,36.313,45.834,1265278050,632871563736,195045474461,1164200046803
2237.500991,25036544,102549688320,35.896,45.832,1265442826,632952876667,195070512766,1164441981992
2237.858675,25039872,102563319808,38.110,45.831,1265616962,633034355043,195095588944,1164661551254
2238.239841,25043200,102576951296,35.763,45.829,1265797237,633122414148,195122724022,1164893410947
2238.603803,25046528,102590582784,37.453,45.828,1265969758,633204598554,195147909681,1165118059120
2238.978804,25049856,102604214272,36.351,45.826,1266141045,633286749027,195173067800,1165354094542
2239.337567,25053184,102617845760,37.996,45.825,1266300438,633369006990,195198249538,1165573637988
2239.699359,25056512,102631477248,37.678,45.824,1266477620,633454097035,195224368915,1165791406732
2240.072180,25059840,102645108736,36.563,45.822,1266656460,633548708829,195253245909,1166004443684
2240.424221,25063168,102658740224,38.721,45.821,1266862658,633633607636,195279429423,1166212539575
2240.785857,25066496,102672371712,37.694,45.820,1267077166,633724146528,195307382514,1166420551709
2241.146875,25069824,102686003200,37.758,45.819,1267243518,633814698864,195335298010,1166628050551
2241.505961,25073152,102699634688,37.962,45.817,1267413611,633898728222,195360939440,1166845179726
2241.878611,25076480,102713266176,36.580,45.816,1267590945,633992243747,195389743645,1167059406541
2242.242565,25079808,102726897664,37.454,45.814,1267763592,634081713571,195417346211,1167271916470
2242.600272,25083136,102740529152,38.108,45.813,1267952004,634169340187,195444196156,1167481656886
2242.944941,25086464,102754160640,39.550,45.812,1268124270,634253010412,195469900505,1167684755603
2243.307267,25089792,102767792128,37.622,45.811,1268300233,634335709411,195495153923,1167907256988
2243.676745,25093120,102781423616,36.894,45.809,1268469879,634416465775,195520008727,1168139871337
2244.052600,25096448,102795055104,36.268,45.808,1268643171,634501572805,195546050327,1168371929883
2244.405574,25099776,102808686592,38.619,45.807,1268822325,634582607745,195570994645,1168587696504
2244.765205,25103104,102822318080,37.904,45.805,1268991871,634667710901,195597125919,1168803338632
2245.119360,25106432,102835949568,38.490,45.804,1269167888,634751475719,195622884504,1169015556380
2245.490312,25109760,102849581056,36.747,45.803,1269345740,634833379184,195648062470,1169247807065
2245.850448,25113088,102863212544,37.851,45.801,1269512271,634915855529,195673566241,1169468088718
2246.223970,25116416,102876844032,36.494,45.800,1269692956,635007370059,195701745361,1169686265591
2246.582010,25119744,102890475520,38.072,45.799,1269862843,635089355716,195726886262,1169905657092
2246.971586,25123072,102904107008,34.991,45.797,1270044385,635175638537,195753486382,1170148965802
2247.311342,25126400,102917738496,40.121,45.796,1270223800,635258165771,195778838554,1170349025450
2247.697560,25129728,102931369984,35.295,45.794,1270392860,635340473962,195804211944,1170595338851
2248.072566,25133056,102945001472,36.350,45.793,1270566309,635426589514,195830822007,1170824216556
2248.465677,25136384,102958632960,34.676,45.791,1270780461,635510520527,195856700061,1171074923620
2248.846872,25139712,102972264448,35.760,45.789,1270961928,635598107014,195883602153,1171307588737
2249.226529,25143040,102985895936,35.905,45.787,1271156633,635683421359,195909782181,1171542562680
2249.609811,25146368,102999527424,35.565,45.786,1271367221,635769822855,195936420805,1171779283411
2249.982470,25149696,103013158912,36.579,45.784,1271539247,635855081625,195962514897,1172007734527
2250.376793,25153024,103026790400,34.569,45.782,1271710790,635941565390,195989062799,1172255601742
2250.748608,25156352,103040421888,36.662,45.781,1271886986,636024679272,196014721151,1172486348788
2251.125477,25159680,103054053376,36.170,45.779,1272065557,636115054266,196042640530,1172709832079
2251.494593,25163008,103067684864,36.930,45.777,1272244924,636201562618,196069201680,1172932585516
2251.856111,25166336,103081316352,37.706,45.776,1272440630,636283891653,196094674811,1173154435130
2252.239869,25169664,103094947840,35.521,45.774,1272612380,636367664115,196120450560,1173396313031
2252.602607,25172992,103108579328,37.579,45.773,1272780535,636451482744,196146156275,1173617064936
2252.965404,25176320,103122210816,37.573,45.772,1272949303,636534665766,196171607210,1173839352419
2253.326962,25179648,103135842304,37.702,45.770,1273123359,636617032991,196196930576,1174061257519
2253.683559,25182976,103149473792,38.227,45.769,1273292669,636700238649,196222428848,1174276875855
2254.060802,25186304,103163105280,36.135,45.768,1273469073,636786556297,196248899974,1174508060395
2254.421992,25189632,103176736768,37.740,45.766,1273650295,636869139577,196274231719,1174729467047
2254.780034,25192960,103190368256,38.072,45.765,1273827781,636950421448,196299285496,1174949698800
2255.142074,25196288,103203999744,37.652,45.764,1274010720,637033663852,196324847590,1175170836515
2255.497925,25199616,103217631232,38.307,45.763,1274175906,637113877761,196349746760,1175390482828
2255.855670,25202944,103231262720,38.104,45.761,1274359442,637197331767,196375449936,1175606656087
2256.210874,25206272,103244894208,38.377,45.760,1274545581,637285979098,196402805862,1175811729987
2256.570519,25209600,103258525696,37.903,45.759,1274718247,637367712651,196427841112,1176032878313
2256.934183,25212928,103272157184,37.484,45.758,1274898435,637451225581,196453896829,1176254675790
2257.298801,25216256,103285788672,37.386,45.756,1275066930,637532815058,196478965756,1176480994948
2257.652062,25219584,103299420160,38.588,45.755,1275242203,637616656010,196504725292,1176692390678
2258.004333,25222912,103313051648,38.696,45.754,1275417351,637702055313,196530807011,1176900713816
2258.361309,25226240,103326683136,38.186,45.753,1275597070,637786544870,196556902426,1177114441212
2258.734033,25229568,103340314624,36.573,45.751,1275772054,637871166307,196583045340,1177343723735
2259.092805,25232896,103353946112,37.995,45.750,1275947308,637958233556,196609805871,1177554814508
2259.454032,25236224,103367577600,37.737,45.749,1276123177,638045328448,196636538128,1177768543236
2259.791147,25239552,103381209088,40.436,45.748,1276294316,638126616386,196661646734,1177967655893
2260.130875,25242880,103394840576,40.125,45.747,1276459359,638208277962,196686793476,1178168890991
2260.476436,25246208,103408472064,39.447,45.746,1276632210,638292760409,196712685392,1178371505084
2260.861393,25249536,103422103552,35.410,45.745,1276802903,638374767847,196737865099,1178617634059
2261.237228,25252864,103435735040,36.270,45.743,1276973436,638455971513,196762946999,1178855684219
2261.617811,25256192,103449366528,35.817,45.741,1277142781,638538981504,196788502718,1179095475001
2262.007430,25259520,103462998016,34.987,45.739,1277320734,638625266875,196815000751,1179339159616
2262.391465,25262848,103476629504,35.495,45.738,1277492165,638709700443,196840932768,1179580205902
2262.759686,25266176,103490260992,37.020,45.736,1277659645,638792314835,196866408525,1179808306601
2263.138987,25269504,103503892480,35.938,45.735,1277829003,638875843021,196892209973,1180045960645
2263.520976,25272832,103517523968,35.686,45.733,1277998217,638958373511,196917931592,1180287817680
2263.907552,25276160,103531155456,35.262,45.731,1278174039,639042432230,196943813918,1180531993230
2264.267663,25279488,103544786944,37.854,45.730,1278344619,639124110341,196969121251,1180753423494
2264.638722,25282816,103558418432,36.737,45.728,1278522336,639209811749,196995698761,1180979123958
2265.005013,25286144,103572049920,37.215,45.727,1278688694,639292016661,197020878916,1181206217638
2265.379052,25289472,103585681408,36.444,45.726,1278861747,639374243739,197046134543,1181441106329
2265.744599,25292800,103599312896,37.291,45.724,1279034247,639457618602,197071729275,1181665290452
2266.111754,25296128,103612944384,37.127,45.723,1279220254,639542362540,197097907513,1181888813384
2266.467303,25299456,103626575872,38.339,45.722,1279394423,639623740287,197122907820,1182106591546
2266.833197,25302784,103640207360,37.255,45.720,1279571932,639708662555,197148984653,1182328711330
2267.198332,25306112,103653838848,37.333,45.719,1279735051,639793221674,197175097056,1182550325840
2267.568743,25309440,103667470336,36.801,45.717,1279906019,639878726196,197201529458,1182775696645
2267.931013,25312768,103681101824,37.628,45.716,1280084396,639961669570,197227240112,1182997247485
2268.282949,25316096,103694733312,38.733,45.715,1280261698,640044693630,197252614968,1183208794066
2268.652202,25319424,103708364800,36.916,45.714,1280437515,640128451277,197278324458,1183436130928
2269.009940,25322752,103721996288,38.105,45.712,1280615594,640217092068,197305683360,1183643722385
2269.400211,25326080,103735627776,34.928,45.711,1280804765,640320490587,197337562417,1183858659377
2269.756281,25329408,103749259264,38.283,45.709,1280976698,640406513419,197364056741,1184068793437
2270.130653,25332736,103762890752,36.412,45.708,1281158022,640498029130,197392331663,1184287899531
2270.506220,25336064,103776522240,36.296,45.706,1281342657,640587072412,197419733923,1184512699146
2270.865326,25339392,103790153728,37.960,45.705,1281521152,640674866212,197446712177,1184723110389
2271.230041,25342720,103803785216,37.376,45.704,1281695027,640767613876,197475217935,1184930861154
2271.584930,25346048,103817416704,38.411,45.703,1281867855,640853799939,197501644926,1185139794374
2271.955338,25349376,103831048192,36.801,45.701,1282050664,640939867460,197527982447,1185364750942
2272.310363,25352704,103844679680,38.396,45.700,1282223520,641021182538,197553006667,1185581869850
2272.683566,25356032,103858311168,36.526,45.699,1282402675,641103915548,197578337050,1185815141083
2273.026933,25359360,103871942656,39.699,45.698,1282583980,641190141058,197604932311,1186012276331
2273.332656,25362688,103885574144,44.588,45.697,1282757318,641274273072,197630860417,1186175458589
2273.696857,25366016,103899205632,37.429,45.696,1282925890,641355545024,197656058302,1186401787631
2274.085153,25369344,103912837120,35.106,45.694,1283105880,641441588622,197682717058,1186643976115
2274.467883,25372672,103926468608,35.616,45.693,1283283534,641524634327,197708170582,1186886040903
2274.854317,25376000,103940100096,35.275,45.691,1283468316,641611816279,197734904450,1187124772948
2275.236693,25379328,103953731584,35.649,45.689,1283651854,641698307755,197761349775,1187360886195
2275.609397,25382656,103967363072,36.575,45.688,1283823526,641782780653,197787296300,1187590757419
2275.984577,25385984,103980994560,36.333,45.686,1284002535,641869473406,197813922778,1187819242221
2276.368418,25389312,103994626048,35.513,45.684,1284181648,641955865204,197840494005,1188056782503
2276.751371,25392640,104008257536,35.596,45.683,1284350319,642038665959,197865826980,1188299630824
2277.146327,25395968,104021889024,34.514,45.681,1284575387,642126639846,197892792491,1188545677301
2277.519892,25399296,104035520512,36.490,45.679,1284743772,642212286714,197918994283,1188774775850
2277.887549,25402624,104049152000,37.077,45.678,1284918174,642294945424,197944551417,1189002183367
2278.254507,25405952,104062783488,37.147,45.677,1285090568,642377258837,197969902573,1189229517327
2278.629215,25409280,104076414976,36.379,45.675,1285314384,642459470600,197995171882,1189464940096
2278.987623,25412608,104090046464,38.033,45.674,1285482952,642541168205,198020292469,1189684869637
2279.357309,25415936,104103677952,36.873,45.672,1285656293,642628349919,198046922350,1189907300520
2279.721818,25419264,104117309440,37.397,45.671,1285825668,642710184648,198072225496,1190132697237
2280.089535,25422592,104130940928,37.071,45.670,1286002738,642796345089,198098843772,1190354150776
2280.445191,25425920,104144572416,38.328,45.669,1286171017,642878859374,198124230158,1190569953666
2280.811768,25429248,104158203904,37.186,45.667,1286344241,642962897199,198150095158,1190793944830
2281.183045,25432576,104171835392,36.715,45.666,1286548917,643051381180,198177407712,1191015173298
2281.538957,25435904,104185466880,38.300,45.665,1286726713,643134371143,198202694436,1191230848031
2281.906666,25439232,104199098368,37.071,45.663,1286916064,643219820353,198228995191,1191453951186
2282.273115,25442560,104212729856,37.199,45.662,1287098224,643313288538,198257626698,1191662393874
2282.628495,25445888,104226361344,38.358,45.661,1287274372,643397440733,198283488097,1191875141253
2282.983854,25449216,104239992832,38.360,45.660,1287452745,643483936202,198309996629,1192084317277
2283.357277,25452544,104253624320,36.504,45.658,1287636086,643575753195,198338070548,1192302661478
2283.722972,25455872,104267255808,37.276,45.657,1287806328,643658513554,198363556833,1192528181364
2284.076467,25459200,104280887296,38.562,45.656,1287984653,643744736276,198389945079,1192735998398
2284.427317,25462528,104294518784,38.853,45.655,1288155397,643827621175,198415402768,1192946753726
2284.778083,25465856,104308150272,38.862,45.654,1288325921,643908394644,198440254970,1193160812929
2285.154992,25469184,104321781760,36.167,45.652,1288511027,643996185082,198467095284,1193389276528
2285.508717,25472512,104335413248,38.537,45.651,1288677002,644076432585,198491853295,1193607119280
2285.842050,25475840,104349044736,40.894,45.650,1288851400,644159754828,198517561411,1193799228978
2286.179544,25479168,104362676224,40.390,45.649,1289024300,644247874017,198544779941,1193987310666
2286.524840,25482496,104376307712,39.478,45.648,1289198226,644331311711,198570354744,1194191608082
2286.893463,25485824,104389939200,36.979,45.647,1289386109,644413093830,198595511089,1194421530856
2287.283543,25489152,104403570688,34.945,45.645,1289562116,644496795197,198621304751,1194669717958
2287.656082,25492480,104417202176,36.591,45.644,1289726302,644578078363,198646307143,1194904503983
2288.038955,25495808,104430833664,35.603,45.642,1289894680,644660258157,198671619578,1195147800977
2288.418958,25499136,104444465152,35.872,45.640,1290068438,644744592989,198697663331,1195384558925
2288.795770,25502464,104458096640,36.176,45.639,1290237272,644827751751,198723178359,1195620658605
2289.179455,25505792,104471728128,35.528,45.637,1290437756,644914274100,198749963003,1195857469951
2289.543250,25509120,104485359616,37.470,45.636,1290602955,644996717206,198775345613,1196081443980
2289.925465,25512448,104498991104,35.664,45.634,1290774543,645085485277,198802611644,1196313270540
2290.323021,25515776,104512622592,34.288,45.632,1290955549,645172115588,198829536703,1196563857364
2290.684567,25519104,104526254080,37.703,45.631,1291133954,645254854389,198854982976,1196785279312
2291.062872,25522432,104539885568,36.033,45.629,1291315921,645345883799,198883152817,1197009015370
2291.420830,25525760,104553517056,38.081,45.628,1291485131,645427174670,198908074545,1197229272567
2291.804812,25529088,104567148544,35.500,45.627,1291656947,645513735797,198934722580,1197466412822
2292.165988,25532416,104580780032,37.742,45.625,1291836766,645595241647,198959827898,1197689104990
2292.531184,25535744,104594411520,37.327,45.624,1292008581,645676826725,198984955145,1197916051414
2292.886298,25539072,104608043008,38.386,45.623,1292172762,645757225561,199009793704,1198134678216
2293.248702,25542400,104621674496,37.614,45.622,1292349233,645840766142,199035514473,1198355457231
2293.611114,25545728,104635305984,37.613,45.620,1292518293,645922321125,199060680861,1198579647553
2293.973983,25549056,104648937472,37.566,45.619,1292697031,646005893978,199086369674,1198800690087
2294.333144,25552384,104662568960,37.954,45.618,1292870200,646088450356,199111580794,1199020367998
2294.702284,25555712,104676200448,36.928,45.616,1293037376,646170446172,199136856874,1199250232947
2295.068896,25559040,104689831936,37.182,45.615,1293202705,646253089137,199162523700,1199476623629
2295.428604,25562368,104703463424,37.896,45.614,1293372048,646337475833,199188667485,1199693305336
2295.772742,25565696,104717094912,39.611,45.613,1293538761,646419283250,199214000157,1199898671666
2296.117104,25569024,104730726400,39.585,45.612,1293708800,646505858326,199240722124,1200096201082
2296.465611,25572352,104744357888,39.114,45.611,1293869232,646588147769,199266049810,1200305040233
2296.826078,25575680,104757989376,37.816,45.610,1294037370,646670074850,199291290438,1200526598069
2297.174101,25579008,104771620864,39.168,45.609,1294214261,646754945040,199317440450,1200730822771
2297.519946,25582336,104785252352,39.415,45.608,1294385932,646837833020,199342983231,1200936222505
2297.872180,25585664,104798883840,38.700,45.607,1294554238,646922052407,199369020063,1201145573995
2298.256641,25588992,104812515328,35.456,45.605,1294767047,647006619164,199395109354,1201386646097
2298.594845,25592320,104826146816,40.306,45.604,1294941564,647088617383,199420336595,1201585922844
2298.946858,25595648,104839778304,38.724,45.603,1295110400,647171189035,199445744243,1201798070319
2299.299314,25598976,104853409792,38.676,45.602,1295328565,647255823986,199471846795,1202007051466
2299.667379,25602304,104867041280,37.036,45.601,1295504300,647352624468,199501597437,1202211128391
2300.044722,25605632,104880672768,36.125,45.599,1295685745,647442493831,199529135601,1202436545923
2300.434030,25608960,104894304256,35.015,45.598,1295861090,647529279702,199555887209,1202678767051
2300.821361,25612288,104907935744,35.193,45.596,1296035509,647620457230,199583955775,1202911584599
2301.210634,25615616,104921567232,35.018,45.594,1296214088,647710071561,199611534565,1203148863098
2301.589011,25618944,104935198720,36.026,45.593,1296391115,647797630268,199638592648,1203378798594
2301.973934,25622272,104948830208,35.414,45.591,1296557755,647885467955,199665491160,1203615196627
2302.340770,25625600,104962461696,37.160,45.589,1296752643,647966948224,199690567115,1203843879309
2302.709759,25628928,104976093184,36.943,45.588,1296918071,648049212878,199715904885,1204073514231
2303.097867,25632256,104989724672,35.123,45.586,1297093696,648136857173,199742699513,1204313433520
2303.475562,25635584,105003356160,36.091,45.585,1297283949,648221152243,199768520755,1204548294601
2303.832737,25638912,105016987648,38.165,45.584,1297458120,648306767846,199795050829,1204760255363
2304.184597,25642240,105030619136,38.741,45.583,1297625085,648389911593,199820505650,1204971396942
2304.545289,25645568,105044250624,37.793,45.581,1297802165,648472251880,199845884598,1205192446083
2304.917170,25648896,105057882112,36.655,45.580,1297975575,648554248559,199871006262,1205425553588
2305.289230,25652224,105071513600,36.638,45.578,1298147119,648639992845,199897179525,1205652556718
2305.646607,25655552,105085145088,38.143,45.577,1298311388,648722353175,199922478723,1205870256453
2306.004920,25658880,105098776576,38.044,45.576,1298487389,648807918528,199948962497,1206083347917
2306.365445,25662208,105112408064,37.810,45.575,1298651506,648892692585,199975119730,1206300316209
2306.726290,25665536,105126039552,37.777,45.574,1298822705,648973037112,199999865419,1206524937593
2307.109023,25668864,105139671040,35.616,45.572,1299053113,649060699792,200026889803,1206758933041
2307.472599,25672192,105153302528,37.493,45.571,1299228704,649143329141,200052409150,1206982520164
2307.834968,25675520,105166934016,37.618,45.570,1299406769,649227252215,200078217225,1207202710864
2308.206674,25678848,105180565504,36.673,45.568,1299584216,649314867949,200105161534,1207426133392
2308.575511,25682176,105194196992,36.958,45.567,1299764023,649400315603,200131541801,1207650115946
2308.932867,25685504,105207828480,38.145,45.566,1299941574,649484191539,200157363110,1207865255934
2309.291472,25688832,105221459968,38.013,45.564,1300106662,649567897253,200183137627,1208081836497
2309.656295,25692160,105235091456,37.365,45.563,1300281165,649650551186,200208691218,1208306494918
2310.050211,25695488,105248722944,34.605,45.561,1300460061,649736414404,200235226362,1208554536943
2310.385640,25698816,105262354432,40.639,45.561,1300626763,649817700976,200260315469,1208752072510
2310.715888,25702144,105275985920,41.276,45.560,1300796803,649899887337,200285653185,1208942994028
2311.079470,25705472,105289617408,37.492,45.559,1300995498,649996638192,200315474855,1209142328946
2311.434947,25708800,105303248896,38.347,45.558,1301165029,650083375734,200342125707,1209351009299
2311.790513,25712128,105316880384,38.337,45.556,1301329166,650163754043,200366912024,1209570270922
2312.153190,25715456,105330511872,37.586,45.555,1301505435,650251736276,200394023068,1209783514118
2312.512482,25718784,105344143360,37.940,45.554,1301697865,650337874086,200420561979,1209996878908
2312.872664,25722112,105357774848,37.846,45.553,1301865037,650421420118,200446430084,1210215309220
2313.261575,25725440,105371406336,35.050,45.551,1302041641,650512037227,200474257275,1210450907839
2313.647528,25728768,105385037824,35.319,45.549,1302205563,650592369671,200498922907,1210700826567
2314.032107,25732096,105398669312,35.445,45.548,1302372425,650676284093,200524658145,1210943473575
2314.421054,25735424,105412300800,35.047,45.546,1302544056,650759047441,200550132554,1211192071382
2314.806517,25738752,105425932288,35.364,45.544,1302721730,650841467242,200575553261,1211437957719
2315.190593,25742080,105439563776,35.492,45.542,1302940763,650928771833,200602582773,1211673646686
2315.565478,25745408,105453195264,36.362,45.541,1303116362,651013381055,200628732344,1211904792476
2315.948127,25748736,105466826752,35.624,45.539,1303293323,651104093510,200656518794,1212133839348
2316.327536,25752064,105480458240,35.928,45.538,1303507706,651192809344,200683941796,1212362874257
2316.712272,25755392,105494089728,35.431,45.536,1303679105,651274363071,200709101824,1212609305807
2317.081494,25758720,105507721216,36.919,45.535,1303858409,651357221763,200734744313,1212838128755
2317.448462,25762048,105521352704,37.146,45.533,1304026154,651442026164,200760796054,1213061354937
2317.819288,25765376,105534984192,36.760,45.532,1304224279,651525751374,200786571896,1213290307903
2318.195599,25768704,105548615680,36.224,45.531,1304400183,651610132697,200812453964,1213523711819
2318.567875,25772032,105562247168,36.617,45.529,1304611380,651693437146,200838188253,1213754801888
2318.934994,25775360,105575878656,37.131,45.528,1304794478,651777864011,200864189490,1213978711359
2319.301825,25778688,105589510144,37.160,45.526,1304967457,651863512185,200890336557,1214200866362
2319.668789,25782016,105603141632,37.147,45.525,1305138371,651948550103,200916630194,1214423424869
2320.029933,25785344,105616773120,37.745,45.524,1305314088,652033503014,200942722393,1214640791667
2320.393627,25788672,105630404608,37.481,45.523,1305488871,652117174165,200968623911,1214862635926
2320.756205,25792000,105644036096,37.596,45.521,1305674800,652200819693,200994675984,1215082999431
2321.112398,25795328,105657667584,38.270,45.520,1305853466,652286197533,201021003717,1215294649152
2321.480462,25798656,105671299072,37.036,45.519,1306024810,652370240482,201046874042,1215520374047
2321.833864,25801984,105684930560,38.572,45.518,1306217011,652454404046,201072616609,1215731233317
2322.192825,25805312,105698562048,37.975,45.517,1306400690,652541801909,201099157076,1215942825737
2322.544234,25808640,105712193536,38.791,45.516,1306572814,652628295280,201125828012,1216147539223
2322.893253,25811968,105725825024,39.057,45.515,1306740437,652711301746,201151401095,1216355885840
2323.239824,25815296,105739456512,39.333,45.514,1306915755,652795023666,201177251714,1216560376364
2323.597925,25818624,105753088000,38.066,45.513,1307096367,652881511385,201203936686,1216771781188
2323.948509,25821952,105766719488,38.882,45.512,1307307539,652964483817,201229698699,1216981334070
2324.295500,25825280,105780350976,39.285,45.511,1307483507,653045781927,201254757747,1217190436203
2324.655283,25828608,105793982464,37.888,45.510,1307656438,653129803256,201280693730,1217407862107
2325.016298,25831936,105807613952,37.759,45.508,1307826784,653209949903,201305416427,1217632935514
2325.358598,25835264,105821245440,39.823,45.507,1308032036,653292985603,201330930278,1217834432827
2325.719414,25838592,105834876928,37.780,45.506,1308207887,653380873854,201358064036,1218046126548
2326.068352,25841920,105848508416,39.066,45.505,1308403165,653467869032,201384798963,1218247815664
2326.425654,25845248,105862139904,38.151,45.504,1308611762,653555080128,201411555870,1218457433817
2326.805441,25848576,105875771392,35.892,45.503,1308785181,653639339346,201437533921,1218694423861
2327.187069,25851904,105889402880,35.719,45.501,1308968732,653721680487,201462895926,1218936144596
2327.577373,25855232,105903034368,34.925,45.499,1309143565,653803871147,201488101344,1219187432313
2327.951603,25858560,105916665856,36.425,45.498,1309305178,653884112804,201512809818,1219425574382
2328.334948,25861888,105930297344,35.559,45.496,1309481094,653969898925,201539120460,1219663590108
2328.715340,25865216,105943928832,35.835,45.495,1309646660,654057242873,201566202621,1219895576968
2329.107671,25868544,105957560320,34.745,45.493,1309826737,654147208958,201593769796,1220135729028
2329.492521,25871872,105971191808,35.420,45.491,1309998562,654228982085,201618786233,1220382172713
2329.907108,25875200,105984823296,32.880,45.489,1310204558,654328491193,201649278580,1220628418540
2330.292106,25878528,105998454784,35.407,45.487,1310384228,654418586402,201677195513,1220860361860
2330.685707,25881856,106012086272,34.633,45.485,1310569688,654513560994,201706548546,1221092899889
2331.068789,25885184,106025717760,35.584,45.484,1310740497,654603623709,201734339875,1221323238877
2331.449938,25888512,106039349248,35.764,45.482,1310905855,654687139557,201760078236,1221562823368
2331.859328,25891840,106052980736,33.297,45.480,1311093380,654787085711,201790704998,1221803097647
2332.229199,25895168,106066612224,36.855,45.479,1311263380,654870253786,201816412142,1222031878049
2332.593263,25898496,106080243712,37.443,45.477,1311427121,654950591328,201841281897,1222259764179
2332.954576,25901824,106093875200,37.728,45.476,1311603765,655033161205,201866751825,1222480991834
2333.323502,25905152,106107506688,36.949,45.475,1311780792,655119174981,201893119683,1222704506284
2333.705292,25908480,106121138176,35.704,45.473,1311957829,655203224377,201919077648,1222943710581
2334.071189,25911808,106134769664,37.255,45.472,1312133238,655288299006,201944993081,1223165822560
2334.432549,25915136,106148401152,37.723,45.471,1312315451,655373089999,201970921736,1223383740189
2334.782178,25918464,106162032640,38.988,45.470,1312493988,655454774548,201995981163,1223595123743
2335.131553,25921792,106175664128,39.017,45.469,1312669774,655541802486,202022930192,1223796935039
2335.473504,25925120,106189295616,39.864,45.468,1312839851,655627064780,202049117238,1223994453552
2335.821078,25928448,106202927104,39.219,45.467,1313012091,655710600832,202074740578,1224200571463
2336.189828,25931776,106216558592,36.967,45.466,1313188034,655798858207,202101952490,1224419639873
2336.571071,25935104,106230190080,35.755,45.464,1313363512,655882426888,202127507464,1224659623864
2336.909145,25938432,106243821568,40.321,45.463,1313539797,655964721711,202152758271,1224858429026
2337.269842,25941760,106257453056,37.792,45.462,1313754001,656052005961,202179338599,1225071825292
2337.624432,25945088,106271084544,38.443,45.461,1313968132,656134465783,202204764043,1225286411282
2337.989457,25948416,106284716032,37.344,45.460,1314150059,656220733012,202231387145,1225505253024
2338.355331,25951744,106298347520,37.257,45.459,1314329203,656303040592,202256656612,1225731596444
2338.702656,25955072,106311979008,39.247,45.458,1314504625,656386308312,202282290895,1225937913690
2339.058584,25958400,106325610496,38.299,45.457,1314688208,656471921023,202308514010,1226149322295
2339.404734,25961728,106339241984,39.380,45.456,1314861849,656553822177,202333605606,1226356833787
2339.757184,25965056,106352873472,38.676,45.455,1315035012,656637240651,202359325718,1226567958989
2340.154039,25968384,106366504960,34.349,45.453,1315207705,656723579276,202385902758,1226818410943
2340.539509,25971712,106380136448,35.363,45.451,1315389466,656809016427,202412203734,1227059012053
2340.916801,25975040,106393767936,36.130,45.450,1315566682,656890609534,202437392832,1227297885596
2341.297526,25978368,106407399424,35.804,45.448,1315745016,656978139603,202464244165,1227530257104
2341.677122,25981696,106421030912,35.911,45.447,1315916991,657059048671,202489496007,1227772361262
2342.056135,25985024,106434662400,35.966,45.445,1316093410,657144597307,202515818313,1228006478816
2342.426837,25988352,106448293888,36.772,45.444,1316266737,657228783027,202541605805,1228234573666
2342.807204,25991680,106461925376,35.838,45.442,1316436208,657310420483,202566600152,1228476803549
2343.204378,25995008,106475556864,34.321,45.440,1316622522,657396853282,202593266334,1228727583846
2343.573969,25998336,106489188352,36.883,45.439,1316808829,657481828280,202619340290,1228953232693
2343.939167,26001664,106502819840,37.326,45.438,1316987462,657564970244,202645022148,1229177302894
2344.310748,26004992,106516451328,36.685,45.436,1317169638,657651832911,202671711690,1229401762719
2344.680227,26008320,106530082816,36.894,45.435,1317344296,657731755575,202696226284,1229635897518
2345.051392,26011648,106543714304,36.726,45.433,1317520091,657813235317,202721334381,1229868929934
2345.404283,26014976,106557345792,38.628,45.432,1317694973,657896276571,202746870491,1230081097277
2345.754584,26018304,106570977280,38.914,45.431,1317863044,657978407243,202772311529,1230291863472
2346.110749,26021632,106584608768,38.273,45.430,1318032445,658064259801,202798678531,1230502521116
2346.473675,26024960,106598240256,37.560,45.429,1318211320,658149514052,202824990753,1230720812023
2346.834411,26028288,106611871744,37.788,45.428,1318386392,658230364753,202850055934,1230944228537
2347.202492,26031616,106625503232,37.034,45.427,1318571252,658319436395,202877451745,1231161442520
2347.577062,26034944,106639134720,36.392,45.425,1318748804,658401500902,202902700626,1231396906156
2347.928945,26038272,106652766208,38.739,45.424,1318919843,658487545308,202929293663,1231602674099
2348.290849,26041600,106666397696,37.666,45.423,1319092691,658572217162,202955387112,1231821146408
2348.644089,26044928,106680029184,38.590,45.422,1319267089,658654063885,202980730519,1232035472710
2348.994472,26048256,106693660672,38.905,45.421,1319439916,658738585311,203006839094,1232242465412
2349.356656,26051584,106707292160,37.637,45.420,1319616792,658823860182,203032960608,1232460280319
2349.738260,26054912,106720923648,35.722,45.418,1319788695,658910475668,203059638693,1232694931309
2350.093895,26058240,106734555136,38.330,45.417,1319969657,658994832939,203085684665,1232907471591
2350.454868,26061568,106748186624,37.763,45.416,1320150676,659078918079,203111491754,1233126024104
2350.805153,26064896,106761818112,38.915,45.415,1320322019,659164757434,203137869905,1233330874712
2351.166685,26068224,106775449600,37.705,45.414,1320494556,659251460776,203164433288,1233545738617
2351.536094,26071552,106789081088,36.901,45.412,1320679081,659336370065,203190468123,1233771520055
2351.887579,26074880,106802712576,38.783,45.411,1320859231,659420169027,203216312934,1233980712236
2352.242426,26078208,106816344064,38.415,45.410,1321030599,659505526775,203242778819,1234190631530
2352.593005,26081536,106829975552,38.883,45.409,1321202264,659589262302,203268397164,1234399591964
2352.943699,26084864,106843607040,38.870,45.408,1321382336,659673664249,203294449004,1234607185234
2353.337332,26088192,106857238528,34.630,45.407,1321557807,659756950556,203320255604,1234859522620
2353.730381,26091520,106870870016,34.681,45.405,1321737991,659844436589,203347205526,1235104255054
2354.116865,26094848,106884501504,35.271,45.403,1321914968,659930468201,203373708918,1235344970899
2354.501577,26098176,106898132992,35.433,45.402,1322082179,660012631711,203398934687,1235590828396
2354.887527,26101504,106911764480,35.319,45.400,1322251757,660096253552,203424515875,1235835420944
2355.263594,26104832,106925395968,36.248,45.398,1322428840,660181522328,203450842888,1236066779183
2355.641522,26108160,106939027456,36.069,45.397,1322603495,660262693675,203475752265,1236306988054
2356.023876,26111488,106952658944,35.651,45.395,1322769459,660347144185,203501759666,1236546453263
2356.408674,26114816,106966290432,35.425,45.394,1322943601,660431845622,203527767122,1236787781888
2356.792461,26118144,106979921920,35.518,45.392,1323119479,660517749903,203554155884,1237025920425
2357.146987,26121472,106993553408,38.450,45.391,1323287775,660599203234,203579370200,1237242155647
2357.503372,26124800,107007184896,38.249,45.390,1323461726,660681381962,203604754744,1237459176860
2357.862369,26128128,107020816384,37.971,45.389,1323631178,660763676210,203630081939,1237678860955
2358.235001,26131456,107034447872,36.582,45.388,1323800636,660845082514,203655137461,1237913649832
2358.594859,26134784,107048079360,37.880,45.386,1323973161,660928515302,203680882945,1238132054017
2358.956579,26138112,107061710848,37.685,45.385,1324142799,661010511139,203706212425,1238354649711
2359.358626,26141440,107075342336,33.905,45.383,1324324128,661104998660,203735305926,1238596627825
2359.704045,26144768,107088973824,39.464,45.382,1324496825,661189113917,203761223704,1238799494122
2360.079652,26148096,107102605312,36.292,45.381,1324680362,661279751637,203789303907,1239021017913
2360.429083,26151424,107116236800,39.011,45.380,1324853533,661358647885,203813676349,1239236626580
2360.784172,26154752,107129868288,38.389,45.379,1325034036,661440403647,203838871901,1239453177478
2361.157776,26158080,107143499776,36.486,45.378,1325213102,661530728696,203866688202,1239673538338
2361.521519,26161408,107157131264,37.476,45.376,1325388550,661618461155,203893694707,1239888424886
2361.861964,26164736,107170762752,40.040,45.376,1325561780,661701453953,203919290446,1240088179594
2362.213234,26168064,107184394240,38.806,45.375,1325737899,661785605429,203945184320,1240296952075
2362.577399,26171392,107198025728,37.432,45.373,1325913985,661870733541,203971793820,1240516192539
2362.938521,26174720,107211657216,37.748,45.372,1326089301,661955309046,203997822869,1240733970803
2363.296726,26178048,107225288704,38.055,45.371,1326260284,662035082204,204022548142,1240956923581
2363.652492,26181376,107238920192,38.316,45.370,1326438063,662116815193,204047642157,1241174116185
2364.013023,26184704,107252551680,37.809,45.369,1326610835,662203295876,204074341780,1241388000172
2364.372207,26188032,107266183168,37.951,45.368,1326783774,662286384327,204099941484,1241606335566
2364.738029,26191360,107279814656,37.263,45.366,1326954271,662368178547,204125092579,1241833609971
2365.094647,26194688,107293446144,38.224,45.365,1327131966,662451462975,204150713166,1242049171189
2365.460475,26198016,107307077632,37.262,45.364,1327303148,662535292969,204176431765,1242273032190
2365.825153,26201344,107320709120,37.380,45.363,1327484341,662621592824,204202947838,1242491716689
2366.190385,26204672,107334340608,37.323,45.362,1327656250,662709943317,204230291670,1242707137857
2366.589788,26208000,107347972096,34.130,45.360,1327871799,662790812388,204255299145,1242969296328
2366.977002,26211328,107361603584,35.204,45.358,1328045107,662873798294,204280854425,1243216043989
2367.359406,26214656,107375235072,35.647,45.357,1328219994,662955826813,204306178026,1243459209862
2367.740492,26217984,107388866560,35.770,45.355,1328385170,663035872122,204330821464,1243704589304
2368.121444,26221312,107402498048,35.783,45.353,1328552775,663119069761,204356491516,1243944353935
2368.503322,26224640,107416129536,35.696,45.352,1328725177,663202195531,204382065690,1244185418045
2368.875732,26227968,107429761024,36.603,45.351,1328899393,663287789801,204408187014,1244412896256
2369.260732,26231296,107443392512,35.407,45.349,1329078113,663375431253,204435115226,1244649514283
2369.656114,26234624,107457024000,34.477,45.347,1329249310,663458838878,204460903740,1244903340026
2370.023596,26237952,107470655488,37.094,45.346,1329413407,663541531013,204486558722,1245130399372
2370.395884,26241280,107484286976,36.615,45.344,1329602390,663628462770,204513194639,1245355557157
2370.759936,26244608,107497918464,37.444,45.343,1329773617,663710517631,204538457218,1245580333587
2371.126222,26247936,107511549952,37.216,45.342,1329943843,663794113860,204564139042,1245805049365
2371.523088,26251264,107525181440,34.348,45.340,1330119501,663879352793,204590449343,1246057427360
2371.857485,26254592,107538812928,40.764,45.339,1330287710,663961703672,204615838655,1246252130575
2372.212341,26257920,107552444416,38.414,45.338,1330452541,664048899795,204642116983,1246460756310
2372.575661,26261248,107566075904,37.519,45.337,1330626601,664133212335,204667856146,1246681539584
2372.934442,26264576,107579707392,37.994,45.336,1330794297,664214279840,204692847437,1246902726294
2373.309886,26267904,107593338880,36.308,45.335,1330972927,664304623718,204720545438,1247125233245
2373.685408,26271232,107606970368,36.300,45.333,1331153634,664396408942,204748767784,1247345359936
2374.040724,26274560,107620601856,38.364,45.332,1331328934,664477908420,204773988613,1247562373061
2374.400578,26277888,107634233344,37.881,45.331,1331497042,664559983439,204799213252,1247783287239
2374.761803,26281216,107647864832,37.737,45.330,1331667690,664640004774,204823953635,1248008738900
2375.120841,26284544,107661496320,37.967,45.329,1331846007,664724340886,204849979768,1248224750329
2375.474747,26287872,107675127808,38.517,45.328,1332028386,664810553299,204876586521,1248432506675
2375.829357,26291200,107688759296,38.441,45.327,1332206036,664892121663,204901753322,1248648612224
2376.205299,26294528,107702390784,36.260,45.325,1332384340,664981391970,204929205206,1248873270434
2376.566254,26297856,107716022272,37.765,45.324,1332559287,665064713416,204954937437,1249093025065
2376.919872,26301184,107729653760,38.549,45.323,1332734233,665145782883,204979821793,1249309364293
2377.263001,26304512,107743285248,39.727,45.322,1332907105,665227604776,205004987429,1249513870725
2377.615612,26307840,107756916736,38.659,45.321,1333080601,665309550421,205030163880,1249727494670
2377.982678,26311168,107770548224,37.136,45.320,1333249924,665392248800,205055684245,1249954269131
2378.338553,26314496,107784179712,38.304,45.319,1333430405,665479115159,205082490742,1250163028823
2378.698872,26317824,107797811200,37.832,45.318,1333611564,665565851919,205109200032,1250376040185
2379.044352,26321152,107811442688,39.457,45.317,1333786907,665647999337,205134598551,1250582191076
2379.394910,26324480,107825074176,38.885,45.316,1333963322,665731402452,205160313368,1250791392142
2379.783580,26327808,107838705664,35.072,45.315,1334130742,665811630371,205185071650,1251044051717
2380.154916,26331136,107852337152,36.709,45.313,1334299330,665892027698,205209925072,1251278829979
2380.534810,26334464,107865968640,35.882,45.312,1334503399,665974839229,205235563233,1251518158681
2380.917758,26337792,107879600128,35.596,45.310,1334674090,666056083095,205260489095,1251763638584
2381.304094,26341120,107893231616,35.284,45.308,1334849105,666142213606,205286967335,1252004220181
2381.666251,26344448,107906863104,37.640,45.307,1335012119,666223250968,205311882198,1252229066158
2382.024470,26347776,107920494592,38.054,45.306,1335194367,666304791345,205336902406,1252449299697
2382.390126,26351104,107934126080,37.280,45.305,1335359128,666386773997,205362215179,1252675959398
2382.764861,26354432,107947757568,36.376,45.304,1335545401,666471797128,205388495823,1252906591671
2383.137374,26357760,107961389056,36.593,45.302,1335726165,666554409455,205413805603,1253138999566
2383.490664,26361088,107975020544,38.584,45.301,1335890701,666635388849,205438701795,1253355188735
2383.860084,26364416,107988652032,36.900,45.300,1336067690,666721069466,205465113759,1253579382676
2384.246699,26367744,108002283520,35.259,45.298,1336252435,666806220718,205491162156,1253821812396
2384.608365,26371072,108015915008,37.691,45.297,1336419702,666887406836,205516069620,1254045990998
2384.967278,26374400,108029546496,37.980,45.296,1336588994,666968384947,205540894703,1254268036812
2385.333584,26377728,108043177984,37.213,45.295,1336763206,667052695414,205566773091,1254491595550
2385.701733,26381056,108056809472,37.027,45.294,1336939190,667139055246,205593244049,1254713550218
2386.061336,26384384,108070440960,37.907,45.292,1337111894,667223959030,205619565336,1254929027213
2386.428385,26387712,108084072448,37.138,45.291,1337317767,667307080095,205645150826,1255155270931
2386.788057,26391040,108097703936,37.900,45.290,1337496768,667390645883,205670881531,1255373229336
2387.155445,26394368,108111335424,37.104,45.289,1337673753,667474631365,205696600634,1255598411978
2387.512810,26397696,108124966912,38.144,45.288,1337850620,667559388241,205722658465,1255812370582
2387.876842,26401024,108138598400,37.446,45.287,1338031905,667643940047,205748621618,1256033125445
2388.238246,26404352,108152229888,37.718,45.285,1338198739,667728298707,205774524365,1256251821258
2388.583796,26407680,108165861376,39.449,45.285,1338362610,667810986442,205799948659,1256457236937
2388.938167,26411008,108179492864,38.467,45.284,1338536679,667895548917,205825971629,1256668279578
2389.312835,26414336,108193124352,36.383,45.282,1338709055,667989591740,205854733045,1256884045851
2389.659255,26417664,108206755840,39.350,45.281,1338877337,668071030776,205879641913,1257092805131
2390.002927,26420992,108220387328,39.664,45.280,1339053287,668158287260,205906558569,1257288420066
2390.364366,26424320,108234018816,37.714,45.279,1339231982,668249184092,205934456210,1257496033542
2390.726817,26427648,108247650304,37.609,45.278,1339416792,668340935079,205962576386,1257703261067
2391.097667,26430976,108261281792,36.757,45.277,1339592883,668428520375,205989588102,1257925464490
2391.458551,26434304,108274913280,37.772,45.276,1339763449,668520841148,206018028731,1258130010256
2391.808960,26437632,108288544768,38.902,45.275,1339934295,668603994810,206043665726,1258339580605
2392.154415,26440960,108302176256,39.460,45.274,1340104064,668688823209,206069805859,1258541204506
2392.495236,26444288,108315807744,39.996,45.273,1340284395,668770872659,206095159364,1258742959926
2392.894513,26447616,108329439232,34.140,45.271,1340464110,668855774485,206121367196,1258998106688
2393.281678,26450944,108343070720,35.209,45.270,1340632847,668939309600,206147205941,1259243357688
2393.675742,26454272,108356702208,34.592,45.268,1340835555,669027976620,206174301315,1259487660185
2394.070516,26457600,108370333696,34.530,45.266,1341017033,669120035962,206202694396,1259726453513
2394.465592,26460928,108383965184,34.503,45.264,1341199339,669212576044,206231182565,1259964617603
2394.854904,26464256,108397596672,35.014,45.263,1341370138,669297335338,206257135813,1260210483566
2395.241309,26467584,108411228160,35.278,45.261,1341547788,669382598811,206283467076,1260452428857
2395.634083,26470912,108424859648,34.706,45.259,1341723157,669469520506,206310243414,1260697715664
2396.061116,26474240,108438491136,31.921,45.257,1341896719,669558125987,206337588043,1260974313597
2396.421545,26477568,108452122624,37.820,45.256,1342068338,669643801776,206363912980,1261189620420
2396.785499,26480896,108465754112,37.454,45.255,1342238280,669728060406,206389855644,1261410813111
2397.146491,26484224,108479385600,37.761,45.254,1342415213,669810435348,206415317486,1261631804050
2397.524765,26487552,108493017088,36.036,45.252,1342591259,669897986133,206442232984,1261861860188
2397.915692,26490880,108506648576,34.870,45.250,1342769451,669984570833,206468948900,1262105995950
2398.290000,26494208,108520280064,36.418,45.249,1343034751,670069081221,206495198953,1262336747362
2398.662207,26497536,108533911552,36.623,45.248,1343206316,670150946268,206520583160,1262569914539
2399.035576,26500864,108547543040,36.509,45.246,1343401702,670231831432,206545604070,1262805939283
2399.407590,26504192,108561174528,36.642,45.245,1343571148,670314043380,206570808684,1263038882302
2399.780479,26507520,108574806016,36.556,45.244,1343736480,670398164016,206596655459,1263269421735
2400.150126,26510848,108588437504,36.877,45.242,1343913035,670484270000,206623247419,1263493087012
2400.511318,26514176,108602068992,37.740,45.241,1344086242,670565953443,206648478456,1263715513992
2400.874875,26517504,108615700480,37.495,45.240,1344262804,670649034914,206673999693,1263938413732
2401.240793,26520832,108629331968,37.253,45.239,1344432785,670735437216,206700593336,1264158053403
2401.599941,26524160,108642963456,37.955,45.238,1344650140,670822116781,206727239326,1264370233270
2401.955947,26527488,108656594944,38.290,45.237,1344893229,670905401850,206752944205,1264584728891
2402.330587,26530816,108670226432,36.386,45.235,1345068717,670989048463,206778779566,1264817506147
2402.703584,26534144,108683857920,36.546,45.234,1345293553,671073150731,206804689893,1265047823115
2403.080599,26537472,108697489408,36.156,45.233,1345464005,671157426383,206830604708,1265281725344
2403.439399,26540800,108711120896,37.992,45.231,1345632423,671238957132,206855771477,1265502182661
2403.799977,26544128,108724752384,37.805,45.230,1345813351,671320884557,206881051953,1265723844971
2404.165354,26547456,108738383872,37.308,45.229,1345989081,671408838219,206908177509,1265939928930
2404.546423,26550784,108752015360,35.772,45.228,1346162222,671494562215,206934471555,1266175907816
2404.905542,26554112,108765646848,37.958,45.227,1346364171,671577175871,206959945895,1266394767912
2405.262105,26557440,108779278336,38.230,45.226,1346539376,671658526687,206985139484,1266613200153
2405.622448,26560768,108792909824,37.829,45.224,1346718524,671747020982,207012165953,1266824315459
2405.975942,26564096,108806541312,38.562,45.223,1346888710,671831497667,207038011322,1267034986828
2406.368063,26567424,108820172800,34.763,45.222,1347065792,671918068748,207064727252,1267280296196
2406.762043,26570752,108833804288,34.599,45.220,1347243227,672004332852,207091290220,1267528070244
2407.139791,26574080,108847435776,36.086,45.219,1347408469,672083248182,207115550534,1267772114032
2407.533860,26577408,108861067264,34.592,45.217,1347590342,672164958878,207140741334,1268027650937
2407.937823,26580736,108874698752,33.744,45.215,1347765542,672250493557,207167084128,1268286598572
2408.291948,26584064,108888330240,38.493,45.214,1347936397,672333241568,207192561252,1268500325784
2408.668174,26587392,108901961728,36.232,45.213,1348104331,672413658760,207217305258,1268740358610
2409.041407,26590720,108915593216,36.523,45.211,1348270867,672498189516,207243457168,1268970078090
2409.423691,26594048,108929224704,35.658,45.210,1348451584,672582908511,207269405347,1269208986425
2409.807653,26597376,108942856192,35.502,45.208,1348626434,672671065340,207296671873,1269443172894
2410.181205,26600704,108956487680,36.492,45.207,1348840946,672758008577,207323396609,1269669459018
2410.555470,26604032,108970119168,36.422,45.205,1349007825,672843647061,207349643308,1269898808117
2410.922318,26607360,108983750656,37.158,45.204,1349181698,672928097252,207375734114,1270122250039
2411.310810,26610688,108997382144,35.088,45.203,1349356479,673014490773,207402455999,1270364125094
2411.666603,26614016,109011013632,38.313,45.202,1349528843,673096328954,207427727274,1270581271869
2412.022696,26617344,109024645120,38.281,45.201,1349699315,673179500133,207453443331,1270796183188
2412.384609,26620672,109038276608,37.665,45.199,1349871397,673266882648,207480457089,1271009992244
2412.735350,26624000,109051908096,38.865,45.198,1350041270,673350085978,207506080575,1271219629264
2413.093682,26627328,109065539584,38.041,45.197,1350233032,673433764286,207531944845,1271436110075
2413.451102,26630656,109079171072,38.139,45.196,1350409015,673516317300,207557492261,1271653498909
2413.816019,26633984,109092802560,37.355,45.195,1350590370,673600469750,207583423222,1271875684552
2414.193599,26637312,109106434048,36.102,45.194,1350773455,673687936484,207610487313,1272104893566
2414.567999,26640640,109120065536,36.409,45.192,1350950683,673772451103,207636495917,1272336092373
2414.928058,26643968,109133697024,37.859,45.191,1351130244,673853948551,207661743835,1272557770689
2415.285562,26647296,109147328512,38.130,45.190,1351308695,673936931605,207687377428,1272774399850
2415.656434,26650624,109160960000,36.755,45.189,1351480843,674024108361,207714171560,1272997709080
2416.021339,26653952,109174591488,37.356,45.188,1351653948,674106044356,207739375656,1273223579418
2416.397789,26657280,109188222976,36.211,45.186,1351830812,674191592039,207765775038,1273454845299
2416.759255,26660608,109201854464,37.712,45.185,1352014662,674275198357,207791560917,1273674536092
2417.123106,26663936,109215485952,37.465,45.184,1352180906,674356557319,207816789693,1273900247649
2417.479025,26667264,109229117440,38.299,45.183,1352355252,674438744376,207842279407,1274116512530
2417.851561,26670592,109242748928,36.591,45.182,1352533331,674520816351,207867629432,1274349540607
2418.213953,26673920,109256380416,37.615,45.181,1352705840,674606809681,207894180905,1274566126497
2418.566463,26677248,109270011904,38.670,45.180,1352882425,674689005475,207919465412,1274779405689
2418.922944,26680576,109283643392,38.239,45.179,1353058090,674772460834,207945213509,1274994130835
2419.266474,26683904,109297274880,39.681,45.178,1353234397,674857020952,207971244177,1275194221810
2419.663466,26687232,109310906368,34.337,45.176,1353413064,674949070587,207998995829,1275436374041
2420.038577,26690560,109324537856,36.340,45.175,1353592774,675034938430,208025513667,1275665936552
2420.398496,26693888,109338169344,37.874,45.174,1353788912,675123458157,208052728496,1275875749496
2420.779660,26697216,109351800832,35.763,45.172,1353970568,675210418270,208079732584,1276109309710
2421.154890,26700544,109365432320,36.328,45.171,1354146082,675294593817,208105610689,1276341812043
2421.551599,26703872,109379063808,34.361,45.169,1354321943,675394280090,208136189956,1276569942333
2421.925535,26707200,109392695296,36.454,45.168,1354497051,675476738937,208161602910,1276803971961
2422.303598,26710528,109406326784,36.056,45.166,1354667417,675559379458,208187002832,1277042021308
2422.685552,26713856,109419958272,35.689,45.165,1354845053,675643871826,208212999682,1277280789299
2423.074193,26717184,109433589760,35.075,45.163,1355021219,675726410692,208238215516,1277529964566
2423.446968,26720512,109447221248,36.568,45.162,1355193423,675807970605,208263168772,1277764791228
2423.823509,26723840,109460852736,36.202,45.160,1355369144,675891140323,208288798717,1278000440278
2424.189424,26727168,109474484224,37.253,45.159,1355542243,675975377577,208314590624,1278223782858
2424.575973,26730496,109488115712,35.265,45.158,1355713328,676060117908,208340821058,1278466534881
2424.945593,26733824,109501747200,36.880,45.156,1355879882,676141781073,208366060324,1278697724176
2425.306447,26737152,109515378688,37.776,45.155,1356044921,676223172328,208391222126,1278920494657
2425.674845,26740480,109529010176,37.002,45.154,1356263787,676308815401,208417676448,1279143433499
2426.043480,26743808,109542641664,36.978,45.153,1356433098,676395453344,208444340608,1279365223350
2426.421241,26747136,109556273152,36.085,45.151,1356609585,676481530873,208470910067,1279597105621
2426.797603,26750464,109569904640,36.219,45.150,1356786425,676566116533,208496802337,1279830503388
2427.160657,26753792,109583536128,37.547,45.149,1356959955,676648613601,208522147497,1280053754156
2427.530470,26757120,109597167616,36.860,45.148,1357130558,676729478573,208547156764,1280286125946
2427.900029,26760448,109610799104,36.886,45.146,1357304393,676813647215,208572986338,1280513147891
2428.262328,26763776,109624430592,37.625,45.145,1357476977,676894521616,208597890476,1280738263842
2428.621305,26767104,109638062080,37.973,45.144,1357654431,676976256734,208623251381,1280958425535
2428.978600,26770432,109651693568,38.152,45.143,1357834393,677059711711,208648914184,1281174277287
2429.331696,26773760,109665325056,38.606,45.142,1358008528,677142437952,208674384445,1281386977889
2429.688764,26777088,109678956544,38.176,45.141,1358183749,677228514213,208700964694,1281597962167
2430.037235,26780416,109692588032,39.118,45.140,1358353627,677316235330,208727994958,1281797801689
2430.385341,26783744,109706219520,39.159,45.139,1358529958,677401619748,208754173224,1282001326220
2430.730912,26787072,109719851008,39.446,45.139,1358707988,677486944850,208780503731,1282202026952
2431.101511,26790400,109733482496,36.782,45.137,1358889939,677577402737,208808333361,1282419170303
2431.455849,26793728,109747113984,38.470,45.136,1359067775,677662506025,208834463881,1282629162221
2431.835945,26797056,109760745472,35.863,45.135,1359250999,677752882781,208862198029,1282856341316
2432.185494,26800384,109774376960,38.997,45.134,1359416829,677841879902,208889583946,1283055006777
2432.517230,26803712,109788008448,41.091,45.133,1359590813,677926078642,208915402569,1283244162611
2432.895268,26807040,109801639936,36.058,45.132,1359772862,678009402030,208941085557,1283480754742
2433.274027,26810368,109815271424,35.990,45.131,1359972340,678092408146,208966681379,1283718665276
2433.642210,26813696,109828902912,37.024,45.129,1360137408,678175752009,208992424925,1283945557375
2434.015173,26817024,109842534400,36.549,45.128,1360308711,678257347754,209017504712,1284180238270
2434.400024,26820352,109856165888,35.420,45.127,1360482980,678343391635,209044093655,1284419204984
2434.795055,26823680,109869797376,34.507,45.125,1360655867,678428585164,209070383691,1284669804484
2435.179717,26827008,109883428864,35.438,45.123,1360827936,678511138562,209095681543,1284914693417
2435.561178,26830336,109897060352,35.735,45.122,1361036583,678594415003,209121308519,1285155047947
2435.945239,26833664,109910691840,35.493,45.120,1361216340,678677858250,209146891211,1285397940904
2436.336897,26836992,109924323328,34.805,45.119,1361395258,678765905880,209173917038,1285640644214
2436.707230,26840320,109937954816,36.809,45.117,1361563675,678847469788,209199133108,1285872424437
2437.084048,26843648,109951586304,36.175,45.116,1361735835,678931002467,209225036190,1286107218486
2437.458847,26846976,109965217792,36.370,45.115,1361911751,679018190415,209251791920,1286334578829
2437.867661,26850304,109978849280,33.344,45.113,1362093899,679118691707,209282572082,1286573490771
2438.246880,26853632,109992480768,35.946,45.111,1362268754,679203114107,209308734059,1286809537660
2438.605781,26856960,110006112256,37.981,45.110,1362435910,679284454631,209333808010,1287030472017
2438.967530,26860288,110019743744,37.682,45.109,1362597917,679366095522,209359176333,1287253505594
2439.339255,26863616,110033375232,36.671,45.108,1362821534,679455219821,209386417602,1287475044830
2439.715122,26866944,110047006720,36.267,45.106,1362996656,679540159914,209412643178,1287707044134
2440.077799,26870272,110060638208,37.586,45.105,1363173418,679626653768,209439315499,1287923071884
2440.446104,26873600,110074269696,37.011,45.104,1363351871,679711468487,209465464222,1288147638950
2440.811765,26876928,110087901184,37.279,45.103,1363527848,679795823051,209491483759,1288370280808
2441.172175,26880256,110101532672,37.822,45.102,1363707200,679881451766,209517843994,1288585558178
2441.530912,26883584,110115164160,37.999,45.101,1363881361,679964709834,209543235863,1288803721490
2441.872814,26886912,110128795648,39.870,45.100,1364079554,680045367408,209568133887,1289008838223
2442.238973,26890240,110142427136,37.228,45.099,1364259645,680133601633,209595423996,1289225204279
2442.594811,26893568,110156058624,38.308,45.098,1364431524,680216004096,209620696414,1289441502559
2442.966301,26896896,110169690112,36.694,45.097,1364608888,680301578240,209646973409,1289668022529
2443.315822,26900224,110183321600,39.001,45.096,1364785196,680383820863,209672261585,1289878190436
2443.676380,26903552,110196953088,37.807,45.095,1364959740,680467453755,209698022385,1290096860900
2444.027705,26906880,110210584576,38.800,45.094,1365139706,680553501858,209724582713,1290302310335
2444.382092,26910208,110224216064,38.465,45.093,1365314209,680636404550,209750156461,1290516059325
2444.724322,26913536,110237847552,39.831,45.092,1365505737,680720808757,209776104791,1290715310728
2445.064878,26916864,110251479040,40.027,45.091,1365672381,680803153847,209801515004,1290916223094
2445.411685,26920192,110265110528,39.306,45.091,1365841462,680884756509,209826649548,1291124818646
2445.762418,26923520,110278742016,38.866,45.090,1366014240,680969273011,209852705863,1291332318366
2446.137212,26926848,110292373504,36.371,45.088,1366184025,681056762855,209879700731,1291558784726
2446.535569,26930176,110306004992,34.219,45.087,1366369735,681154532281,209909854350,1291791396861
2446.903909,26933504,110319636480,37.008,45.085,1366550580,681240152012,209936303408,1292014401373
2447.291211,26936832,110333267968,35.196,45.084,1366736855,681330439293,209963876445,1292249244808
2447.678364,26940160,110346899456,35.210,45.082,1366908696,681416036893,209990262734,1292491182531
2448.043209,26943488,110360530944,37.362,45.081,1367079414,681497677163,210015473286,1292717485088
2448.404198,26946816,110374162432,37.762,45.080,1367253314,681579564268,210040647865,1292939730292
2448.765605,26950144,110387793920,37.718,45.079,1367506612,681662434980,210066189834,1293160626455
2449.133116,26953472,110401425408,37.091,45.078,1367686125,681746149386,210092006467,1293386128835
2449.519608,26956800,110415056896,35.270,45.076,1367861507,681829846944,210118013977,1293630358945
2449.894686,26960128,110428688384,36.343,45.075,1368040617,681920977038,210146096880,1293850504964
2450.269660,26963456,110442319872,36.353,45.074,1368211887,682009143526,210173240485,1294075861495
2450.647022,26966784,110455951360,36.123,45.072,1368390236,682093884371,210199446223,1294309465805
2451.065146,26970112,110469582848,32.602,45.070,1368577499,682197393018,210231243331,1294552312734
2451.451902,26973440,110483214336,35.246,45.068,1368798917,682285785840,210258511142,1294789107327
2451.846343,26976768,110496845824,34.559,45.067,1368988879,682383880755,210288519487,1295017643623
2452.225946,26980096,110510477312,35.910,45.065,1369161403,682472250991,210315773038,1295247566929
2452.591426,26983424,110524108800,37.297,45.064,1369339665,682554483444,210341302020,1295473253974
2452.966462,26986752,110537740288,36.347,45.063,1369518546,682639469404,210367536129,1295704215024
2453.339076,26990080,110551371776,36.583,45.062,1369690566,682722486186,210393281350,1295935897595
2453.705816,26993408,110565003264,37.169,45.060,1369868372,682805018122,210418557023,1296162967012
2454.074542,26996736,110578634752,36.969,45.059,1370047327,682891701778,210445257951,1296384753002
2454.438067,27000064,110592266240,37.498,45.058,1370221813,682972962472,210470362021,1296610384662
2454.795358,27003392,110605897728,38.152,45.057,1370397797,683056809582,210496337238,1296825181652
2455.154505,27006720,110619529216,37.955,45.056,1370567458,683140960096,210522407377,1297041410783
2455.512073,27010048,110633160704,38.123,45.055,1370743695,683222147165,210547345875,1297261485924
2455.885654,27013376,110646792192,36.489,45.054,1370912820,683306195049,210573293741,1297492607007
2456.268611,27016704,110660423680,35.595,45.052,1371095871,683393019893,210599889061,1297728609994
2456.632673,27020032,110674055168,37.443,45.051,1371270580,683482560975,210627423759,1297940858811
2456.989001,27023360,110687686656,38.255,45.050,1371445080,683564566507,210652794829,1298157975218
2457.343046,27026688,110701318144,38.502,45.049,1371622566,683649285686,210678933486,1298368472948
2457.724668,27030016,110714949632,35.720,45.048,1371803895,683735187750,210705557191,1298604369018
2458.084982,27033344,110728581120,37.832,45.047,1371979095,683819627355,210731666718,1298821302451
2458.441242,27036672,110742212608,38.263,45.046,1372165054,683903904399,210757329486,1299035371882
2458.799007,27040000,110755844096,38.102,45.045,1372396769,683987859037,210783146855,1299250787937
2459.156766,27043328,110769475584,38.102,45.044,1372568661,684070662225,210808684291,1299467914974
2459.549349,27046656,110783107072,34.723,45.042,1372745532,684160002939,210835921368,1299709570701
2459.944642,27049984,110796738560,34.484,45.040,1372920649,684245829532,210862197401,1299959804548
2460.327539,27053312,110810370048,35.601,45.039,1373089872,684328045208,210887382034,1300203634989
2460.714261,27056640,110824001536,35.249,45.037,1373257006,684412147263,210913069598,1300448221328
2461.105486,27059968,110837633024,34.843,45.036,1373433766,684497385211,210939173147,1300695142894
2461.483177,27063296,110851264512,36.092,45.034,1373605903,684579941659,210964650034,1300932777181
2461.865370,27066624,110864896000,35.666,45.033,1373785770,684666609832,210991458156,1301167798229
2462.248660,27069952,110878527488,35.564,45.031,1373954983,684751215197,211017586571,1301407538303
2462.650562,27073280,110892158976,33.917,45.030,1374135660,684839451764,211044745750,1301660047242
2463.043692,27076608,110905790464,34.674,45.028,1374316410,684920934841,211069825161,1301915037485
2463.414122,27079936,110919421952,36.799,45.027,1374518852,685003722054,211095248367,1302145241295
2463.783543,27083264,110933053440,36.900,45.025,1374691517,685084288340,211120129350,1302377812123
2464.161210,27086592,110946684928,36.094,45.024,1374865257,685168664944,211146030712,1302612562363
2464.545395,27089920,110960316416,35.482,45.023,1375030539,685250991283,211171323355,1302857150606
2464.927190,27093248,110973947904,35.704,45.021,1375209601,685336729782,211197693323,1303093858852
2465.298643,27096576,110987579392,36.698,45.020,1375394385,685420381890,211223450904,1303323488720
2465.667879,27099904,111001210880,36.918,45.019,1375572830,685505223239,211249579573,1303548791062
2466.019248,27103232,111014842368,38.795,45.018,1375743185,685590675661,211276007112,1303755161654
2466.376273,27106560,111028473856,38.181,45.017,1375912612,685676026322,211302475792,1303967332907
2466.732076,27109888,111042105344,38.312,45.016,1376083493,685759117992,211327934206,1304182505457
2467.087288,27113216,111055736832,38.376,45.015,1376262467,685841587606,211353346048,1304397936386
2467.437399,27116544,111069368320,38.935,45.014,1376430038,685923177335,211378359582,1304610101551
2467.794447,27119872,111082999808,38.178,45.013,1376606085,686006453496,211404069088,1304825942853
2468.176505,27123200,111096631296,35.679,45.012,1376779614,686091578518,211430376634,1305063671015
2468.502031,27126528,111110262784,41.875,45.011,1376956487,686174564840,211455777630,1305248816379
2468.845315,27129856,111123894272,39.709,45.010,1377121340,686256448611,211480918728,1305453694272
2469.194510,27133184,111137525760,39.037,45.010,1377293439,686338391432,211506168921,1305663965193
2469.561743,27136512,111151157248,37.119,45.008,1377462038,686421712998,211531831071,1305890157004
2469.915166,27139840,111164788736,38.570,45.008,1377629226,686504372110,211557387145,1306103369925
2470.282214,27143168,111178420224,37.138,45.006,1377803639,686594402515,211585080419,1306318064852
2470.640423,27146496,111192051712,38.055,45.005,1377980554,686677350596,211610571243,1306535770486
2471.013889,27149824,111205683200,36.500,45.004,1378154767,686760415788,211636330468,1306768316412
2471.391507,27153152,111219314688,36.099,45.003,1378328252,686846492202,211662858826,1307000066351
2471.750062,27156480,111232946176,38.018,45.002,1378495449,686929983980,211688566481,1307217024771
2472.116637,27159808,111246577664,37.186,45.001,1378700271,687020372662,211716026501,1307430872164
2472.469198,27163136,111260209152,38.664,45.000,1378880660,687105157288,211742211000,1307639641957
2472.827429,27166464,111273840640,38.052,44.999,1379056222,687188363794,211767648800,1307857182740
2473.211713,27169792,111287472128,35.472,44.997,1379230870,687270803617,211792830520,1308102177952
2473.591096,27173120,111301103616,35.931,44.996,1379413327,687355914691,211819164231,1308337152067
2473.974179,27176448,111314735104,35.584,44.994,1379586518,687438859485,211844885144,1308579480458
2474.357355,27179776,111328366592,35.575,44.993,1379757710,687524815889,211871345711,1308816763385
2474.730776,27183104,111341998080,36.504,44.992,1379933566,687605582248,211896262708,1309053189303
2475.098355,27186432,111355629568,37.085,44.990,1380097613,687687003036,211921333176,1309282850602
2475.466603,27189760,111369261056,37.017,44.989,1380262757,687769154651,211946600128,1309511894710
2475.860068,27193088,111382892544,34.645,44.988,1380433054,687854000477,211972593066,1309761664421
2476.247729,27196416,111396524032,35.163,44.986,1380607025,687942064801,211999717966,1309999845160
2476.607331,27199744,111410155520,37.907,44.985,1380769425,688024659868,212025198981,1310219376869
2476.976715,27203072,111423787008,36.903,44.984,1380945875,688105234553,212049966011,1310452241717
2477.336536,27206400,111437418496,37.884,44.983,1381114252,688188581090,212075653626,1310670713696
2477.718814,27209728,111451049984,35.659,44.981,1381296034,688272782078,212101672029,1310910071185
2478.092093,27213056,111464681472,36.518,44.980,1381468039,688357875414,212127759866,1311139426186
2478.453337,27216384,111478312960,37.735,44.979,1381636653,688439750081,212152775124,1311362369416
2478.816798,27219712,111491944448,37.505,44.978,1381808260,688521970957,212178054585,1311586341791
2479.199354,27223040,111505575936,35.633,44.976,1382027160,688622864325,212208985326,1311798580051
2479.564855,27226368,111519207424,37.295,44.975,1382203889,688708098512,212235121485,1312019707251
2479.944655,27229696,111532838912,35.891,44.974,1382379745,688799298419,212263271450,1312244882669
2480.325472,27233024,111546470400,35.795,44.973,1382559951,688897325169,212293645315,1312459026985
2480.665252,27236352,111560101888,40.119,44.972,1382732929,688979829974,212319115494,1312658801460
2481.008370,27239680,111573733376,39.728,44.971,1382905436,689061323939,212344167791,1312864065866
2481.366023,27243008,111587364864,38.114,44.970,1383072271,689149854018,212371412276,1313071665896
2481.709916,27246336,111600996352,39.639,44.969,1383243700,689230523229,212396300261,1313278676535
2482.059673,27249664,111614627840,38.974,44.969,1383415140,689313504009,212421926611,1313487586800
2482.421726,27252992,111628259328,37.651,44.967,1383617081,689398853467,212448216887,1313704913028
2482.790898,27256320,111641890816,36.924,44.966,1383780238,689480758827,212473407324,1313935251581
2483.135159,27259648,111655522304,39.596,44.966,1383944711,689564064943,212499015387,1314138537979
2483.487942,27262976,111669153792,38.640,44.965,1384123473,689649850335,212525479998,1314345839028
2483.847570,27266304,111682785280,37.904,44.964,1384302888,689734113645,212551341081,1314562737197
2484.208933,27269632,111696416768,37.722,44.963,1384481888,689821913341,212578438689,1314775364173
2484.563079,27272960,111710048256,38.491,44.962,1384655966,689906277104,212604412902,1314986589386
2484.924932,27276288,111723679744,37.671,44.961,1384832063,689993724283,212631160338,1315200794862
2485.284397,27279616,111737311232,37.922,44.960,1385005106,690078539964,212657203110,1315416512708
2485.637886,27282944,111750942720,38.563,44.959,1385185296,690161149443,212682523831,1315630077514
2486.001699,27286272,111764574208,37.468,44.958,1385363020,690245494040,212708594436,1315850894758
2486.397839,27289600,111778205696,34.411,44.956,1385539797,690333167325,212735609324,1316098913935
2486.785755,27292928,111791837184,35.140,44.954,1385716250,690418604136,212761793912,1316342116921
2487.174020,27296256,111805468672,35.109,44.953,1385909166,690499101173,212786609691,1316593821909
2487.564139,27299584,111819100160,34.942,44.951,1386082229,690581732474,212812086050,1316843876111
2487.953608,27302912,111832731648,35.000,44.950,1386257233,690665469372,212837840935,1317091221591
2488.335836,27306240,111846363136,35.663,44.948,1386429594,690748768791,212863390754,1317332425945
2488.719061,27309568,111859994624,35.570,44.947,1386612124,690832047428,212889000528,1317574660739
2489.106446,27312896,111873626112,35.189,44.945,1386786490,690916569943,212914919486,1317818884389
2489.510169,27316224,111887257600,33.764,44.943,1386965714,691000446363,212940893819,1318080080316
2489.884582,27319552,111900889088,36.408,44.942,1387147069,691084108833,212966707151,1318312625682
2490.266262,27322880,111914520576,35.715,44.941,1387329274,691173515627,212994189734,1318542788623
2490.639715,27326208,111928152064,36.501,44.940,1387505632,691261329330,213021109407,1318767738371
2491.014924,27329536,111941783552,36.330,44.938,1387683800,691346061293,213047170587,1318999404347
2491.404649,27332864,111955415040,34.977,44.937,1387867097,691437073183,213075038568,1319235213629
2491.787785,27336192,111969046528,35.579,44.935,1388051369,691526632194,213102604207,1319466296749
2492.163444,27339520,111982678016,36.287,44.934,1388221832,691609648286,213128195629,1319701104062
2492.547928,27342848,111996309504,35.454,44.932,1388389943,691695520335,213154662894,1319940029757
2492.944886,27346176,112009940992,34.340,44.931,1388573316,691786507465,213182738312,1320182801052
2493.325566,27349504,112023572480,35.808,44.929,1388759678,691874737882,213209865018,1320414349131
2493.695000,27352832,112037203968,36.898,44.928,1388938458,691959645440,213235912416,1320640013746
2494.058358,27356160,112050835456,37.515,44.927,1389107297,692042296957,213261397237,1320863305490
2494.431672,27359488,112064466944,36.515,44.926,1389294405,692131085264,213288855256,1321085842040
2494.797830,27362816,112078098432,37.228,44.925,1389465189,692217905434,213315537841,1321305091688
2495.158891,27366144,112091729920,37.754,44.924,1389639671,692302922345,213341771385,1321521755836
2495.532242,27369472,112105361408,36.511,44.922,1389819573,692390808215,213368795858,1321746238360
2495.909248,27372800,112118992896,36.157,44.921,1390006813,692477372647,213395360705,1321976695759
2496.295107,27376128,112132624384,35.328,44.920,1390185768,692570737286,213424026671,1322204777958
2496.650732,27379456,112146255872,38.331,44.919,1390360420,692653841214,213449554194,1322419706980
2497.011680,27382784,112159887360,37.766,44.918,1390535295,692737849352,213475518045,1322638031605
2497.366770,27386112,112173518848,38.389,44.917,1390705233,692822395874,213501495554,1322850066920
2497.730503,27389440,112187150336,37.477,44.916,1390908686,692904817564,213526878678,1323074042204
2498.091765,27392768,112200781824,37.733,44.915,1391077412,692986751501,213552124886,1323296325854
2498.449514,27396096,112214413312,38.103,44.914,1391268301,693069151588,213577461384,1323514358574
2498.818423,27399424,112228044800,36.951,44.912,1391436527,693154259985,213603467225,1323738985554
2499.176281,27402752,112241676288,38.092,44.911,1391614628,693237815129,213629250636,1323955255376
2499.546311,27406080,112255307776,36.839,44.910,1391794920,693321199136,213654742035,1324184391822
2499.942642,27409408,112268939264,34.394,44.909,1391976329,693406684084,213680845433,1324436302269
2500.331423,27412736,112282570752,35.062,44.907,1392148717,693489118259,213706040721,1324685624178
2500.719917,27416064,112296202240,35.088,44.906,1392358127,693570631843,213731135847,1324935806302
2501.102464,27419392,112309833728,35.634,44.904,1392529268,693655812795,213757524101,1325173684631
2501.481494,27422720,112323465216,35.964,44.903,1392699796,693737886308,213782917836,1325413376700
2501.840082,27426048,112337096704,38.014,44.902,1392872006,693819350208,213807889770,1325633989722
2502.198202,27429376,112350728192,38.064,44.901,1393039343,693902650829,213833462436,1325851202110
2502.573920,27432704,112364359680,36.281,44.900,1393213081,693989642649,213860130199,1326079713999
2502.952138,27436032,112377991168,36.041,44.898,1393410548,694069644377,213884717793,1326322183482
2503.317578,27439360,112391622656,37.302,44.897,1393587692,694153156968,213910404905,1326546113277
2503.676018,27442688,112405254144,38.030,44.896,1393749636,694233991514,213935341608,1326767626901
2504.033109,27446016,112418885632,38.174,44.895,1393916585,694314736270,213960297507,1326987834507
2504.453842,27449344,112432517120,32.399,44.893,1394095381,694399360327,213986416797,1327265118704
2504.833286,27452672,112446148608,35.925,44.892,1394272175,694482438327,214011914618,1327503745523
2505.204228,27456000,112459780096,36.748,44.890,1394444617,694566169662,214037617943,1327732929528
2505.576009,27459328,112473411584,36.665,44.889,1394620086,694650434812,214063629157,1327961573536
2505.936586,27462656,112487043072,37.805,44.888,1394789861,694731152738,214088436746,1328185278340
2506.307523,27465984,112500674560,36.749,44.887,1394963601,694817877302,214115122400,1328409180211
2506.678072,27469312,112514306048,36.787,44.886,1395137131,694900264885,214140540514,1328640090042
2507.054360,27472640,112527937536,36.226,44.885,1395315652,694983409039,214166126420,1328875645896
2507.425143,27475968,112541569024,36.764,44.883,1395490988,695066744427,214191870538,1329105117918
2507.793108,27479296,112555200512,37.046,44.882,1395667497,695152100926,214218129392,1329328659771
2508.162805,27482624,112568832000,36.872,44.881,1395850482,695237657332,214244249685,1329553614334
2508.528663,27485952,112582463488,37.259,44.880,1396033661,695327633070,214271907474,1329767134422
2508.883443,27489280,112596094976,38.422,44.879,1396199686,695409776369,214297112921,1329982854426
2509.238256,27492608,112609726464,38.419,44.878,1396376012,695492211803,214322548108,1330197847288
2509.639553,27495936,112623357952,33.969,44.876,1396556153,695586910534,214351939720,1330438206533
2509.990261,27499264,112636989440,38.868,44.875,1396728673,695671338319,214378009176,1330645759157
2510.365642,27502592,112650620928,36.314,44.874,1396912632,695759466846,214405067795,1330872102121
2510.743582,27505920,112664252416,36.068,44.873,1397086684,695852414004,214433600401,1331093014600
2511.122817,27509248,112677883904,35.945,44.872,1397270844,695944887842,214461946300,1331315876891
2511.515367,27512576,112691515392,34.726,44.870,1397455194,696041549392,214491747139,1331544675209
2511.873669,27515904,112705146880,38.045,44.869,1397642396,696123076252,214516675060,1331765060764
2512.236527,27519232,112718778368,37.567,44.868,1397820623,696205657695,214542039360,1331988064598
2512.595410,27522560,112732409856,37.983,44.867,1398001971,696290058038,214567983641,1332204111615
2512.958670,27525888,112746041344,37.525,44.866,1398179223,696373958337,214593865918,1332425067065
2513.362872,27529216,112759672832,33.724,44.864,1398354992,696458626267,214620041509,1332685582031
2513.750008,27532544,112773304320,35.211,44.863,1398522095,696540865396,214645431987,1332933332937
2514.144704,27535872,112786935808,34.537,44.861,1398701719,696628889705,214672517124,1333179034067
2514.535702,27539200,112800567296,34.863,44.859,1398884072,696717369380,214699947995,1333419796498
2514.926173,27542528,112814198784,34.910,44.858,1399062008,696799734214,214725357847,1333670650660
2515.313845,27545856,112827830272,35.162,44.856,1399241877,696887264540,214752265353,1333909893779
2515.696566,27549184,112841461760,35.617,44.855,1399420039,696971487699,214778206566,1334149877310
2516.133891,27552512,112855093248,31.170,44.853,1399603009,697064321993,214806839552,1334429806220
2516.523431,27555840,112868724736,34.994,44.851,1399778427,697148206719,214832614978,1334677399252
2516.890168,27559168,112882356224,37.170,44.850,1399956488,697229708053,214857849205,1334905919779
2517.262267,27562496,112895987712,36.634,44.849,1400130404,697311199882,214882884077,1335139922887
2517.637348,27565824,112909619200,36.343,44.847,1400308699,697399022098,214909871668,1335366381440
2518.012306,27569152,112923250688,36.355,44.846,1400481339,697482651551,214935650948,1335599697407
2518.388587,27572480,112936882176,36.227,44.845,1400652339,697564242371,214960586150,1335838074514
2518.765299,27575808,112950513664,36.185,44.844,1400822822,697646187391,214985777401,1336076010557
2519.143345,27579136,112964145152,36.058,44.842,1400991624,697729128366,215011271855,1336313691622
2519.508439,27582464,112977776640,37.337,44.841,1401169328,697812201207,215036912669,1336537735152
2519.869660,27585792,112991408128,37.737,44.840,1401340129,697892853943,215061939895,1336761803508
2520.227071,27589120,113005039616,38.139,44.839,1401517720,697975419371,215087266590,1336979255298
2520.581043,27592448,113018671104,38.510,44.838,1401697841,698060794754,215113704291,1337188418891
2520.936346,27595776,113032302592,38.366,44.837,1401877539,698148608711,215140657854,1337395229537
2521.285900,27599104,113045934080,38.997,44.837,1402052021,698233868786,215166757931,1337600475204
2521.641932,27602432,113059565568,38.287,44.836,1402225537,698315871267,215191804473,1337817837461
2522.009076,27605760,113073197056,37.129,44.835,1402407904,698401543922,215218236193,1338039781730
2522.368912,27609088,113086828544,37.882,44.834,1402583853,698483960741,215243532706,1338260054068
2522.731514,27612416,113100460032,37.594,44.833,1402754488,698563959078,215268144586,1338487018657
2523.107912,27615744,113114091520,36.216,44.831,1402961920,698649648910,215294433559,1338718326773
2523.502029,27619072,113127723008,34.587,44.830,1403145672,698750082592,215325344164,1338942255276
2523.865530,27622400,113141354496,37.501,44.829,1403327465,698833983674,215351286394,1339163089690
2524.231499,27625728,113154985984,37.248,44.827,1403511395,698919778199,215377657143,1339383619753
2524.597967,27629056,113168617472,37.197,44.826,1403690087,699003209229,215403374415,1339608553676
2524.964511,27632384,113182248960,37.189,44.825,1403857199,699083349438,215427905657,1339839533669
2525.325372,27635712,113195880448,37.775,44.824,1404033030,699170169236,215454547691,1340053439906
2525.683031,27639040,113209511936,38.113,44.823,1404209848,699254166595,215480437712,1340268558908
2526.035043,27642368,113223143424,38.724,44.822,1404385883,699337013172,215505981166,1340479930763
2526.400171,27645696,113236774912,37.333,44.821,1404561919,699422053627,215532126048,1340701123356
2526.801568,27649024,113250406400,33.960,44.820,1404738467,699503509615,215557305511,1340964342056
2527.194428,27652352,113264037888,34.698,44.818,1404908798,699586588502,215582824662,1341216457957
2527.621731,27655680,113277669376,31.901,44.816,1405093821,699673523849,215609737947,1341496070429
2528.012156,27659008,113291300864,34.914,44.814,1405282931,699759488672,215636319214,1341740738082
2528.401867,27662336,113304932352,34.978,44.813,1405453239,699845046267,215662749243,1341985392960
2528.782865,27665664,113318563840,35.778,44.812,1405625913,699929325736,215688589226,1342223733277
2529.162163,27668992,113332195328,35.939,44.810,1405868204,700012607794,215714198209,1342461771671
2529.550323,27672320,113345826816,35.118,44.809,1406044399,700099182759,215740847035,1342703274533
2529.939920,27675648,113359458304,34.989,44.807,1406215417,700182616470,215766612025,1342951493346
2530.330808,27678976,113373089792,34.873,44.806,1406384588,700267381488,215792921422,1343198471246
2530.719499,27682304,113386721280,35.070,44.804,1406569831,700354127618,215819540912,1343440122234
2531.097926,27685632,113400352768,36.021,44.803,1406780168,700442660617,215846816670,1343668464441
2531.472478,27688960,113413984256,36.394,44.802,1406953199,700526669215,215872547965,1343900819472
2531.858433,27692288,113427615744,35.319,44.800,1407127312,700611729133,215898804234,1344142653896
2532.221914,27695616,113441247232,37.503,44.799,1407293816,700692801188,215923706245,1344368766545
2532.593373,27698944,113454878720,36.697,44.798,1407465742,700776128935,215949368772,1344599019442
2532.953897,27702272,113468510208,37.810,44.797,1407628170,700859236314,215975040436,1344818623252
2533.322083,27705600,113482141696,37.023,44.796,1407802136,700943655527,216001136287,1345043448715
2533.699677,27708928,113495773184,36.101,44.794,1407980523,701025802091,216026336631,1345282161061
2534.073084,27712256,113509404672,36.506,44.793,1408159386,701111211606,216052526431,1345511017131
2534.448214,27715584,113523036160,36.338,44.792,1408333663,701197402406,216078943890,1345740455892
2534.815588,27718912,113536667648,37.105,44.791,1408508871,701280849633,216104639274,1345966604631
2535.174427,27722240,113550299136,37.988,44.790,1408686102,701367074028,216131258986,1346179480694
2535.523258,27725568,113563930624,39.078,44.789,1408857716,701452435613,216157653737,1346383610459
2535.867862,27728896,113577562112,39.557,44.788,1409029704,701535852576,216183338645,1346586848592
2536.230509,27732224,113591193600,37.589,44.787,1409212727,701621334175,216209700839,1346804634056
2536.589091,27735552,113604825088,38.015,44.786,1409383094,701705026859,216235434403,1347021368697
2536.933585,27738880,113618456576,39.570,44.786,1409549489,701787216194,216260706912,1347226583081
2537.275482,27742208,113632088064,39.870,44.785,1409727291,701871679656,216286645453,1347425641785
2537.617256,27745536,113645719552,39.885,44.784,1409902714,701954643199,216312090690,1347626974190
2537.965837,27748864,113659351040,39.106,44.784,1410069748,702037599608,216337564449,1347835016653
2538.329321,27752192,113672982528,37.502,44.783,1410245624,702122363593,216363794005,1348054774146
2538.677480,27755520,113686614016,39.153,44.782,1410458181,702205232918,216389262067,1348262470446
2539.071132,27758848,113700245504,34.628,44.780,1410639600,702291396963,216415798188,1348510038730
2539.426195,27762176,113713876992,38.392,44.779,1410810286,702375352197,216441507857,1348722970859
2539.785100,27765504,113727508480,37.981,44.778,1410973680,702460757955,216467960564,1348936947693
2540.189843,27768832,113741139968,33.679,44.777,1411150073,702551390609,216495875863,1349188345720
2540.575637,27772160,113754771456,35.334,44.775,1411322190,702636015433,216521911357,1349430632389
2540.969079,27775488,113768402944,34.647,44.774,1411500493,702729579500,216550682804,1349665752297
2541.344380,27778816,113782034432,36.322,44.772,1411670425,702816554676,216577545275,1349893484945
2541.739701,27782144,113795665920,34.482,44.771,1411842828,702898398089,216602792026,1350150047141
2542.135322,27785472,113809297408,34.456,44.769,1412018408,702991679123,216631621137,1350387536422
2542.514460,27788800,113822928896,35.954,44.768,1412192615,703077929629,216658363591,1350620120596
2542.900793,27792128,113836560384,35.284,44.766,1412360579,703162504444,216684497511,1350862905445
2543.293955,27795456,113850191872,34.671,44.765,1412535943,703246446947,216710356450,1351113816385
2543.669733,27798784,113863823360,36.275,44.764,1412701657,703327553524,216735374876,1351352010897
2544.041675,27802112,113877454848,36.649,44.762,1412872304,703412695805,216761437937,1351579906097
2544.404808,27805440,113891086336,37.539,44.761,1413038896,703494769171,216786592558,1351803870161
2544.774114,27808768,113904717824,36.911,44.760,1413219787,703576673165,216811739036,1352034335750
2545.173124,27812096,113918349312,34.163,44.759,1413404818,703662676257,216838303370,1352287410700
2545.550501,27815424,113931980800,36.122,44.757,1413571794,703747258519,216864489445,1352521398735
2545.921141,27818752,113945612288,36.778,44.756,1413741521,703831158711,216890282619,1352749864562
2546.289475,27822080,113959243776,37.008,44.755,1413907677,703915372137,216916231419,1352975457993
2546.660801,27825408,113972875264,36.710,44.754,1414075380,703997008203,216941300165,1353208507736
2547.035885,27828736,113986506752,36.343,44.753,1414252408,704080225292,216966939241,1353442228688
2547.402234,27832064,114000138240,37.209,44.752,1414433023,704162448794,216992460439,1353668950788
2547.772813,27835392,114013769728,36.784,44.750,1414622907,704248020703,217018993147,1353894393428
2548.144189,27838720,114027401216,36.705,44.749,1414797633,704331541710,217044926859,1354123783454
2548.509935,27842048,114041032704,37.270,44.748,1414973555,704414425513,217070615712,1354348821100
2548.865154,27845376,114054664192,38.375,44.747,1415148564,704495847663,217095822247,1354565869307
2549.214418,27848704,114068295680,39.029,44.746,1415324264,704576828594,217120691820,1354777848041
2549.579457,27852032,114081927168,37.343,44.745,1415499510,704658866693,217146035005,1355003721054
2549.950052,27855360,114095558656,36.783,44.744,1415712916,704743748235,217172200206,1355230440934
2550.322061,27858688,114109190144,36.643,44.743,1415882464,704823851971,217197011374,1355466557283
2550.722653,27862016,114122821632,34.028,44.741,1416060388,704909187866,217223125782,1355722770317
2551.084229,27865344,114136453120,37.700,44.740,1416236721,704996143285,217250038290,1355936830942
2551.448382,27868672,114150084608,37.433,44.739,1416413550,705081264530,217276311551,1356156458684
2551.829060,27872000,114163716096,35.808,44.738,1416599220,705168744282,217303401723,1356388879352
2552.191826,27875328,114177347584,37.577,44.737,1416783230,705252457653,217329386450,1356609373739
2552.547993,27878656,114190979072,38.273,44.736,1416948885,705334860230,217354691009,1356825952179
2552.907215,27881984,114204610560,37.947,44.735,1417131298,705419704534,217380686637,1357041842468
2553.268062,27885312,114218242048,37.776,44.734,1417304149,705503031718,217406251400,1357261639389
2553.674049,27888640,114231873536,33.576,44.732,1417487741,705584648608,217431268903,1357529386496
2554.063651,27891968,114245505024,34.988,44.731,1417667421,705670583560,217457654544,1357773470034
2554.458335,27895296,114259136512,34.538,44.729,1417846997,705758936446,217484904204,1358018614642
2554.856471,27898624,114272768000,34.238,44.728,1418030481,705846561551,217511872785,1358268223710
2555.246065,27901952,114286399488,34.989,44.726,1418263434,705933805765,217538760306,1358509664289
2555.632286,27905280,114300030976,35.295,44.725,1418435971,706019945950,217565157169,1358750140576
2555.994041,27908608,114313662464,37.682,44.724,1418603086,706105931432,217591732364,1358965935203
2556.376569,27911936,114327293952,35.635,44.722,1418776291,706191022787,217618208949,1359203826671
2556.761555,27915264,114340925440,35.408,44.721,1418948412,706272946425,217643422213,1359449871047
2557.136828,27918592,114354556928,36.324,44.720,1419122591,706359132365,217670089012,1359678944514
2557.495965,27921920,114368188416,37.956,44.719,1419300491,706441435215,217695221156,1359898999707
2557.854392,27925248,114381819904,38.031,44.718,1419467859,706522319015,217720067047,1360120240300
2558.218428,27928576,114395451392,37.446,44.717,1419637424,706606275391,217745866199,1360342065516
2558.605277,27931904,114409082880,35.237,44.715,1419814649,706691959531,217772214205,1360583691123
2558.980067,27935232,114422714368,36.371,44.714,1419991460,706772977898,217797197620,1360821067190
2559.351206,27938560,114436345856,36.729,44.713,1420190896,706855293180,217822668651,1361052505216
2559.720679,27941888,114449977344,36.894,44.712,1420371370,706937672899,217848040004,1361282281067
2560.091942,27945216,114463608832,36.717,44.711,1420544617,707023225150,217874332245,1361508507562
2560.462056,27948544,114477240320,36.830,44.710,1420711479,707105137895,217899546468,1361739712386
2560.823377,27951872,114490871808,37.727,44.709,1420942573,707185879857,217924518948,1361964017108
2561.195686,27955200,114504503296,36.613,44.707,1421120585,707272088913,217950938064,1362190584829
2561.567124,27958528,114518134784,36.699,44.706,1421300815,707356148375,217976595603,1362419864655
2561.942016,27961856,114531766272,36.361,44.705,1421476206,707439261137,218002305293,1362653644013
2562.343759,27965184,114545397760,33.931,44.703,1421703346,707524786255,218028571716,1362910558938
2563.428310,27968512,114559029248,12.569,44.690,1421891124,707619514378,218057791493,1363834459624
2564.989766,27971840,114572660736,8.730,44.668,1422097839,707716594695,218087555538,1365231932869
2565.426997,27975168,114586292224,31.177,44.666,1422276112,707803581417,218114229928,1365522016507
2565.783149,27978496,114599923712,38.274,44.665,1422449628,707884970416,218139294405,1365740171329
2566.141987,27981824,114613555200,37.988,44.664,1422623952,707971293665,218165911467,1365952712318
2566.501776,27985152,114627186688,37.887,44.663,1422798809,708054470349,218191619441,1366171518341
2566.861794,27988480,114640818176,37.863,44.662,1422969381,708135622933,218216592668,1366394087756
2567.234705,27991808,114654449664,36.554,44.661,1423149205,708220307790,218242518854,1366623775547
2567.600345,27995136,114668081152,37.281,44.660,1423367984,708308540596,218269805553,1366839732503
2567.968284,27998464,114681712640,37.048,44.659,1423540485,708393692700,218296200509,1367063277304
2568.335019,28001792,114695344128,37.170,44.657,1423707601,708479123843,218322534833,1367285263105
2568.684929,28005120,114708975616,38.957,44.657,1423880280,708561753484,218347967286,1367494989829
2569.083443,28008448,114722607104,34.206,44.655,1424057628,708651106012,218375475015,1367742037776
2569.469475,28011776,114736238592,35.312,44.654,1424229292,708737979885,218402188220,1367980996060
2569.854196,28015104,114749870080,35.432,44.652,1424411496,708822013279,218427974533,1368223522190
2570.256063,28018432,114763501568,33.920,44.651,1424605934,708920043141,218458220847,1368459206145
2570.643757,28021760,114777133056,35.160,44.649,1424825118,709007544212,218484875997,1368699145768
2571.026825,28025088,114790764544,35.585,44.648,1424996326,709094963324,218512057301,1368933816271
2571.410432,28028416,114804396032,35.535,44.646,1425160200,709180207026,218538213589,1369173136854
2571.802796,28031744,114818027520,34.742,44.645,1425334530,709268225970,218565310164,1369416387990
2572.197501,28035072,114831659008,34.536,44.643,1425514390,709354726575,218591906124,1369664628263
2572.578536,28038400,114845290496,35.775,44.642,1425684165,709439668064,218617865638,1369902146843
2572.940905,28041728,114858921984,37.618,44.641,1425854735,709524795593,218644059722,1370120394570
2573.296232,28045056,114872553472,38.363,44.640,1426021881,709605223126,218668986406,1370339237656
2573.659812,28048384,114886184960,37.492,44.639,1426202216,709691546900,218695471317,1370556739507
2574.031723,28051712,114899816448,36.653,44.638,1426369208,709770937017,218719827082,1370794161029
2574.394222,28055040,114913447936,37.604,44.637,1426538082,709856192996,218746031129,1371012145334
2574.753780,28058368,114927079424,37.912,44.636,1426711861,709943190139,218772816650,1371224188453
2575.106191,28061696,114940710912,38.681,44.635,1426887028,710026029822,218798248634,1371436408740
2575.455008,28065024,114954342400,39.079,44.635,1427056571,710109121348,218823989630,1371644147893
2575.815025,28068352,114967973888,37.863,44.634,1427232690,710195175517,218850458336,1371858228887
2576.176446,28071680,114981605376,37.716,44.633,1427410285,710282851673,218877586662,1372070991337
2576.534739,28075008,114995236864,38.046,44.632,1427589535,710369644703,218904315638,1372282230426
2576.933406,28078336,115008868352,34.193,44.630,1427760864,710455400759,218930780643,1372535463446
2577.291296,28081664,115022499840,38.088,44.629,1427931764,710537250451,218955933278,1372754624928
2577.655034,28084992,115036131328,37.476,44.628,1428103511,710623535043,218982672203,1372971838310
2578.012943,28088320,115049762816,38.086,44.627,1428275210,710709251200,219009114855,1373184505358
2578.376328,28091648,115063394304,37.513,44.626,1428444495,710793885929,219035222953,1373404421952
2578.752016,28094976,115077025792,36.284,44.625,1428617354,710879091514,219061542822,1373635649996
2579.114998,28098304,115090657280,37.554,44.624,1428834580,710962077222,219087147852,1373857703579
2579.491738,28101632,115104288768,36.183,44.623,1429015073,711057199967,219116461345,1374072957843
2579.877825,28104960,115117920256,35.307,44.621,1429225453,711160310191,219148165747,1374284378818
2580.235358,28108288,115131551744,38.127,44.621,1429397816,711243259658,219173677433,1374501261629
2580.611897,28111616,115145183232,36.202,44.619,1429569991,711330118204,219200312995,1374730831150
2580.962911,28114944,115158814720,38.835,44.619,1429739555,711411620882,219225619272,1374943536509
2581.316237,28118272,115172446208,38.580,44.618,1429908956,711495466190,219251472210,1375154526770
2581.670208,28121600,115186077696,38.510,44.617,1430080497,711577799575,219276756936,1375368888229
2582.014686,28124928,115199709184,39.571,44.616,1430251762,711660327679,219302130309,1375573516451
2582.414333,28128256,115213340672,34.109,44.615,1430434983,711751199685,219330045426,1375819653637
2582.808365,28131584,115226972160,34.595,44.613,1430607528,711835961599,219356057275,1376070376318
2583.198037,28134912,115240603648,34.982,44.612,1430780838,711918081415,219381428764,1376320565021
2583.589856,28138240,115254235136,34.790,44.610,1430962394,712004284256,219408083267,1376566088055
2583.985399,28141568,115267866624,34.463,44.609,1431141982,712090644489,219434636728,1376815469651
2584.372607,28144896,115281498112,35.205,44.607,1431317579,712173399776,219460008249,1377062615667
2584.755739,28148224,115295129600,35.579,44.606,1431490566,712255890736,219485357723,1377305963804
2585.139053,28151552,115308761088,35.562,44.604,1431654872,712337069130,219510465576,1377551528215
2585.527090,28154880,115322392576,35.129,44.603,1431823959,712418460981,219535580921,1377801310626
2585.920763,28158208,115336024064,34.626,44.602,1432001486,712502196874,219561468905,1378052665142
2586.286943,28161536,115349655552,37.226,44.600,1432176039,712586067576,219587159351,1378277055250
2586.654716,28164864,115363287040,37.065,44.599,1432349274,712667376250,219612051729,1378507201149
2587.022784,28168192,115376918528,37.035,44.598,1432527267,712750464660,219637581030,1378734546258
2587.417528,28171520,115390550016,34.532,44.597,1432707066,712834296229,219663479872,1378986775155
2587.787281,28174848,115404181504,36.866,44.596,1432872542,712914760959,219688267473,1379220035716
2588.167934,28178176,115417812992,35.811,44.594,1433044890,713002305836,219715147715,1379452743308
2588.561101,28181504,115431444480,34.671,44.593,1433259055,713086587210,219740858093,1379703535060
2588.942845,28184832,115445075968,35.708,44.592,1433435442,713171403943,219766917977,1379941560749
2589.306813,28188160,115458707456,37.452,44.591,1433608472,713251644404,219791668091,1380169578356
2589.672218,28191488,115472338944,37.305,44.590,1433786335,713334606407,219817201821,1380394358620
2590.045962,28194816,115485970432,36.473,44.588,1433962951,713422159695,219844151112,1380619726571
2590.406452,28198144,115499601920,37.814,44.587,1434134185,713504264919,219869563789,1380840948024
2590.776909,28201472,115513233408,36.796,44.586,1434315227,713589611536,219895867378,1381066569305
2591.141307,28204800,115526864896,37.408,44.585,1434479277,713677134207,219922633149,1381282844595
2591.509428,28208128,115540496384,37.030,44.584,1434653730,713758762914,219947680933,1381512746092
2591.871983,28211456,115554127872,37.598,44.583,1434830097,713842696905,219973798587,1381732705426
2592.240777,28214784,115567759360,36.962,44.582,1435012807,713930257079,220000704732,1381953319922
2592.621406,28218112,115581390848,35.813,44.581,1435195254,714018268832,220027760644,1382185028857
2592.981116,28221440,115595022336,37.896,44.580,1435369507,714103183622,220053905924,1382400758226
2593.343370,28224768,115608653824,37.630,44.579,1435573685,714188882746,220080456940,1382617439570
2593.693844,28228096,115622285312,38.894,44.578,1435748667,714270983028,220105724201,1382828787895
2594.074599,28231424,115635916800,35.801,44.577,1435952482,714356827515,220132088258,1383064110138
2594.435142,28234752,115649548288,37.808,44.576,1436130919,714438089373,220157015227,1383287272680
2594.806478,28238080,115663179776,36.709,44.575,1436311836,714523552793,220183269526,1383513874100
2595.170081,28241408,115676811264,37.490,44.574,1436485439,714608467019,220209422121,1383733567608
2595.524139,28244736,115690442752,38.501,44.573,1436658851,714691915835,220235164735,1383946281024
2595.913024,28248064,115704074240,35.053,44.572,1436830084,714776325677,220261153697,1384191995634
2596.305186,28251392,115717705728,34.760,44.570,1436995346,714862713794,220287666355,1384437751460
2596.690159,28254720,115731337216,35.409,44.569,1437173518,714949734370,220314367639,1384675381038
2597.067933,28258048,115744968704,36.084,44.568,1437341536,715032920807,220340192941,1384911898467
2597.443797,28261376,115758600192,36.267,44.566,1437519674,715117187947,220366169627,1385144595964
2597.810647,28264704,115772231680,37.158,44.565,1437693272,715201120345,220392085229,1385369058225
2598.172408,28268032,115785863168,37.681,44.564,1437864869,715285405693,220418118664,1385587778360
2598.537525,28271360,115799494656,37.335,44.563,1438037127,715369025421,220443889720,1385811129277
2598.920227,28274688,115813126144,35.619,44.562,1438215843,715451950808,220469428003,1386053188981
2599.301207,28278016,115826757632,35.780,44.561,1438404337,715545294456,220498154676,1386275902168
2599.662921,28281344,115840389120,37.686,44.560,1438579215,715630521663,220524498137,1386493015972
2600.048612,28284672,115854020608,35.343,44.558,1438752030,715713312324,220550106883,1386738074205
2601.003024,28288000,115867652096,14.283,44.547,1438947695,715818516785,220582602221,1387514116382
2602.582223,28291328,115881283584,8.632,44.526,1439159749,715922983983,220614626316,1388916782130
2603.239296,28294656,115894915072,20.746,44.520,1439338969,716011870934,220642048681,1389423276093
2603.603472,28297984,115908546560,37.431,44.519,1439508323,716093459672,220667041138,1389649332585
2603.977751,28301312,115922178048,36.421,44.517,1439684508,716181666663,220694386737,1389874203063
2604.353208,28304640,115935809536,36.306,44.516,1439859849,716271480142,220722142619,1390097378656
2604.723730,28307968,115949441024,36.790,44.515,1440040754,716355444308,220747862753,1390325707898
2605.085712,28311296,115963072512,37.658,44.514,1440212908,716435978047,220772841692,1390550673023
2605.449644,28314624,115976704000,37.456,44.513,1440388002,716521539320,220799239310,1390769399952
2605.823918,28317952,115990335488,36.421,44.512,1440558160,716604270157,220824718068,1391003651924
2606.194606,28321280,116003966976,36.773,44.511,1440724310,716691680925,220851565758,1391226395251
2606.558244,28324608,116017598464,37.487,44.510,1440897060,716775930641,220877332139,1391447674006
2606.912257,28327936,116031229952,38.506,44.509,1441074132,716858926149,220902823724,1391660968932
2607.272260,28331264,116044861440,37.865,44.508,1441247076,716943128227,220928670942,1391878225098
2607.641877,28334592,116058492928,36.880,44.507,1441426688,717029608368,220955275684,1392101112398
2608.015016,28337920,116072124416,36.532,44.506,1441597454,717114994456,220981645711,1392329605414
2608.369459,28341248,116085755904,38.459,44.505,1441774217,717196212647,221006683540,1392546306346
2608.732890,28344576,116099387392,37.508,44.504,1441952422,717281881878,221033110754,1392764502530
2609.096735,28347904,116113018880,37.465,44.503,1442166430,717363439868,221058316081,1392990017157
2609.473007,28351232,116126650368,36.228,44.502,1442335502,717446388116,221083655790,1393226218149
2609.840246,28354560,116140281856,37.119,44.501,1442517250,717531387923,221109866502,1393449160718
2610.184416,28357888,116153913344,39.607,44.500,1442682525,717614850038,221135575141,1393651929046
2610.527878,28361216,116167544832,39.689,44.500,1442846306,717697536068,221161069405,1393855172617
2610.868187,28364544,116181176320,40.056,44.499,1443013997,717779726907,221186429956,1394056163745
2611.244866,28367872,116194807808,36.189,44.498,1443207133,717869951156,221214133971,1394280185930
2611.616829,28371200,116208439296,36.647,44.497,1443368974,717953637686,221239755099,1394510632323
2611.985723,28374528,116222070784,36.952,44.496,1443544459,718037852190,221265799393,1394736746288
2612.363806,28377856,116235702272,36.054,44.494,1443764454,718128522376,221293622449,1394961234329
2612.748882,28381184,116249333760,35.400,44.493,1443940965,718223428132,221323002317,1395185348742
2613.114444,28384512,116262965248,37.289,44.492,1444115350,718308370657,221349140927,1395407090598
2613.493522,28387840,116276596736,35.960,44.491,1444297243,718399713944,221377207777,1395631548091
2613.859908,28391168,116290228224,37.205,44.490,1444465677,718484169087,221403310811,1395854675300
2614.236487,28394496,116303859712,36.198,44.489,1444639544,718566378340,221428603729,1396091765137
2614.658262,28397824,116317491200,32.319,44.487,1444815243,718652616562,221455207526,1396367304795
2615.026597,28401152,116331122688,37.008,44.486,1444986643,718735128594,221480600370,1396595733012
2615.400553,28404480,116344754176,36.452,44.484,1445159326,718818212989,221506295001,1396828531924
2615.778869,28407808,116358385664,36.032,44.483,1445343408,718905249936,221533114844,1397059265071
2616.178588,28411136,116372017152,34.103,44.482,1445529714,718999586079,221562116526,1397299121011
2616.559476,28414464,116385648640,35.789,44.480,1445705103,719089099828,221589604584,1397528614095
2616.928642,28417792,116399280128,36.925,44.479,1445876949,719175398815,221616218730,1397751737817
2617.305584,28421120,116412911616,36.163,44.478,1446053821,719259590686,221642001962,1397986149477
2617.661385,28424448,116426543104,38.312,44.477,1446224951,719341631013,221667199364,1398203147361
2618.021008,28427776,116440174592,37.905,44.476,1446395531,719429930762,221694347884,1398413373356
2618.379424,28431104,116453806080,38.033,44.476,1446571632,719516058786,221720721390,1398626084139
2618.731191,28434432,116467437568,38.751,44.475,1446777075,719599471546,221746406103,1398836480919
2619.083205,28437760,116481069056,38.724,44.474,1446953797,719682878474,221772119191,1399047007307
2619.449011,28441088,116494700544,37.264,44.473,1447138971,719777442864,221801105502,1399253092748
2619.805696,28444416,116508332032,38.217,44.472,1447305293,719862436856,221827274696,1399465947914
2620.174705,28447744,116521963520,36.941,44.471,1447511650,719952735580,221854917248,1399682408113
2620.541142,28451072,116535595008,37.200,44.470,1447688277,720034549240,221880118388,1399910067047
2620.917956,28454400,116549226496,36.176,44.469,1447858022,720116690071,221905331471,1400147644731
2621.296782,28457728,116562857984,35.983,44.468,1448038268,720207314444,221933186125,1400373012065
2621.658174,28461056,116576489472,37.719,44.467,1448220478,720291670933,221959121924,1400591658052
2622.025287,28464384,116590120960,37.132,44.466,1448389262,720374887412,221984860364,1400817496035
2622.389970,28467712,116603752448,37.379,44.465,1448568954,720460077188,222010885122,1401037931627
2622.768599,28471040,116617383936,36.002,44.463,1448783210,720544864227,222036992871,1401272875970
2623.132300,28474368,116631015424,37.480,44.462,1448954204,720626774423,222062232595,1401497552155
2623.484784,28477696,116644646912,38.673,44.462,1449126958,720707735953,222087184645,1401712615087
2623.836906,28481024,116658278400,38.712,44.461,1449302652,720789775351,222112522026,1401925572093
2624.186803,28484352,116671909888,38.959,44.460,1449477079,720872625741,222138065996,1402135000668
2624.563307,28487680,116685541376,36.205,44.459,1449655203,720954057838,222163293840,1402373340562
2624.955502,28491008,116699172864,34.757,44.458,1449825676,721035826981,222188423011,1402627083728
2625.335278,28494336,116712804352,35.893,44.456,1449992417,721116840115,222213526752,1402869371307
2625.727692,28497664,116726435840,34.737,44.455,1450170571,721199506833,222238975937,1403121711726
2626.187191,28500992,116740067328,29.666,44.452,1450351579,721284552948,222265191185,1403437084412
2627.640752,28504320,116753698816,9.378,44.433,1450543280,721374695615,222292883166,1404738287839
2628.941903,28507648,116767330304,10.476,44.416,1450750475,721474284989,222323650005,1405870463067
2629.334535,28510976,116780961792,34.718,44.415,1450923350,721559427902,222349816798,1406118853582
2629.733838,28514304,116794593280,34.138,44.413,1451109321,721654466005,222379050052,1406357061632
2630.139199,28517632,116808224768,33.628,44.411,1451324658,721749330052,222408062406,1406602131695
2630.523086,28520960,116821856256,35.509,44.410,1451501174,721839483169,222435641756,1406833666106
2630.899968,28524288,116835487744,36.169,44.409,1451677031,721928106079,222462737101,1407060678526
2631.277876,28527616,116849119232,36.071,44.408,1451853383,722018558298,222490401312,1407285899248
2631.684294,28530944,116862750720,33.541,44.406,1452033072,722116415147,222520569751,1407526614139
2632.075786,28534272,116876382208,34.819,44.405,1452212054,722204316285,222547616419,1407769070198
2632.450230,28537600,116890013696,36.405,44.404,1452383704,722289342790,222573894825,1407999145651
2632.821489,28540928,116903645184,36.717,44.402,1452557243,722371737156,222599343949,1408230532894
2633.186086,28544256,116917276672,37.388,44.401,1452729176,722456319825,222625465097,1408451673793
2633.555345,28547584,116930908160,36.916,44.400,1452902391,722538992695,222650942511,1408680870022
2633.930727,28550912,116944539648,36.314,44.399,1453083120,722628330615,222678311653,1408905210904
2634.278374,28554240,116958171136,39.211,44.399,1453259422,722713355468,222704334153,1409109012516
2634.637198,28557568,116971802624,37.989,44.398,1453433986,722800112773,222731026400,1409320848591
2634.994666,28560896,116985434112,38.134,44.397,1453610595,722884639255,222757060441,1409535045431
2635.361003,28564224,116999065600,37.210,44.396,1453832330,722971077348,222783492166,1409755278564
2635.722359,28567552,117012697088,37.723,44.395,1454006184,723056345081,222809597648,1409972544560
2636.082457,28570880,117026328576,37.855,44.394,1454179908,723140281684,222835589360,1410190159716
2636.468546,28574208,117039960064,35.307,44.393,1454364454,723237803309,222865560959,1410411236317
2636.846319,28577536,117053591552,36.084,44.392,1454545489,723320393735,222890914962,1410649027322
2637.211369,28580864,117067223040,37.341,44.391,1454717484,723407542401,222917626478,1410866631511
2637.579556,28584192,117080854528,37.023,44.390,1454896944,723493027674,222943829595,1411090217131
2637.945894,28587520,117094486016,37.210,44.389,1455067268,723579031182,222970246162,1411311046248
2638.323734,28590848,117108117504,36.077,44.387,1455240690,723667354912,222997312815,1411539665557
2638.688776,28594176,117121748992,37.342,44.386,1455420375,723754046909,223024037795,1411757743689
2639.047288,28597504,117135380480,38.022,44.385,1455599411,723839098490,223049914155,1411972669567
2639.401151,28600832,117149011968,38.522,44.385,1455772643,723919689199,223074744495,1412189806661
2639.754646,28604160,117162643456,38.562,44.384,1455949315,724002867983,223100554514,1412401933803
2640.141288,28607488,117176274944,35.256,44.383,1456134110,724091781663,223127920409,1412637851326
2640.551146,28610816,117189906432,33.259,44.381,1456313079,724174958915,223153613668,1412906788158
2641.515781,28614144,117203537920,14.131,44.370,1456495066,724269817389,223182939528,1413710374508
2643.099812,28617472,117217169408,8.606,44.348,1456716343,724378833354,223216475997,1415109591573
2643.775791,28620800,117230800896,20.166,44.342,1456899386,724469159967,223244350601,1415632468177
2644.154531,28624128,117244432384,35.992,44.341,1457094193,724550777839,223269447768,1415873185823
2644.527555,28627456,117258063872,36.543,44.340,1457262717,724632552528,223294548908,1416107950831
2644.909446,28630784,117271695360,35.695,44.339,1457436385,724719271159,223321273033,1416342826688
2645.300688,28634112,117285326848,34.842,44.337,1457614648,724801892043,223346719607,1416593996857
2645.682531,28637440,117298958336,35.699,44.336,1457779946,724885153904,223372363310,1416834652857
2646.045214,28640768,117312589824,37.585,44.335,1457942927,724966999207,223397425928,1417058775250
2646.437482,28644096,117326221312,34.750,44.334,1458122984,725054633200,223424314870,1417302661583
2646.817848,28647424,117339852800,35.838,44.332,1458291111,725140998412,223450684383,1417537129668
2647.197583,28650752,117353484288,35.897,44.331,1458455732,725223437314,223476060982,1417777273038
2647.571579,28654080,117367115776,36.448,44.330,1458619050,725305810461,223501444900,1418011639798
2647.937647,28657408,117380747264,37.238,44.329,1458790012,725389166893,223527063935,1418236621174
2648.311757,28660736,117394378752,36.437,44.328,1458977195,725474875231,223553125567,1418466268126
2648.669261,28664064,117408010240,38.130,44.327,1459142394,725558412484,223578641199,1418682684577
2649.037523,28667392,117421641728,37.016,44.326,1459311866,725642354376,223604463951,1418908500370
2649.413005,28670720,117435273216,36.304,44.325,1459483913,725729407127,223631266945,1419136179774
2649.795864,28674048,117448904704,35.604,44.324,1459705136,725817265468,223658308751,1419369795339
2650.172454,28677376,117462536192,36.197,44.323,1459889243,725903960357,223685071288,1419599256012
2650.539012,28680704,117476167680,37.188,44.322,1460061372,725986195458,223710278786,1419826510361
2650.904814,28684032,117489799168,37.265,44.321,1460232635,726073064812,223737044476,1420045149525
2651.255333,28687360,117503430656,38.889,44.320,1460407699,726160267855,223763891800,1420247889468
2651.611290,28690688,117517062144,38.295,44.319,1460582232,726248938004,223791171305,1420453873397
2651.971920,28694016,117530693632,37.799,44.318,1460759175,726331186987,223816357869,1420675432485
2652.332831,28697344,117544325120,37.770,44.317,1460937995,726416990885,223842891329,1420890780342
2652.683457,28700672,117557956608,38.878,44.317,1461116458,726503001719,223869485842,1421095457652
2653.023819,28704000,117571588096,40.050,44.316,1461291695,726584768784,223894653658,1421297144086
2653.367277,28707328,117585219584,39.689,44.315,1461465484,726668719518,223920496875,1421498321129
2653.727276,28710656,117598851072,37.865,44.315,1461641066,726755574952,223947160727,1421711216182
2654.091255,28713984,117612482560,37.451,44.314,1461819583,726844079351,223974342024,1421925257068
2654.448028,28717312,117626114048,38.208,44.313,1462003660,726932084213,224001456300,1422132909254
2654.802396,28720640,117639745536,38.467,44.312,1462172748,727015348610,224027467571,1422345906500
2655.193023,28723968,117653377024,34.896,44.311,1462367516,727104497695,224054883385,1422585667255
2656.746494,28727296,117667008512,8.775,44.290,1462570489,727203468054,224085054933,1423972177340
2657.991049,28730624,117680640000,10.953,44.274,1462777604,727302564493,224115340039,1425049187626
2658.377763,28733952,117694271488,35.250,44.273,1462957586,727389751622,224142392827,1425287822741
2658.764072,28737280,117707902976,35.286,44.272,1463129856,727471924120,224167625237,1425535020822
2659.150390,28740608,117721534464,35.286,44.270,1463363067,727554533500,224192995383,1425781574648
2659.533907,28743936,117735165952,35.543,44.269,1463537786,727635426813,224217990647,1426027883861
2659.922964,28747264,117748797440,35.037,44.268,1463713302,727729350203,224246891662,1426258014515
2660.300643,28750592,117762428928,36.093,44.267,1463886554,727812429421,224272518662,1426494742497
2660.693039,28753920,117776060416,34.739,44.265,1464067628,727899578724,224299406353,1426739358730
2661.095736,28757248,117789691904,33.850,44.264,1464239412,727985933773,224325874237,1426996051366
2661.467611,28760576,117803323392,36.656,44.263,1464412439,728068490097,224351358422,1427227791583
2661.852909,28763904,117816954880,35.379,44.261,1464596509,728162720094,224380353736,1427453447908
2662.225669,28767232,117830586368,36.569,44.260,1464777376,728248599236,224406912604,1427680572134
2662.601596,28770560,117844217856,36.261,44.259,1464941837,728330279814,224432222540,1427917934628
2662.976517,28773888,117857849344,36.358,44.258,1465113713,728411551387,224457152207,1428155006738
2663.342078,28777216,117871480832,37.289,44.257,1465287556,728495170890,224483017300,1428378806513
2663.709773,28780544,117885112320,37.073,44.256,1465458736,728576262847,224508297460,1428608608720
2664.079070,28783872,117898743808,36.912,44.255,1465631434,728658931648,224533784461,1428837704319
2664.456756,28787200,117912375296,36.092,44.254,1465810428,728743058678,224559749293,1429072701727
2664.832240,28790528,117926006784,36.304,44.253,1465979406,728826194438,224585420085,1429307163347
2665.206267,28793856,117939638272,36.445,44.252,1466158288,728912496627,224612079802,1429534927524
2665.579962,28797184,117953269760,36.478,44.251,1466337939,728999584966,224638702017,1429761401503
2665.948347,28800512,117966901248,37.003,44.250,1466514412,729080260872,224663547040,1429993005956
2666.314343,28803840,117980532736,37.245,44.249,1466687068,729165109172,224689562770,1430215371444
2666.678853,28807168,117994164224,37.397,44.248,1466898778,729249828596,224715559684,1430436484544
2667.033285,28810496,118007795712,38.460,44.247,1467066148,729330116971,224740344088,1430654776745
2667.400444,28813824,118021427200,37.127,44.246,1467246451,729412159086,224765437717,1430883283308
2667.771332,28817152,118035058688,36.754,44.245,1467423376,729496576592,224791507886,1431111004108
2668.125209,28820480,118048690176,38.520,44.244,1467598204,729579657500,224817237588,1431323592398
2668.488987,28823808,118062321664,37.472,44.243,1467782242,729663600959,224843291768,1431545014634
2668.852559,28827136,118075953152,37.493,44.242,1467959526,729746929511,224868887404,1431767468251
2669.223238,28830464,118089584640,36.774,44.241,1468134170,729828518733,224894084481,1431999693221
2669.623963,28833792,118103216128,34.017,44.240,1468309469,729916253552,224921065322,1432251909642
2670.547885,28837120,118116847616,14.754,44.229,1468503834,730010678684,224950073664,1433015757173
2672.102898,28840448,118130479104,8.766,44.209,1468721034,730116388860,224982735994,1434391637005
2672.847376,28843776,118144110592,18.310,44.202,1468968934,730213446236,225012673282,1434971724525
2674.515996,28847104,118157742080,8.169,44.179,1469185192,730322261064,225046165200,1436456073539
2675.571341,28850432,118171373568,12.917,44.167,1469380209,730420967122,225076463499,1437344412683
2675.955035,28853760,118185005056,35.527,44.166,1469560624,730507595354,225103135379,1437581208920
2676.342732,28857088,118198636544,35.160,44.164,1469797560,730593673077,225129823616,1437822788779
2676.731103,28860416,118212268032,35.099,44.163,1469978973,730677266767,225155505365,1438069419572
2677.121358,28863744,118225899520,34.930,44.162,1470148730,730760724462,225181271077,1438317979101
2677.500970,28867072,118239531008,35.909,44.160,1470316017,730844123849,225206962305,1438556274219
2677.881932,28870400,118253162496,35.782,44.159,1470492020,730928497708,225233135515,1438793951081
2678.279248,28873728,118266793984,34.309,44.158,1470666563,731011084367,225258506579,1439051238863
2678.681828,28877056,118280425472,33.860,44.156,1470842742,731101913471,225286576373,1439299723913
2679.057208,28880384,118294056960,36.314,44.155,1471027473,731189579655,225313394589,1439526885596
2679.425974,28883712,118307688448,36.965,44.154,1471203045,731271892481,225338536828,1439756557436
2679.794470,28887040,118321319936,36.992,44.153,1471432493,731356442152,225364545180,1439981963611
2680.175077,28890368,118334951424,35.815,44.152,1471606206,731440186829,225390118297,1440221286791
2680.552214,28893696,118348582912,36.145,44.151,1471779051,731525249576,225416276316,1440454306430
2680.918454,28897024,118362214400,37.220,44.150,1471952557,731607195558,225441483983,1440681757638
2681.287851,28900352,118375845888,36.902,44.149,1472121978,731691660209,225467495178,1440908381630
2681.660332,28903680,118389477376,36.596,44.148,1472291434,731775421685,225493137189,1441139024198
2682.046429,28907008,118403108864,35.306,44.147,1472471697,731865137430,225520535536,1441373433670
2682.424887,28910336,118416740352,36.018,44.145,1472655451,731950991194,225547164126,1441606040482
2682.791363,28913664,118430371840,37.196,44.144,1472824791,732033616683,225572616223,1441832495498
2683.162751,28916992,118444003328,36.704,44.143,1473003528,732119710148,225599104670,1442058324629
2683.530303,28920320,118457634816,37.087,44.142,1473172613,732202092851,225624521751,1442286255176
2683.901981,28923648,118471266304,36.675,44.141,1473349368,732285074245,225650126005,1442517474262
2684.262727,28926976,118484897792,37.787,44.141,1473557860,732370169421,225676314424,1442733975492
2684.627670,28930304,118498529280,37.352,44.140,1473738678,732456895465,225703062266,1442951993959
2684.990649,28933632,118512160768,37.554,44.139,1473912372,732539526416,225728650296,1443174794264
2685.365300,28936960,118525792256,36.385,44.138,1474086295,732623054940,225754402461,1443407780303
2685.719207,28940288,118539423744,38.517,44.137,1474268450,732707315619,225780266911,1443619201791
2686.077181,28943616,118553055232,38.080,44.136,1474444438,732792362277,225806306845,1443833504352
2686.443084,28946944,118566686720,37.254,44.135,1474616826,732876783050,225832341271,1444055998243
2686.811205,28950272,118580318208,37.030,44.134,1474784805,732958881772,225857546140,1444285108302
2687.223533,28953600,118593949696,33.060,44.133,1474963590,733043525779,225883713139,1444553844774
2689.131240,28956928,118607581184,7.145,44.106,1475168636,733145954220,225915265736,1446288228705
2690.389662,28960256,118621212672,10.832,44.091,1475358926,733236893788,225943355772,1447392464909
2692.440864,28963584,118634844160,6.646,44.062,1475560860,733338920061,225974798288,1449270654467
2694.718880,28966912,118648475648,5.984,44.030,1475798376,733446725856,226007926338,1451366165539
2695.259821,28970240,118662107136,25.200,44.026,1475986712,733534885104,226035110228,1451757751202
2695.641241,28973568,118675738624,35.739,44.025,1476168513,733617634392,226060553536,1451998799037
2696.026433,28976896,118689370112,35.389,44.024,1476342365,733701144621,226086289884,1452242352782
2696.411810,28980224,118703001600,35.372,44.023,1476516455,733787573234,226112784101,1452481604688
2696.792547,28983552,118716633088,35.803,44.021,1476686167,733869129006,226137902194,1452724392293
2697.162309,28986880,118730264576,36.866,44.020,1476852699,733951393459,226163073218,1452955079997
2697.540577,28990208,118743896064,36.037,44.019,1477023435,734039238580,226189956342,1453184853558
2697.938761,28993536,118757527552,34.234,44.018,1477196966,734123118403,226215781558,1453440943415
2698.330280,28996864,118771159040,34.817,44.017,1477372237,734208146137,226241745672,1453688827241
2698.700835,29000192,118784790528,36.787,44.016,1477572331,734293319642,226267920689,1453915336874
2699.067684,29003520,118798422016,37.158,44.015,1477765053,734375414432,226293113615,1454143257634
2699.437406,29006848,118812053504,36.870,44.014,1477936580,734460897847,226319266691,1454368393562
2699.812672,29010176,118825684992,36.325,44.013,1478114495,734544266035,226345008173,1454602124034
2700.190217,29013504,118839316480,36.106,44.011,1478299632,734630223418,226371462699,1454834124484
2700.555902,29016832,118852947968,37.277,44.011,1478467763,734715802704,226397881740,1455054498061
2700.923584,29020160,118866579456,37.074,44.010,1478641246,734797735617,226423423303,1455282796592
2701.302780,29023488,118880210944,35.948,44.008,1478816551,734886696372,226450761771,1455511267270
2701.675975,29026816,118893842432,36.526,44.007,1478984444,734971112656,226476787688,1455741474846
2702.048651,29030144,118907473920,36.577,44.006,1479163101,735055310034,226502767062,1455971333902
2702.419148,29033472,118921105408,36.793,44.005,1479341059,735139092841,226528558522,1456200084117
2702.788719,29036800,118934736896,36.885,44.004,1479515804,735225719762,226555119892,1456423091281
2703.153859,29040128,118948368384,37.332,44.004,1479697201,735307961356,226580478045,1456648759610
2703.521637,29043456,118961999872,37.064,44.003,1479871416,735391072884,226606063414,1456875613604
2703.880937,29046784,118975631360,37.939,44.002,1480043473,735474926527,226632030568,1457092563055
2704.229535,29050112,118989262848,39.104,44.001,1480217213,735556545230,226657157798,1457302746843
2704.601691,29053440,119002894336,36.628,44.000,1480391933,735641677160,226683235598,1457531221508
2704.974862,29056768,119016525824,36.529,43.999,1480580609,735725659414,226709141772,1457761933950
2705.314408,29060096,119030157312,40.146,43.999,1480754295,735806000194,226733921770,1457965374785
2705.679348,29063424,119043788800,37.353,43.998,1480936264,735895216659,226761376467,1458179584936
2706.039760,29066752,119057420288,37.822,43.997,1481113957,735980993630,226787707308,1458394787894
2706.415899,29070080,119071051776,36.241,43.996,1481326751,736069064402,226815017626,1458621443646
2707.191603,29073408,119084683264,17.573,43.988,1481523723,736162588595,226843739155,1459238745320
2709.244152,29076736,119098314752,6.641,43.960,1481726055,736260732989,226874030017,1461124898574
2711.332819,29080064,119111946240,6.526,43.931,1481944483,736365087252,226906262013,1463036576120
2712.616217,29083392,119125577728,10.621,43.915,1482143337,736461643328,226936030601,1464156295449
2714.472059,29086720,119139209216,7.345,43.890,1482348277,736564986346,226967804038,1465837261416
2714.867148,29090048,119152840704,34.502,43.889,1482520904,736647304609,226992984180,1466093196560
2715.253309,29093376,119166472192,35.300,43.888,1482698285,736731160694,227018797216,1466337184086
2715.640435,29096704,119180103680,35.212,43.887,1482881086,736817692386,227045421048,1466577513028
2716.022800,29100032,119193735168,35.650,43.885,1483048152,736901383788,227071213142,1466817924014
2716.405703,29103360,119207366656,35.600,43.884,1483215253,736985435115,227096955200,1467058595332
2716.776315,29106688,119220998144,36.781,43.883,1483380420,737065474828,227121593493,1467293451390
2717.166229,29110016,119234629632,34.960,43.882,1483553837,737149400292,227147546021,1467541003883
2717.554787,29113344,119248261120,35.082,43.881,1483722679,737231027733,227172573393,1467791456108
2717.941690,29116672,119261892608,35.232,43.879,1483899765,737314218677,227198210991,1468037356781
2718.313390,29120000,119275524096,36.673,43.879,1484065121,737396678421,227223516578,1468269305855
2718.687787,29123328,119289155584,36.409,43.877,1484243538,737484138945,227250400485,1468495254698
2719.062811,29126656,119302787072,36.348,43.876,1484422345,737568590096,227276336434,1468727165425
2719.453852,29129984,119316418560,34.859,43.875,1484593361,737665349690,227306016063,1468954449571
2719.834454,29133312,119330050048,35.816,43.874,1484765932,737748638483,227331495545,1469194343006
2720.206535,29136640,119343681536,36.636,43.873,1484941211,737835434934,227358060015,1469419396202
2720.595077,29139968,119357313024,35.084,43.872,1485137029,737926724490,227386284293,1469653419118
2720.973005,29143296,119370944512,36.069,43.871,1485308997,738013953058,227413151924,1469883578782
2721.359470,29146624,119384576000,35.272,43.869,1485486017,738109435715,227442529285,1470108268102
2721.730230,29149952,119398207488,36.766,43.868,1485712946,738191111606,227467696330,1470340484603
2722.092419,29153280,119411838976,37.636,43.868,1485889586,738272711736,227492725149,1470564514945
2722.461801,29156608,119425470464,36.903,43.867,1486064323,738356411641,227518515400,1470792003028
2722.834897,29159936,119439101952,36.536,43.866,1486285692,738440812915,227544521819,1471022069575
2723.207028,29163264,119452733440,36.631,43.865,1486467834,738523818909,227570086668,1471253359340
2723.562815,29166592,119466364928,38.314,43.864,1486637879,738604814637,227594966550,1471472089159
2723.917766,29169920,119479996416,38.404,43.863,1486812843,738686166825,227620199335,1471688623863
2724.279567,29173248,119493627904,37.677,43.862,1486996374,738770651172,227646211078,1471907236133
2724.654127,29176576,119507259392,36.393,43.861,1487181750,738856704233,227672555327,1472136393657
2725.008358,29179904,119520890880,38.482,43.861,1487345635,738936630698,227697280589,1472354742708
2725.370605,29183232,119534522368,37.630,43.860,1487519319,739022231271,227723481582,1472571924460
2725.729636,29186560,119548153856,37.967,43.859,1487684396,739104628057,227748927964,1472791235975
2726.146717,29189888,119561785344,32.683,43.857,1487868080,739194177646,227776360797,1473056724009
2727.326837,29193216,119575416832,11.551,43.843,1488069350,739287928952,227805356306,1474077627656
2728.844982,29196544,119589048320,8.979,43.824,1488270695,739385463017,227835298776,1475430574320
2729.586444,29199872,119602679808,18.385,43.817,1488457435,739472859322,227862237632,1476023822911
2731.135084,29203200,119616311296,8.802,43.797,1488670901,739576180891,227893902829,1477397659972
2731.956463,29206528,119629942784,16.596,43.789,1488873075,739667717994,227921824742,1478064490854
2732.356430,29209856,119643574272,34.082,43.788,1489040353,739754945435,227948375224,1478317229340
2732.738881,29213184,119657205760,35.642,43.787,1489210519,739836158877,227973424877,1478561891563
2733.133208,29216512,119670837248,34.569,43.785,1489391279,739923272659,228000269914,1478808668119
2733.516301,29219840,119684468736,35.583,43.784,1489558037,740006951827,228025946413,1479050072923
2733.911087,29223168,119698100224,34.529,43.783,1489729017,740097170521,228053748661,1479292018576
2734.295080,29226496,119711731712,35.499,43.782,1489908630,740185431370,228080678833,1479526813835
2734.686263,29229824,119725363200,34.847,43.780,1490086089,740269639190,228106477039,1479775405468
2735.087176,29233152,119738994688,34.001,43.779,1490268334,740355115974,228132683672,1480031759309
2735.477937,29236480,119752626176,34.884,43.778,1490448172,740440945548,228158911567,1480277624070
2735.808588,29239808,119766257664,41.226,43.777,1490620422,740524798357,228184656911,1480466327714
2736.115719,29243136,119779889152,44.383,43.777,1490785976,740609304667,228210582550,1480630450372
2736.420745,29246464,119793520640,44.690,43.777,1490957502,740691697677,228235893108,1480795791245
2736.723072,29249792,119807152128,45.089,43.778,1491112886,740773697402,228261311302,1480958957510
2737.024303,29253120,119820783616,45.253,43.778,1491272476,740854598829,228286166161,1481122959360
2737.328122,29256448,119834415104,44.867,43.778,1491436275,740933804677,228310589179,1481292628134
2737.638347,29259776,119848046592,43.941,43.778,1491607855,741017176534,228336062339,1481461986383
2737.934554,29263104,119861678080,46.020,43.778,1491767958,741096624910,228360371229,1481623959218
2738.235319,29266432,119875309568,45.323,43.778,1491925595,741177813027,228385324488,1481787295817
2738.534285,29269760,119888941056,45.595,43.779,1492082674,741263717740,228411743921,1481940661354
2738.835821,29273088,119902572544,45.207,43.779,1492245681,741346906388,228437265873,1482101256070
2739.129336,29276416,119916204032,46.442,43.779,1492411446,741428496310,228462372458,1482256538067
2739.426923,29279744,119929835520,45.807,43.779,1492574154,741509259247,228487171801,1482417382238
2739.732422,29283072,119943467008,44.620,43.779,1492739547,741594791862,228513526023,1482577982066
2740.043082,29286400,119957098496,43.879,43.779,1492904690,741678964214,228539460757,1482746008105
2740.349877,29289728,119970729984,44.432,43.779,1493069197,741759705095,228564318181,1482915887017
2740.658870,29293056,119984361472,44.116,43.779,1493234937,741845059474,228590685011,1483080326642
2740.967564,29296384,119997992960,44.158,43.779,1493400861,741926116389,228615686106,1483251585262
2741.271114,29299712,120011624448,44.907,43.780,1493565755,742006592695,228640415771,1483418679925
2741.588021,29303040,120025255936,43.014,43.779,1493730561,742088516220,228665558608,1483596664124
2741.931246,29306368,120038887424,39.716,43.779,1493903096,742171456394,228691049223,1483799243984
2742.322151,29309696,120052518912,34.872,43.778,1494079231,742257885644,228717738848,1484043802348
2743.678149,29313024,120066150400,10.053,43.761,1494289269,742355696239,228747714244,1485234337005
2745.061234,29316352,120079781888,9.856,43.744,1494498969,742457159379,228779063868,1486445187355
2745.735193,29319680,120093413376,20.226,43.738,1494723583,742548862547,228807144015,1486963895580
2746.627736,29323008,120107044864,15.273,43.729,1494913436,742645652856,228836985294,1487692303355
2747.559393,29326336,120120676352,14.631,43.719,1495113718,742745416461,228867356658,1488455705144
2748.400295,29329664,120134307840,16.211,43.711,1495363373,742847387952,228898684451,1489123746400
2749.295856,29332992,120147939328,15.221,43.701,1495555352,742941974247,228927671772,1489859220238
2750.963953,29336320,120161570816,8.172,43.680,1495785166,743053211654,228961996665,1491338510034
2751.546656,29339648,120175202304,23.394,43.676,1495973452,743143404524,228989655016,1491768719144
2751.936664,29342976,120188833792,34.952,43.674,1496148704,743234721623,229017748814,1492004021527
2752.324149,29346304,120202465280,35.179,43.673,1496318291,743324246124,229045236778,1492239796606
2752.708887,29349632,120216096768,35.431,43.672,1496487496,743405349703,229070206526,1492486966607
2753.077456,29352960,120229728256,36.985,43.671,1496659482,743485825848,229095027821,1492719181009
2753.465655,29356288,120243359744,35.115,43.670,1496839311,743576330553,229122935566,1492954127941
2753.863151,29359616,120256991232,34.293,43.668,1497019128,743665683908,229150373626,1493200415395
2754.266891,29362944,120270622720,33.763,43.667,1497194211,743755541834,229178027626,1493451941069
2754.666461,29366272,120284254208,34.115,43.666,1497376040,743844182910,229205324119,1493701271483
2755.030674,29369600,120297885696,37.427,43.665,1497550964,743927181251,229230675470,1493925182131
2755.404382,29372928,120311517184,36.476,43.664,1497724988,744011128522,229256437830,1494156776872
2755.783400,29376256,120325148672,35.965,43.663,1497899655,744104227299,229285056068,1494378154427
2756.176080,29379584,120338780160,34.714,43.661,1498078989,744195007343,229313088592,1494617077523
2756.542293,29382912,120352411648,37.223,43.661,1498245296,744276687723,229338164183,1494844745664
2756.905661,29386240,120366043136,37.514,43.660,1498446041,744357731249,229363212242,1495070533989
2757.271465,29389568,120379674624,37.264,43.659,1498617339,744440044128,229388598428,1495296701759
2757.649906,29392896,120393306112,36.020,43.658,1498790175,744522598081,229413958691,1495535363690
2758.032981,29396224,120406937600,35.584,43.657,1498972006,744610956847,229441290768,1495768466452
2758.390770,29399552,120420569088,38.099,43.656,1499154875,744695446627,229467266738,1495983186074
2758.743398,29402880,120434200576,38.657,43.655,1499329121,744780017611,229493221796,1496192705981
2759.104142,29406208,120447832064,37.787,43.655,1499514311,744866993017,229519916891,1496406170362
2759.460320,29409536,120461463552,38.272,43.654,1499690139,744952136019,229545932161,1496618448480
2759.808359,29412864,120475095040,39.167,43.653,1499871363,745034014747,229571097650,1496827836925
2760.167671,29416192,120488726528,37.938,43.653,1500053304,745119865161,229597510462,1497041685277
2760.527970,29419520,120502358016,37.834,43.652,1500231401,745204155851,229623526404,1497259014985
2760.889042,29422848,120515989504,37.753,43.651,1500455814,745287262843,229649037654,1497479323209
2761.270408,29426176,120529620992,35.744,43.650,1500639941,745379217247,229677420521,1497704711680
2761.621193,29429504,120543252480,38.860,43.649,1500815365,745460927468,229702600776,1497916864643
2761.983785,29432832,120556883968,37.595,43.649,1500991236,745545070166,229728531341,1498136791613
2762.343322,29436160,120570515456,37.914,43.648,1501163387,745628597397,229754285126,1498354755492
2762.731968,29439488,120584146944,35.074,43.647,1501347406,745717748357,229781730147,1498592184332
2763.150265,29442816,120597778432,32.588,43.645,1501535929,745822139085,229813958034,1498833348709
2764.707672,29446144,120611409920,8.753,43.625,1501751042,745928314457,229846642382,1500210650390
2765.910977,29449472,120625041408,11.328,43.611,1501947211,746025920107,229876729018,1501248278965
2767.000985,29452800,120638672896,12.506,43.599,1502141543,746128629819,229907845083,1502165426095
2768.645701,29456128,120652304384,8.288,43.578,1502364269,746232962997,229939848122,1503633510768
2769.069591,29459456,120665935872,32.158,43.576,1502546702,746318412932,229966322048,1503912184541
2769.448351,29462784,120679567360,35.990,43.575,1502715614,746399624965,229991351721,1504153260373
2769.840842,29466112,120693198848,34.731,43.574,1502920647,746489810486,230019049941,1504392785074
2770.234301,29469440,120706830336,34.645,43.573,1503106331,746578870551,230046394672,1504635186737
2770.610245,29472768,120720461824,36.259,43.572,1503277824,746663937536,230072615209,1504866835215
2770.991393,29476096,120734093312,35.764,43.571,1503457368,746752272203,230099727385,1505098281383
2771.376580,29479424,120747724800,35.389,43.570,1503629729,746842329697,230127162788,1505331662064
2771.802980,29482752,120761356288,31.969,43.568,1503826009,746946904183,230159342383,1505580909966
2772.196217,29486080,120774987776,34.665,43.567,1504046357,747033075067,230185860950,1505827984321
2772.578039,29489408,120788619264,35.701,43.565,1504225459,747123109472,230213738083,1506056886837
2772.951452,29492736,120802250752,36.505,43.565,1504395745,747207163948,230239648081,1506287809121
2773.321568,29496064,120815882240,36.830,43.564,1504606664,747290598472,230265343763,1506516498188
2773.722380,29499392,120829513728,34.010,43.562,1504782775,747386095654,230294798732,1506755303614
2774.087293,29502720,120843145216,37.355,43.561,1504960004,747469285304,230320488872,1506979108050
2774.464327,29506048,120856776704,36.155,43.560,1505134720,747558424925,230347975093,1507204936850
2774.830849,29509376,120870408192,37.191,43.560,1505314066,747641764524,230373663946,1507430049286
2775.209490,29512704,120884039680,36.001,43.559,1505510064,747728243294,230400447564,1507661675856
2775.603105,29516032,120897671168,34.632,43.557,1505694338,747827310104,230430926913,1507887409825
2775.980518,29519360,120911302656,36.118,43.556,1505876713,747915440732,230457965593,1508115641324
2776.391264,29522688,120924934144,33.187,43.555,1506062656,748027644963,230492397805,1508336583176
2776.811654,29526016,120938565632,32.426,43.553,1506268292,748146898161,230529198032,1508554737119
2777.199563,29529344,120952197120,35.141,43.552,1506477255,748242763921,230558447499,1508781074212
2777.553958,29532672,120965828608,38.464,43.551,1506643816,748324011142,230583477009,1508997697091
2777.902044,29536000,120979460096,39.161,43.551,1506812059,748409490977,230609632800,1509201385756
2778.252154,29539328,120993091584,38.935,43.550,1506988944,748496750123,230636655937,1509403433359
2778.597705,29542656,121006723072,39.449,43.550,1507186685,748579210655,230662169611,1509608858854
2778.957115,29545984,121020354560,37.927,43.549,1507358199,748663246036,230688134313,1509825936861
2779.313999,29549312,121033986048,38.196,43.548,1507536568,748756950538,230716848224,1510024185707
2779.674811,29552640,121047617536,37.780,43.547,1507711094,748845066741,230744000530,1510235778568
2780.021532,29555968,121061249024,39.315,43.547,1507881601,748929850082,230770089850,1510438904389
2780.401202,29559296,121074880512,35.903,43.546,1508056609,749024445332,230799265060,1510658151619
2780.977861,29562624,121088512000,23.639,43.542,1508245906,749118622776,230828216445,1511075168515
2782.548995,29565952,121102143488,8.676,43.522,1508468467,749233701576,230863524589,1512451406969
2783.551364,29569280,121115774976,13.599,43.511,1508664218,749329555504,230893040938,1513291305048
2784.807404,29572608,121129406464,10.853,43.497,1508877040,749439442353,230926616286,1514361483575
2786.298262,29575936,121143037952,9.143,43.478,1509088389,749544708116,230959085581,1515673988139
2786.699273,29579264,121156669440,33.993,43.477,1509263294,749629984751,230985448286,1515930260627
2787.080037,29582592,121170300928,35.800,43.476,1509439591,749711857639,231010640719,1516172318045
2787.469234,29585920,121183932416,35.025,43.475,1509615295,749797382421,231037059406,1516416345661
2787.852331,29589248,121197563904,35.582,43.473,1509797345,749881318038,231062962997,1516657039830
2788.234479,29592576,121211195392,35.671,43.472,1509971778,749966656072,231089197909,1516894427388
2788.613462,29595904,121224826880,35.969,43.471,1510136976,750049641090,231114621430,1517132962422
2788.999973,29599232,121238458368,35.268,43.470,1510318612,750133267082,231140273527,1517377795633
2789.394099,29602560,121252089856,34.587,43.469,1510487272,750217119404,231166019725,1517629775355
2789.780352,29605888,121265721344,35.292,43.468,1510657107,750299099950,231191043573,1517877351248
2790.148302,29609216,121279352832,37.047,43.467,1510827923,750382654579,231216757193,1518103760078
2790.517468,29612544,121292984320,36.925,43.466,1510997828,750464712334,231242004985,1518333855380
2790.886164,29615872,121306615808,36.972,43.465,1511172921,750550375825,231268435240,1518557338202
2791.293857,29619200,121320247296,33.436,43.464,1511360850,750652223083,231299590505,1518792749032
2791.691578,29622528,121333878784,34.274,43.462,1511548780,750758401786,231332167005,1519010913688
2792.065661,29625856,121347510272,36.440,43.462,1511724867,750843402886,231358468901,1519240919894
2792.445573,29629184,121361141760,35.881,43.461,1511896409,750931158383,231385370085,1519472273206
2792.831701,29632512,121374773248,35.303,43.459,1512074519,751022050776,231413119944,1519704743063
2793.219190,29635840,121388404736,35.179,43.458,1512252642,751113919727,231441368210,1519936719833
2793.603143,29639168,121402036224,35.503,43.457,1512435349,751206788757,231470095167,1520163061603
2793.989043,29642496,121415667712,35.324,43.456,1512622695,751301486580,231499239860,1520388406103
2794.391154,29645824,121429299200,33.900,43.455,1512807952,751409342862,231532300936,1520608505085
2794.813057,29649152,121442930688,32.310,43.453,1512998885,751527712985,231568652422,1520830224817
2795.229166,29652480,121456562176,32.759,43.451,1513187433,751644110514,231604446950,1521049540144
2795.611263,29655808,121470193664,35.676,43.450,1513365285,751742773031,231634847343,1521264647531
2795.968938,29659136,121483825152,38.111,43.450,1513532994,751825298652,231660196707,1521482570605
2796.331419,29662464,121497456640,37.606,43.449,1513698813,751910002157,231686297074,1521701412251
2796.701290,29665792,121511088128,36.855,43.448,1513871291,751993001847,231711748673,1521930859515
2797.053889,29669120,121524719616,38.660,43.447,1514046993,752074440682,231736967129,1522145220810
2797.416387,29672448,121538351104,37.604,43.447,1514223388,752157910232,231762679136,1522366276926
2797.778854,29675776,121551982592,37.607,43.446,1514396646,752239933212,231788072696,1522589484397
2798.172343,29679104,121565614080,34.643,43.445,1514582757,752325501330,231814362445,1522838229589
2799.108916,29682432,121579245568,14.555,43.435,1514774674,752417780531,231842877034,1523618084465
2800.960211,29685760,121592877056,7.363,43.411,1514994712,752528388301,231877002737,1525281757777
2802.159943,29689088,121606508544,11.362,43.397,1515199344,752631239369,231908730267,1526307178412
2803.745408,29692416,121620140032,8.598,43.378,1515404432,752731411331,231939592503,1527723016577
2804.113977,29695744,121633771520,36.985,43.377,1515567500,752812532750,231964722159,1527953919228
2804.502577,29699072,121647403008,35.078,43.376,1515741889,752894469519,231989824537,1528203767165
2804.885128,29702400,121661034496,35.633,43.375,1515913471,752977504332,232015401957,1528445475854
2805.275091,29705728,121674665984,34.956,43.374,1516096172,753060685802,232041152882,1528694149249
2805.655190,29709056,121688297472,35.863,43.373,1516270275,753144942185,232067224197,1528931288580
2806.039570,29712384,121701928960,35.464,43.371,1516442981,753231506791,232093733892,1529169224785
2806.417569,29715712,121715560448,36.062,43.370,1516608904,753315111291,232119475660,1529405596335
2806.804106,29719040,121729191936,35.266,43.369,1516776951,753400002671,232145548055,1529648268082
2807.190887,29722368,121742823424,35.243,43.368,1516956650,753485167507,232171835962,1529890658886
2807.579452,29725696,121756454912,35.082,43.367,1517133786,753567485328,232197129396,1530139458970
2807.955845,29729024,121770086400,36.216,43.366,1517306223,753653463555,232223475668,1530370389394
2808.328880,29732352,121783717888,36.542,43.365,1517479706,753735546656,232248733383,1530604318776
2808.691551,29735680,121797349376,37.586,43.364,1517650320,753817630971,232274068932,1530827737305
2809.076475,29739008,121810980864,35.413,43.363,1517827130,753905515261,232301140855,1531063703997
2809.473345,29742336,121824612352,34.348,43.362,1518011305,754006339140,232331652704,1531290975087
2809.857017,29745664,121838243840,35.529,43.361,1518189086,754093783598,232358696382,1531526198863
2810.229324,29748992,121851875328,36.614,43.360,1518354271,754174582027,232383406668,1531761894564
2810.614444,29752320,121865506816,35.395,43.359,1518528974,754268480898,232412361335,1531987899130
2810.983855,29755648,121879138304,36.901,43.358,1518704675,754350236204,232437527065,1532218749113
2811.371622,29758976,121892769792,35.154,43.357,1518883887,754441844952,232465763514,1532451270251
2811.746238,29762304,121906401280,36.388,43.356,1519062068,754531057681,232493234562,1532674608273
2812.113325,29765632,121920032768,37.134,43.355,1519233443,754613921453,232518791295,1532901121036
2812.483358,29768960,121933664256,36.839,43.354,1519402874,754699339360,232545066040,1533126539025
2812.854947,29772288,121947295744,36.684,43.354,1519585010,754786305345,232571779352,1533350916391
2813.213775,29775616,121960927232,37.989,43.353,1519761409,754871068581,232597908965,1533565686375
2813.570525,29778944,121974558720,38.210,43.352,1519936276,754953888202,232623338511,1533782062447
2813.946709,29782272,121988190208,36.236,43.351,1520114986,755041901314,232650468708,1534008938301
2814.318873,29785600,122001821696,36.628,43.350,1520296284,755127152356,232676639807,1534236792271
2814.677464,29788928,122015453184,38.014,43.350,1520471083,755211455392,232702765788,1534452386488
2815.034398,29792256,122029084672,38.190,43.349,1520668301,755292876763,232727609229,1534671741176
2815.421149,29795584,122042716160,35.246,43.348,1520842133,755376624016,232753334234,1534916725385
2817.102517,29798912,122056347648,8.107,43.327,1521050318,755480243869,232785136346,1536422722542
2818.382879,29802240,122069979136,10.647,43.312,1521267089,755582726073,232816655151,1537529462510
2820.629882,29805568,122083610624,6.067,43.282,1521471556,755684212653,232847778211,1539604671738
2822.563431,29808896,122097242112,7.050,43.258,1521680379,755789931608,232880165903,1541359379648
2823.445489,29812224,122110873600,15.454,43.249,1521873000,755880779638,232908071575,1542087632252
2823.815354,29815552,122124505088,36.855,43.248,1522044618,755962641471,232933309097,1542318883381
2824.202959,29818880,122138136576,35.168,43.247,1522226383,756047261739,232959295141,1542563562754
2824.588441,29822208,122151768064,35.362,43.246,1522387083,756131321454,232984951332,1542806968607
2824.967890,29825536,122165399552,35.924,43.245,1522564553,756211873063,233009718769,1543049924417
2825.353283,29828864,122179031040,35.370,43.244,1522736379,756295352686,233035196656,1543294143253
2825.735869,29832192,122192662528,35.630,43.243,1522907362,756378276929,233060756871,1543536147415
2826.135383,29835520,122206294016,34.120,43.241,1523095254,756471864126,233089438288,1543777669597
2826.525734,29838848,122219925504,34.921,43.240,1523276595,756558984168,233116193099,1544020485229
2826.901413,29842176,122233556992,36.285,43.239,1523441880,756640788614,233141406010,1544257383162
2827.287517,29845504,122247188480,35.305,43.238,1523616432,756722557137,233166571595,1544505057788
2827.652331,29848832,122260819968,37.366,43.238,1523844356,756804142002,233191591345,1544731574290
2828.031322,29852160,122274451456,35.968,43.237,1524019228,756892643971,233219052157,1544960464083
2828.398518,29855488,122288082944,37.123,43.236,1524197254,756977206325,233245151125,1545184442728
2828.770430,29858816,122301714432,36.652,43.235,1524368607,757058209364,233270000834,1545419253611
2829.146887,29862144,122315345920,36.210,43.234,1524546078,757140854456,233295312696,1545655975399
2829.523794,29865472,122328977408,36.167,43.233,1524723395,757224119481,233320868441,1545892066992
2829.902727,29868800,122342608896,35.973,43.232,1524901468,757309804356,233347192826,1546125565186
2830.275301,29872128,122356240384,36.587,43.231,1525075676,757395076904,233373548117,1546353602035
2830.654205,29875456,122369871872,35.976,43.230,1525254194,757482273047,233400314441,1546584908546
2831.025612,29878784,122383503360,36.702,43.229,1525424376,757564387117,233425696692,1546816893903
2831.395087,29882112,122397134848,36.894,43.229,1525592585,757649777511,233452140303,1547041541783
2831.785356,29885440,122410766336,34.929,43.227,1525777048,757748096891,233482526278,1547264993547
2832.151743,29888768,122424397824,37.205,43.227,1525950529,757830258400,233507871557,1547491856329
2832.513960,29892096,122438029312,37.633,43.226,1526152705,757913485249,233533437922,1547713004892
2832.873414,29895424,122451660800,37.923,43.225,1526323089,757998590282,233559612476,1547928163446
2833.226714,29898752,122465292288,38.583,43.225,1526499817,758083718642,233585861511,1548137149142
2833.582656,29902080,122478923776,38.297,43.224,1526672440,758164803786,233610820332,1548355872131
2833.962381,29905408,122492555264,35.898,43.223,1526856348,758252403895,233637764738,1548587076742
2834.315162,29908736,122506186752,38.640,43.222,1527021153,758334103739,233663003649,1548801409267
2834.677125,29912064,122519818240,37.660,43.222,1527191148,758415930195,233688173887,1549024646485
2835.216511,29915392,122533449728,25.272,43.218,1527385656,758510812464,233717189378,1549403679109
2837.378662,29918720,122547081216,6.305,43.190,1527610028,758619147653,233750612143,1551382043244
2838.271974,29922048,122560712704,15.259,43.181,1527825327,758707569159,233777990167,1552125315534
2840.266773,29925376,122574344192,6.834,43.156,1528050733,758819536731,233812403712,1553930448598
2841.344470,29928704,122587975680,12.649,43.144,1528255774,758924203861,233844677520,1554830725972
2843.057071,29932032,122601607168,7.960,43.123,1528470057,759029190719,233877048989,1556365199543
2843.429986,29935360,122615238656,36.554,43.122,1528671498,759109212700,233901731635,1556602474531
2843.824578,29938688,122628870144,34.546,43.121,1528847536,759193611472,233927850893,1556853677587
2844.203726,29942016,122642501632,35.953,43.120,1529019190,759276072471,233953235908,1557093083075
2844.590011,29945344,122656133120,35.289,43.119,1529200922,759359015612,233978814919,1557338725405
2844.969506,29948672,122669764608,35.920,43.118,1529389535,759439820068,234003718452,1557581199026
2845.351209,29952000,122683396096,35.712,43.117,1529572465,759523394339,234029290627,1557821412677
2845.732575,29955328,122697027584,35.744,43.116,1529747880,759609997780,234055978255,1558055875058
2846.124092,29958656,122710659072,34.817,43.115,1529923539,759699519817,234083314083,1558296433490
2846.522961,29961984,122724290560,34.175,43.114,1530099500,759786612853,234110064443,1558547876984
2846.900774,29965312,122737922048,36.080,43.113,1530269278,759871041182,234136213231,1558782226427
2847.207933,29968640,122751553536,44.379,43.113,1530431003,759953412140,234161543782,1558949731993
2847.516891,29971968,122765185024,44.121,43.113,1530594350,760034922091,234186616263,1559120489915
2847.822209,29975296,122778816512,44.647,43.113,1530756573,760116215052,234211677359,1559287989954
2848.129788,29978624,122792448000,44.319,43.113,1530926606,760198330642,234236993644,1559456429449
2848.437018,29981952,122806079488,44.369,43.113,1531086953,760278926458,234261812650,1559627097391
2848.752863,29985280,122819710976,43.159,43.114,1531258555,760361792940,234287557253,1559802300196
2849.077552,29988608,122833342464,41.983,43.113,1531425281,760445616264,234313347018,1559984863040
2849.396242,29991936,122846973952,42.774,43.113,1531590933,760530748802,234339480246,1560159260906
2849.719532,29995264,122860605440,42.165,43.113,1531752424,760613248655,234364839692,1560342734120
2850.031750,29998592,122874236928,43.660,43.113,1531948873,760695491503,234389937725,1560515951506
2850.353512,30001920,122887868416,42.365,43.113,1532124336,760782970977,234416716856,1560689809414
2850.670775,30005248,122901499904,42.966,43.113,1532284252,760863839845,234441811166,1560869597844
2850.980775,30008576,122915131392,43.973,43.113,1532442671,760946105574,234467073565,1561040361709
2851.290906,30011904,122928762880,43.954,43.113,1532599428,761028901216,234492383910,1561210893178
2851.595258,30015232,122942394368,44.789,43.114,1532758011,761107743744,234516670755,1561381607138
2851.901951,30018560,122956025856,44.447,43.114,1532913407,761190003920,234541939288,1561549030131
2852.210505,30021888,122969657344,44.179,43.114,1533083503,761273047877,234567517851,1561716708453
2852.514487,30025216,122983288832,44.843,43.114,1533244238,761352542630,234591971567,1561885929147
2852.826668,30028544,122996920320,43.665,43.114,1533406761,761434919183,234617315292,1562058511745
2853.143797,30031872,123010551808,42.984,43.114,1533579820,761520986627,234643940667,1562229727921
2853.535610,30035200,123024183296,34.791,43.113,1533751484,761607426677,234670475105,1562475017712
2854.464490,30038528,123037814784,14.675,43.104,1533943239,761700388859,234699214421,1563246078363
2856.016170,30041856,123051446272,8.785,43.085,1534158471,761811894860,234733574192,1564608681694
2856.738727,30045184,123065077760,18.866,43.079,1534354823,761901474403,234760954957,1565179856171
2857.633661,30048512,123078709248,15.232,43.070,1534539346,761985592929,234787053924,1565931828347
2858.529429,30051840,123092340736,15.218,43.061,1534734499,762079747840,234815989022,1566668203291
2859.429040,30055168,123105972224,15.153,43.053,1534927620,762167377149,234842858731,1567419514902
2860.021209,30058496,123119603712,23.020,43.048,1535101899,762250616259,234868395741,1567870893448
2861.551761,30061824,123133235200,8.906,43.030,1535316530,762356985891,234901014569,1569221398100
2862.687095,30065152,123146866688,12.007,43.018,1535515161,762453800407,234930907952,1570192549549
2863.071435,30068480,123160498176,35.467,43.017,1535685919,762536640031,234956476602,1570436304153
2863.451588,30071808,123174129664,35.858,43.016,1535853217,762617321709,234981323064,1570679632934
2863.838600,30075136,123187761152,35.222,43.015,1536025941,762701471532,235007195000,1570924106756
2864.220230,30078464,123201392640,35.719,43.014,1536193232,762782191459,235032127365,1571168822956
2864.597228,30081792,123215024128,36.158,43.013,1536365828,762864178649,235057363421,1571407063767
2864.971057,30085120,123228655616,36.465,43.012,1536530300,762945806477,235082655638,1571642232016
2865.368127,30088448,123242287104,34.330,43.011,1536726970,763031782149,235109072162,1571893650390
2865.772888,30091776,123255918592,33.678,43.010,1536899187,763116642307,235135316737,1572154432431
2866.137739,30095104,123269550080,37.362,43.009,1537064682,763201400580,235161025255,1572376681544
2866.527803,30098432,123283181568,34.947,43.008,1537253141,763299048186,235191113679,1572601242736
2866.899443,30101760,123296813056,36.679,43.007,1537417770,763379631498,235215941107,1572836247296
2867.277768,30105088,123310444544,36.031,43.006,1537589958,763463390394,235241657925,1573072565272
2867.658158,30108416,123324076032,35.836,43.005,1537760449,763543955157,235266452193,1573316418703
2868.031201,30111744,123337707520,36.541,43.004,1537937647,763632481028,235293581714,1573539498405
2868.399385,30115072,123351339008,37.024,43.004,1538108721,763714918198,235318850748,1573768172776
2868.772179,30118400,123364970496,36.566,43.003,1538280457,763798919297,235344494257,1573999098020
2869.145225,30121728,123378601984,36.541,43.002,1538449968,763880811750,235369684941,1574233199830
2869.522458,30125056,123392233472,36.135,43.001,1538679645,763965285823,235395782891,1574467170231
2869.913254,30128384,123405864960,34.881,43.000,1538867349,764066978997,235427095607,1574685515542
2870.278211,30131712,123419496448,37.351,42.999,1539037034,764148286248,235452119244,1574912658319
2870.653490,30135040,123433127936,36.324,42.998,1539218737,764235819337,235478964677,1575139739491
2871.043049,30138368,123446759424,34.992,42.997,1539397719,764332090807,235508643445,1575366086620
2871.412792,30141696,123460390912,36.867,42.996,1539575924,764421534392,235536080963,1575584387199
2871.789648,30145024,123474022400,36.172,42.995,1539755352,764519601409,235566372481,1575794935167
2872.155109,30148352,123487653888,37.299,42.995,1539930476,764605544609,235592676882,1576015012484
2872.532000,30151680,123501285376,36.168,42.994,1540110222,764689740264,235618516157,1576249221335
2872.892716,30155008,123514916864,37.790,42.993,1540300141,764776576919,235645285518,1576462776961
2873.262062,30158336,123528548352,36.907,42.992,1540476661,764864413053,235672319160,1576683144077
2873.630600,30161664,123542179840,36.988,42.992,1540648274,764949983172,235698679903,1576906817073
2874.004263,30164992,123555811328,36.481,42.991,1540822346,765040027767,235726598923,1577127538011
2874.430193,30168320,123569442816,32.004,42.989,1541002473,765124223431,235752611758,1577410551295
2875.505564,30171648,123583074304,12.676,42.978,1541201001,765224311612,235783360577,1578316310667
2877.061771,30174976,123596705792,8.759,42.959,1541408591,765328433776,235815489001,1579695990919
2877.510825,30178304,123610337280,30.356,42.957,1541580941,765410616151,235840824521,1580005805230
2877.860099,30181632,123623968768,39.028,42.957,1541748614,765493033623,235866305587,1580215224907
2878.255134,30184960,123637600256,34.507,42.956,1541917263,765574658055,235891560466,1580471730610
2878.637709,30188288,123651231744,35.631,42.955,1542086880,765655277250,235916448035,1580717432833
2879.025734,30191616,123664863232,35.130,42.954,1542254415,765740567954,235942693362,1580960969142
2879.415094,30194944,123678494720,35.010,42.953,1542431687,765826534044,235969158396,1581204702825
2879.797254,30198272,123692126208,35.670,42.952,1542589996,765907003467,235993856832,1581450676704
2880.191315,30201600,123705757696,34.592,42.951,1542765229,765994415745,236020798938,1581696648013
2880.570362,30204928,123719389184,35.962,42.950,1542931628,766075773459,236045860300,1581937644287
2880.959395,30208256,123733020672,35.039,42.949,1543102441,766160836722,236072167787,1582182576910
2881.360123,30211584,123746652160,34.017,42.947,1543282037,766256640832,236101454936,1582421468273
2881.687588,30214912,123760283648,41.627,42.947,1543449525,766336577836,236125940831,1582613744147
2881.998482,30218240,123773915136,43.846,42.947,1543611822,766419933365,236151535278,1582783610821
2882.302467,30221568,123787546624,44.843,42.947,1543777680,766503730200,236177475046,1582945297639
2882.608573,30224896,123801178112,44.532,42.948,1543935007,766583124179,236202151701,1583116401602
2882.921003,30228224,123814809600,43.631,42.948,1544097865,766668467327,236228468945,1583284225322
2883.241357,30231552,123828441088,42.551,42.948,1544279946,766754843715,236255019750,1583458532624
2883.559284,30234880,123842072576,42.876,42.948,1544442895,766837275690,236280447842,1583636827297
2883.854427,30238208,123855704064,46.186,42.948,1544600677,766917587350,236305165441,1583795844543
2884.156309,30241536,123869335552,45.155,42.948,1544763173,766999374080,236330323108,1583959241764
2884.451697,30244864,123882967040,46.148,42.949,1544923497,767077835465,236354516201,1584121462468
2884.753277,30248192,123896598528,45.200,42.949,1545090820,767159041078,236379720955,1584285029461
2885.048936,30251520,123910230016,46.105,42.949,1545255711,767240111238,236404880536,1584443032310
2885.344680,30254848,123923861504,46.092,42.949,1545425054,767321435279,236429977773,1584600863710
2885.652142,30258176,123937492992,44.335,42.950,1545585464,767405834932,236455869808,1584765650669
2885.956011,30261504,123951124480,44.860,42.950,1545750420,767486698818,236480851768,1584932269640
2886.259845,30264832,123964755968,44.865,42.950,1545906086,767570209754,236506323550,1585095283685
2886.570727,30268160,123978387456,43.848,42.950,1546066675,767652203493,236531543197,1585267174524
2886.882538,30271488,123992018944,43.717,42.950,1546226991,767734977119,236557011456,1585438794318
2887.201653,30274816,124005650432,42.717,42.950,1546390503,767819687248,236582934396,1585614760724
2887.519451,30278144,124019281920,42.894,42.950,1546552821,767900293504,236607837337,1585795903411
2888.069858,30281472,124032913408,24.766,42.947,1546734601,767987373794,236634712964,1586198587493
2889.610782,30284800,124046544896,8.846,42.928,1546941926,768087745616,236665370065,1587569880546
2890.603420,30288128,124060176384,13.733,42.918,1547137416,768182050479,236694484301,1588402769347
2891.834681,30291456,124073807872,11.071,42.905,1547367253,768278171675,236724069445,1589471227007
2893.325976,30294784,124087439360,9.141,42.887,1547573361,768384104273,236756591329,1590783271936
2893.962112,30298112,124101070848,21.429,42.883,1547766999,768481014168,236786419543,1591255316107
2894.865951,30301440,124114702336,15.082,42.874,1547975852,768583239900,236817736332,1591986201180
2895.797922,30304768,124128333824,14.627,42.865,1548187691,768686576112,236849675756,1592742943559
2896.650373,30308096,124141965312,15.991,42.857,1548376076,768777659116,236877660379,1593441451252
2897.065402,30311424,124155596800,32.845,42.856,1548561844,768871017028,236906330631,1593698578875
2897.451799,30314752,124169228288,35.278,42.855,1548737263,768954593505,236931864222,1593943570939
2897.838562,30318080,124182859776,35.245,42.854,1548906313,769038013482,236957483235,1594188886452
2898.224309,30321408,124196491264,35.338,42.853,1549072975,769120986162,236983077272,1594433920059
2898.609703,30324736,124210122752,35.370,42.852,1549280097,769204689205,237008651084,1594677776304
2898.998865,30328064,124223754240,35.028,42.851,1549460757,769292728715,237035559125,1594918015732
2899.381540,30331392,124237385728,35.622,42.850,1549641411,769376202860,237061212277,1595159470562
2899.771755,30334720,124251017216,34.933,42.849,1549813896,769459798209,237086749706,1595408269310
2900.184807,30338048,124264648704,33.002,42.847,1549996028,769559894957,237117647092,1595651504423
2900.574113,30341376,124278280192,35.015,42.846,1550226123,769650454829,237145453085,1595887522550
2900.961434,30344704,124291911680,35.194,42.845,1550406513,769748216576,237175510556,1596109217028
2901.369937,30348032,124305543168,33.369,42.844,1550590166,769860029923,237209806759,1596328492877
2901.783845,30351360,124319174656,32.934,42.842,1550778873,769975664648,237245336369,1596546442401
2902.216749,30354688,124332806144,31.489,42.841,1550975007,770094364462,237281895999,1596778363401
2902.638105,30358016,124346437632,32.351,42.839,1551170231,770213143961,237318554792,1596998321425
2903.049869,30361344,124360069120,33.105,42.838,1551359394,770325557268,237353130725,1597219638144
2903.431883,30364672,124373700608,35.683,42.837,1551526562,770410624982,237379309949,1597457441270
2903.803127,30368000,124387332096,36.718,42.836,1551691198,770494632901,237405276208,1597686298241
2904.188015,30371328,124400963584,35.417,42.835,1551863498,770583898734,237432674075,1597920117139
2904.562023,30374656,124414595072,36.447,42.834,1552044297,770668935116,237458788670,1598150105615
2904.940572,30377984,124428226560,36.010,42.833,1552227456,770758486792,237486355053,1598376611810
2905.314509,30381312,124441858048,36.454,42.832,1552400877,770843738981,237512594017,1598605976375
2905.688076,30384640,124455489536,36.490,42.832,1552576034,770927625833,237538450119,1598837356182
2906.042728,30387968,124469121024,38.436,42.831,1552751333,771010765857,237563946632,1599051028669
2906.388540,30391296,124482752512,39.419,42.831,1552927280,771099173074,237590942116,1599247180323
2906.728691,30394624,124496384000,40.075,42.830,1553097279,771180929327,237616117792,1599448742204
2907.085500,30397952,124510015488,38.204,42.830,1553274538,771264670678,237641743031,1599664030442
2907.434804,30401280,124523646976,39.025,42.829,1553478362,771346576083,237666999507,1599874357528
2907.783906,30404608,124537278464,39.047,42.829,1553648019,771431705051,237693152962,1600079305347
2908.139430,30407936,124550909952,38.342,42.828,1553832318,771518722114,237719907081,1600287174000
2908.502681,30411264,124564541440,37.526,42.828,1554011115,771601502455,237745197739,1600510632476
2909.244528,30414592,124578172928,18.375,42.821,1554190983,771687587308,237771660879,1601106587876
2910.804571,30417920,124591804416,8.738,42.803,1554399569,771787728305,237802418866,1602497217976
2911.608759,30421248,124605435904,16.951,42.796,1554579298,771876410221,237829651282,1603151255830
2911.973313,30424576,124619067392,37.392,42.795,1554756930,771963584443,237856396181,1603368264610
2912.325404,30427904,124632698880,38.716,42.795,1554933536,772048009372,237882114236,1603577951465
2912.703916,30431232,124646330368,36.013,42.794,1555099409,772129509327,237907118194,1603818497707
2913.090792,30434560,124659961856,35.235,42.793,1555272018,772213634390,237932997206,1604062796265
2913.482747,30437888,124673593344,34.778,42.792,1555471262,772303463093,237960668701,1604302483816
2913.874231,30441216,124687224832,34.820,42.791,1555655884,772395438897,237989007909,1604538138883
2914.278793,30444544,124700856320,33.694,42.790,1555838771,772487755442,238017453168,1604786186936
2914.670547,30447872,124714487808,34.796,42.789,1556006584,772572700860,238043686799,1605033771760
2915.042378,30451200,124728119296,36.660,42.788,1556185575,772656779887,238069617496,1605262916898
2915.430387,30454528,124741750784,35.132,42.787,1556357039,772743034282,238096136895,1605504798112
2915.808131,30457856,124755382272,36.087,42.786,1556553956,772824359156,238121176931,1605744667943
2916.218721,30461184,124769013760,33.200,42.785,1556736827,772926207629,238152591005,1605982574524
2916.582776,30464512,124782645248,37.443,42.784,1556915198,773009877095,238178398881,1606204559669
2916.948991,30467840,124796276736,37.223,42.783,1557081185,773091335334,238203619496,1606432421017
2917.323931,30471168,124809908224,36.357,42.782,1557258401,773177291423,238230168418,1606661586440
2917.728743,30474496,124823539712,33.674,42.781,1557486211,773264916455,238257012908,1606917951890
2918.107024,30477824,124837171200,36.035,42.780,1557661774,773347676616,238282515711,1607155974251
2918.478505,30481152,124850802688,36.695,42.779,1557832502,773429462890,238307683454,1607388708523
2918.849410,30484480,124864434176,36.752,42.779,1557998324,773512447691,238333359730,1607618929745
2919.223032,30487808,124878065664,36.485,42.778,1558169546,773597283799,238359555081,1607848719794
2919.597074,30491136,124891697152,36.444,42.777,1558343660,773678969512,238384776667,1608084169659
2919.978699,30494464,124905328640,35.720,42.776,1558521327,773768479964,238412392320,1608314166540
2920.352415,30497792,124918960128,36.475,42.775,1558745485,773855987323,238439284200,1608539563323
2920.718649,30501120,124932591616,37.221,42.775,1558926970,773939798814,238465100624,1608763926513
2921.079763,30504448,124946223104,37.749,42.774,1559098018,774021390334,238490153331,1608987142483
2921.451156,30507776,124959854592,36.704,42.773,1559269859,774110605122,238517738407,1609207273724
2921.809802,30511104,124973486080,38.008,42.773,1559447340,774193057509,238543170680,1609426089708
2922.185700,30514432,124987117568,36.264,42.772,1559640709,774285708850,238571708169,1609644916753
2922.557908,30517760,125000749056,36.623,42.771,1559816295,774368286594,238596957350,1609877612090
2922.934334,30521088,125014380544,36.213,42.770,1559984850,774455800810,238623949902,1610105793386
2923.336468,30524416,125028012032,33.898,42.769,1560165288,774542192129,238650537881,1610361364315
2925.205642,30527744,125041643520,7.293,42.746,1560375110,774646183041,238682507697,1612054500555
2926.104778,30531072,125055275008,15.161,42.738,1560570573,774740057550,238711212009,1612794965912
2928.267922,30534400,125068906496,6.302,42.711,1560796980,774851597226,238745506549,1614769168153
2928.894894,30537728,125082537984,21.742,42.706,1561027576,774936229385,238771499603,1615252730718
2929.251676,30541056,125096169472,38.207,42.706,1561202503,775021876795,238797689269,1615464856899
2929.623878,30544384,125109800960,36.624,42.705,1561385454,775116917455,238826981638,1615676019054
2929.978551,30547712,125123432448,38.434,42.705,1561569107,775202157989,238853012597,1615886801717
2930.365029,30551040,125137063936,35.271,42.704,1561750982,775290635599,238879970184,1616123822846
2930.758754,30554368,125150695424,34.622,42.702,1561924485,775378141916,238906736348,1616369384750
2931.140305,30557696,125164326912,35.727,42.702,1562099162,775461562498,238932256764,1616610055514
2931.547482,30561024,125177958400,33.478,42.700,1562273069,775553942470,238960694965,1616860771089
2931.945602,30564352,125191589888,34.240,42.699,1562442229,775640637771,238987361872,1617112075240
2932.327161,30567680,125205221376,35.726,42.698,1562612731,775725098481,239013315038,1617350474959
2932.698104,30571008,125218852864,36.748,42.697,1562785148,775807822454,239038780964,1617581462482
2933.083052,30574336,125232484352,35.411,42.697,1562964686,775896026007,239065931714,1617816862837
2933.468380,30577664,125246115840,35.376,42.696,1563154662,775977724017,239091130091,1618063455440
2933.846213,30580992,125259747328,36.078,42.695,1563326661,776062155660,239117246200,1618298006417
2934.214822,30584320,125273378816,36.981,42.694,1563516144,776144755254,239142724976,1618526446844
2934.590148,30587648,125287010304,36.319,42.693,1563690953,776230351411,239169168319,1618756479958
2934.971785,30590976,125300641792,35.718,42.692,1563860855,776314111160,239194850336,1618996321803
2935.365550,30594304,125314273280,34.618,42.691,1564071426,776398898952,239220949873,1619246306580
2935.744144,30597632,125327904768,36.006,42.690,1564246604,776485156947,239247638232,1619478448816
2936.113513,30600960,125341536256,36.905,42.690,1564417846,776567207620,239273042910,1619708572317
2936.486565,30604288,125355167744,36.540,42.689,1564595755,776651181826,239298997669,1619939188694
2936.850217,30607616,125368799232,37.485,42.688,1564768320,776732912770,239323978040,1620164708133
2937.235402,30610944,125382430720,35.389,42.687,1564954323,776821311793,239350919191,1620400776217
2937.606718,30614272,125396062208,36.711,42.686,1565129148,776902353913,239376077603,1620634561670
2937.984495,30617600,125409693696,36.083,42.686,1565310768,776990971056,239403276683,1620862585614
2938.345084,30620928,125423325184,37.803,42.685,1565482326,777073305372,239428456203,1621083927494
2938.714855,30624256,125436956672,36.865,42.684,1565654396,777157905263,239454670887,1621309961185
2939.084113,30627584,125450588160,36.916,42.684,1565844782,777244740061,239481425864,1621532060833
2939.443000,30630912,125464219648,37.983,42.683,1566023188,777328462547,239507214686,1621749094520
2939.808547,30634240,125477851136,37.291,42.682,1566204880,777415526783,239533898896,1621967491763
2940.184536,30637568,125491482624,36.255,42.681,1566379174,777501991983,239560314042,1622197210127
2940.599708,30640896,125505114112,32.833,42.680,1566562680,777586606044,239586503455,1622468995286
2940.959840,30644224,125518745600,37.851,42.680,1566745364,777673733266,239613318426,1622681440690
2941.319968,30647552,125532377088,37.852,42.679,1566927411,777760444042,239640137845,1622894323725
2941.676101,30650880,125546008576,38.276,42.678,1567096632,777844885028,239666052394,1623107469390
2942.044124,30654208,125559640064,37.040,42.678,1567303813,777931552069,239692643863,1623328912728
2942.415956,30657536,125573271552,36.660,42.677,1567481876,778022406948,239720729937,1623546622114
2942.769348,30660864,125586903040,38.573,42.676,1567653732,778105972316,239746369696,1623758499868
2943.134008,30664192,125600534528,37.381,42.676,1567835431,778188370910,239771783033,1623983399153
2943.492943,30667520,125614166016,37.978,42.675,1568012829,778274314661,239798297436,1624196459173
2943.865386,30670848,125627797504,36.600,42.674,1568181786,778356440670,239823569522,1624429664388
2944.260139,30674176,125641428992,34.532,42.673,1568353480,778446042630,239850937895,1624673265719
2944.647966,30677504,125655060480,35.148,42.672,1568541095,778533127789,239877812399,1624913333572
2945.032550,30680832,125668691968,35.445,42.671,1568714248,778616253476,239903393365,1625157125807
2945.414334,30684160,125682323456,35.705,42.671,1568890098,778701327520,239929620081,1625394714335
2945.794561,30687488,125695954944,35.851,42.670,1569065634,778786180088,239955791960,1625630924242
2946.176525,30690816,125709586432,35.688,42.669,1569244485,778876116328,239983621407,1625860064893
2946.564438,30694144,125723217920,35.141,42.668,1569417001,778960475703,240009392520,1626105221511
2946.961677,30697472,125736849408,34.316,42.667,1569588563,779046959300,240036014900,1626355881098
2947.360996,30700800,125750480896,34.137,42.665,1569770447,779141908417,240064983856,1626594831268
2947.734553,30704128,125764112384,36.491,42.665,1569942441,779228600825,240091739402,1626821269660
2948.102055,30707456,125777743872,37.092,42.664,1570121619,779311937908,240117367776,1627047720547
2948.485564,30710784,125791375360,35.544,42.663,1570304909,779405526359,240145924934,1627272928420
2948.853590,30714112,125805006848,37.039,42.662,1570479428,779488495503,240171619728,1627500122199
2949.239566,30717440,125818638336,35.317,42.661,1570666653,779584660354,240201134241,1627723238521
2949.596762,30720768,125832269824,38.162,42.661,1570836515,779669771353,240227397453,1627936080857
2949.956602,30724096,125845901312,37.882,42.660,1571059893,779753934464,240253238836,1628153529361
2950.307280,30727424,125859532800,38.872,42.660,1571231310,779838514547,240279400040,1628360520342
2950.663560,30730752,125873164288,38.261,42.659,1571405782,779921861898,240305114672,1628575516098
2951.020096,30734080,125886795776,38.233,42.659,1571582061,780004817352,240330691053,1628791424834
2951.381589,30737408,125900427264,37.709,42.658,1571760395,780096012424,240358588847,1628998780838
2951.749507,30740736,125914058752,37.050,42.657,1571943949,780183885161,240385596914,1629217893817
2952.150758,30744064,125927690240,33.972,42.656,1572119311,780269519361,240411878082,1629474350857
2953.700944,30747392,125941321728,8.793,42.638,1572336988,780376116288,240444695082,1630844020308
2954.914265,30750720,125954953216,11.235,42.626,1572549686,780479727276,240476607177,1631881644268
2955.264469,30754048,125968584704,38.924,42.625,1572719738,780562723676,240502162371,1632091189679
2955.632521,30757376,125982216192,37.037,42.624,1572900139,780649540126,240528940278,1632312221256
2956.010736,30760704,125995847680,36.042,42.624,1573075472,780737792335,240555851048,1632541364626
2956.374501,30764032,126009479168,37.473,42.623,1573245391,780826914805,240583362730,1632753911186
2956.733748,30767360,126023110656,37.945,42.622,1573429636,780911415734,240609363353,1632970137493
2957.086406,30770688,126036742144,38.653,42.622,1573608338,780993689553,240634656500,1633183195651
2957.460921,30774016,126050373632,36.398,42.621,1573777495,781076690293,240660280662,1633416689232
2957.833755,30777344,126064005120,36.562,42.620,1573952805,781160305410,240685845366,1633648262003
2958.191795,30780672,126077636608,38.072,42.620,1574128308,781244072722,240711758602,1633864254315
2958.545115,30784000,126091268096,38.581,42.619,1574297387,781325912349,240736775133,1634079186037
2958.899825,30787328,126104899584,38.430,42.619,1574471090,781410387920,240762769632,1634290664348
2959.270597,30790656,126118531072,36.765,42.618,1574643837,781491297429,240787669906,1634524233417
2959.682347,30793984,126132162560,33.106,42.617,1574821799,781593857032,240819220283,1634762199597
2960.068868,30797312,126145794048,35.267,42.616,1575002910,781679352484,240845566045,1635003811331
2960.450232,30800640,126159425536,35.744,42.615,1575176655,781760666582,240870397059,1635247622678
2960.866371,30803968,126173057024,32.757,42.614,1575362014,781862286480,240901681581,1635491470661
2961.265908,30807296,126186688512,34.118,42.612,1575541101,781952125246,240929396725,1635738834088
2961.660234,30810624,126200320000,34.569,42.611,1575718298,782050161235,240959601072,1635966962373
2962.042200,30813952,126213951488,35.688,42.610,1575897270,782141264882,240987665824,1636194539996
2962.419003,30817280,126227582976,36.177,42.610,1576070264,782227415540,241014104809,1636425570295
2962.806674,30820608,126241214464,35.163,42.609,1576246492,782314542234,241040849042,1636665667783
2963.172533,30823936,126254845952,37.259,42.608,1576427517,782400200664,241067192266,1636886419135
2963.533154,30827264,126268477440,37.800,42.607,1576594433,782482193467,241092521271,1637108092229
2963.895473,30830592,126282108928,37.623,42.607,1576762871,782567475857,241118681940,1637326000594
2964.264299,30833920,126295740416,36.959,42.606,1576981326,782653517259,241145401312,1637548713975
2964.633448,30837248,126309371904,36.927,42.605,1577159615,782742211151,241172689463,1637767608142
2964.984295,30840576,126323003392,38.853,42.605,1577331509,782823769239,241197698167,1637980399859
2965.341497,30843904,126336634880,38.162,42.604,1577509280,782905060828,241222824823,1638199573844
2965.691886,30847232,126350266368,38.904,42.604,1577678722,782986334871,241247865104,1638412011368
2966.047996,30850560,126363897856,38.279,42.603,1577843039,783069296043,241273443697,1638627540562
2966.430590,30853888,126377529344,35.629,42.603,1578014872,783154254565,241299582140,1638866169451
2967.450206,30857216,126391160832,13.369,42.593,1578213678,783249631630,241329042714,1639724086641
2969.001671,30860544,126404792320,8.786,42.575,1578451058,783348293499,241359588328,1641108183874
2969.551840,30863872,126418423808,24.777,42.572,1578624064,783430299844,241384680058,1641519808988
2969.911891,30867200,126432055296,37.860,42.571,1578802914,783513037488,241409999148,1641739997340
2970.274238,30870528,126445686784,37.620,42.570,1578976762,783600528857,241436986833,1641954132033
2970.634647,30873856,126459318272,37.822,42.570,1579149989,783685139939,241463075444,1642171204834
2970.999107,30877184,126472949760,37.402,42.569,1579333231,783769606564,241489109297,1642392490690
2971.376670,30880512,126486581248,36.104,42.568,1579510546,783856666819,241515794086,1642622767107
2971.738789,30883840,126500212736,37.644,42.568,1579691206,783942322420,241542078422,1642839911552
2972.108042,30887168,126513844224,36.916,42.567,1579862335,784025653539,241567698068,1643068164392
2972.470288,30890496,126527475712,37.630,42.566,1580044475,784109172275,241593374713,1643288828462
2972.836441,30893824,126541107200,37.229,42.566,1580219444,784192225823,241618927148,1643514119650
2973.210489,30897152,126554738688,36.443,42.565,1580401498,784280234888,241645869396,1643739275437
2973.565975,30900480,126568370176,38.346,42.565,1580572977,784363929675,241671623102,1643953074300
2973.924699,30903808,126582001664,38.000,42.564,1580741462,784450868741,241698296820,1644164610660
2974.285062,30907136,126595633152,37.827,42.563,1580920853,784539882049,241725951786,1644373987400
2974.653602,30910464,126609264640,36.988,42.563,1581103025,784623509431,241751672513,1644600940002
2975.055808,30913792,126622896128,33.892,42.562,1581292827,784715604038,241779797893,1644847654822
2975.447738,30917120,126636527616,34.780,42.560,1581469395,784799630189,241805679097,1645097228655
2975.846110,30920448,126650159104,34.218,42.559,1581648093,784885826108,241832308882,1645349425264
2976.246653,30923776,126663790592,34.033,42.558,1581828871,784979727134,241860988963,1645591385380
2976.639677,30927104,126677422080,34.684,42.557,1582002036,785064222031,241886955871,1645841207429
2977.015746,30930432,126691053568,36.247,42.556,1582173576,785147708580,241912470168,1646076140025
2977.400953,30933760,126704685056,35.387,42.555,1582344461,785233146280,241938773903,1646316444483
2977.798930,30937088,126718316544,34.252,42.554,1582525085,785316914815,241964566172,1646572567283
2978.189552,30940416,126731948032,34.897,42.553,1582705585,785402076877,241990590807,1646819114907
2978.558898,30943744,126745579520,36.907,42.553,1582876538,785483003110,242015589957,1647051301039
2978.922431,30947072,126759211008,37.497,42.552,1583054890,785563711483,242040294035,1647278345083
2979.281280,30950400,126772842496,37.987,42.551,1583221087,785643966987,242065016806,1647501246297
2979.663401,30953728,126786473984,35.673,42.551,1583406124,785728917891,242091009382,1647739701637
2980.049172,30957056,126800105472,35.336,42.550,1583592321,785814320362,242117155533,1647980698201
2980.421055,30960384,126813736960,36.655,42.549,1583762423,785898086320,242142853620,1648210718423
2980.801337,30963712,126827368448,35.846,42.548,1583934436,785982293322,242168813603,1648448266375
2981.396706,30967040,126840999936,22.896,42.544,1584109384,786073265094,242196698582,1648889868753
2983.659840,30970368,126854631424,6.023,42.516,1584316156,786181088630,242229889432,1650970533500
2985.560314,30973696,126868262912,7.173,42.494,1584596872,786282526833,242260980876,1652699146225
2986.814875,30977024,126881894400,10.866,42.481,1584782839,786376190669,242289836368,1653795146171
2988.873654,30980352,126895525888,6.621,42.456,1584987585,786476823321,242320817367,1655683477037
2990.907324,30983680,126909157376,6.703,42.432,1585193657,786581509788,242353098148,1657539946750
2991.608384,30987008,126922788864,19.444,42.426,1585361917,786664486222,242378604183,1658100415872
2991.986977,30990336,126936420352,36.006,42.425,1585550552,786762997020,242409205055,1658311916228
2992.346551,30993664,126950051840,37.910,42.425,1585725116,786849720803,242435874492,1658524468243
2992.724962,30996992,126963683328,36.023,42.424,1585904929,786940367346,242463778857,1658749361527
2993.103900,31000320,126977314816,35.973,42.423,1586083679,787025017137,242489891271,1658984662477
2993.450005,31003648,126990946304,39.385,42.423,1586251265,787106706671,242515179220,1659192279080
2993.810680,31006976,127004577792,37.794,42.422,1586422165,787192739382,242541581827,1659407602640
2994.183166,31010304,127018209280,36.596,42.422,1586602197,787280155699,242568348115,1659632275504
2994.556830,31013632,127031840768,36.481,42.421,1586779431,787367153581,242594967159,1659858793601
2994.920064,31016960,127045472256,37.528,42.420,1586951192,787447314702,242619650286,1660085769743
2995.269714,31020288,127059103744,38.986,42.420,1587123455,787528935637,242644628655,1660297393815
2995.629006,31023616,127072735232,37.940,42.419,1587302197,787613710208,242670741893,1660513019512
2995.983904,31026944,127086366720,38.410,42.419,1587473191,787697421563,242696525719,1660726271219
2996.348425,31030272,127099998208,37.396,42.418,1587655066,787783945627,242723182959,1660944020465
2996.737705,31033600,127113629696,35.017,42.417,1587843428,787865314618,242748335824,1661195407316
2997.124108,31036928,127127261184,35.278,42.416,1588021614,787950713281,242774540841,1661437106848
2997.520991,31040256,127140892672,34.346,42.415,1588203971,788035019738,242800541381,1661690937004
2997.913433,31043584,127154524160,34.735,42.414,1588374112,788119013822,242826488454,1661940912254
2998.301300,31046912,127168155648,35.145,42.413,1588542599,788202344952,242851989498,1662188098556
2998.681735,31050240,127181787136,35.831,42.413,1588710203,788284319042,242877084792,1662429838397
2999.064279,31053568,127195418624,35.634,42.412,1588880843,788367645672,242902861373,1662671081294
2999.452806,31056896,127209050112,35.085,42.411,1589090292,788449856473,242928188070,1662920188927
2999.856243,31060224,127222681600,33.788,42.410,1589274732,788534618819,242954212096,1663180012068
3000.235084,31063552,127236313088,35.982,42.409,1589450547,788621524328,242980977151,1663411706092
3000.607091,31066880,127249944576,36.643,42.408,1589629242,788705590063,243006741052,1663641313851
3000.975027,31070208,127263576064,37.049,42.407,1589807126,788789577233,243032599760,1663866928475
3001.350503,31073536,127277207552,36.304,42.407,1589990753,788872026159,243058246531,1664102152725
3001.738216,31076864,127290839040,35.159,42.406,1590163323,788956676245,243084575965,1664346021519
3002.111677,31080192,127304470528,36.500,42.405,1590342843,789041496513,243110799630,1664575665326
3002.486520,31083520,127318102016,36.366,42.404,1590526719,789126748900,243136915767,1664806311663
3002.858241,31086848,127331733504,36.671,42.404,1590691874,789207980896,243161851783,1665040458977
3003.632704,31090176,127345364992,17.601,42.397,1590876052,789294587720,243188668386,1665667905031
3005.718650,31093504,127358996480,6.535,42.372,1591102578,789404841218,243222480356,1667567294016
3007.804393,31096832,127372627968,6.536,42.347,1591307859,789506313513,243253625793,1669481023104
3009.132576,31100160,127386259456,10.263,42.333,1591502382,789597218217,243281624016,1670655051479
3010.995030,31103488,127399890944,7.319,42.312,1591713075,789698131345,243312759947,1672346470651
3011.363351,31106816,127413522432,37.010,42.311,1591891406,789786348521,243340009551,1672565283904
3011.717069,31110144,127427153920,38.538,42.310,1592062200,789867575359,243365091082,1672781279462
3012.074769,31113472,127440785408,38.109,42.310,1592240354,789954528839,243391799845,1672991866615
3012.443271,31116800,127454416896,36.992,42.309,1592417552,790039036558,243417748298,1673217340055
3012.824101,31120128,127468048384,35.794,42.308,1592591655,790124507947,243443989358,1673453675097
3013.130257,31123456,127481679872,44.525,42.309,1592753663,790204665069,243468729934,1673623864657
3013.451022,31126784,127495311360,42.497,42.309,1592913640,790285954692,243493730854,1673806813975
3013.769460,31130112,127508942848,42.807,42.309,1593092440,790366137432,243518396508,1673989297797
3014.078011,31133440,127522574336,44.179,42.309,1593279480,790447404300,243543406852,1674160044162
3014.391371,31136768,127536205824,43.501,42.309,1593464756,790530471779,243569120833,1674332443063
3014.699001,31140096,127549837312,44.311,42.309,1593629866,790609729157,243593471924,1674505819771
3015.010295,31143424,127563468800,43.790,42.309,1593795861,790692146685,243618744239,1674677545072
3015.313792,31146752,127577100288,44.915,42.310,1593965817,790774061616,243643953133,1674842203037
3015.617220,31150080,127590731776,44.925,42.310,1594124855,790856905810,243669332491,1675005553059
3015.927755,31153408,127604363264,43.897,42.310,1594281685,790940658472,243695008181,1675174331428
3016.234562,31156736,127617994752,44.430,42.310,1594436714,791020751674,243719770625,1675345185405
3016.555265,31160064,127631626240,42.505,42.310,1594600599,791102786715,243745022316,1675526814981
3016.868748,31163392,127645257728,43.484,42.311,1594773170,791185414230,243770454597,1675700305716
3017.189891,31166720,127658889216,42.447,42.311,1594936503,791268630314,243795902814,1675880726956
3017.502224,31170048,127672520704,43.644,42.311,1595108210,791349071423,243820772853,1676056566216
3017.813719,31173376,127686152192,43.762,42.311,1595272446,791429859228,243845644869,1676231312352
3018.120152,31176704,127699783680,44.484,42.311,1595430466,791508899172,243869924685,1676403789379
3018.427514,31180032,127713415168,44.350,42.311,1595598558,791590516975,243894908910,1676573129652
3018.733423,31183360,127727046656,44.561,42.311,1595762503,791670247260,243919551534,1676743789814
3019.045645,31186688,127740678144,43.660,42.312,1595925706,791750164180,243944160096,1676920449644
3019.409733,31190016,127754309632,37.440,42.311,1596102779,791844767741,243973125435,1677124513432
3019.779927,31193344,127767941120,36.823,42.310,1596277044,791931222363,243999716216,1677348125876
3020.154800,31196672,127781572608,36.363,42.310,1596439603,792017430699,244025941675,1677577834329
3020.543860,31200000,127795204096,35.037,42.309,1596618386,792110890916,244054507890,1677808944002
3020.937194,31203328,127808835584,34.656,42.308,1596802069,792196215337,244080589382,1678057897134
3021.363267,31206656,127822467072,31.993,42.306,1596976622,792291710581,244109963870,1678322024608
3022.156104,31209984,127836098560,17.193,42.300,1597164993,792391509243,244140516449,1678946338037
3023.051640,31213312,127849730048,15.222,42.292,1597344503,792483245938,244168850405,1679686016715
3023.972364,31216640,127863361536,14.805,42.283,1597532932,792575974328,244197437043,1680449469163
3024.711281,31219968,127876993024,18.448,42.277,1597727506,792670392577,244226499933,1681028385413
3025.874186,31223296,127890624512,11.722,42.266,1597933932,792771881520,244257786052,1682019109630
3027.432895,31226624,127904256000,8.745,42.248,1598138741,792875576330,244289555354,1683402214033
3028.181775,31229952,127917887488,18.202,42.242,1598320722,792966881086,244317558995,1683996482325
3029.746964,31233280,127931518976,8.709,42.225,1598530299,793073177044,244350159261,1685381320234
3030.576015,31236608,127945150464,16.442,42.218,1598728453,793169565854,244379690675,1686047252296
3030.929116,31239936,127958781952,38.605,42.218,1598901030,793251048257,244404816792,1686262299991
3031.300696,31243264,127972413440,36.685,42.217,1599083712,793344123558,244433212753,1686476974559
3031.680102,31246592,127986044928,35.928,42.216,1599260424,793432078741,244460200406,1686707462277
3032.049633,31249920,127999676416,36.889,42.216,1599440770,793521116041,244487536220,1686926249039
3032.407082,31253248,128013307904,38.135,42.215,1599619324,793607679692,244514128511,1687137204280
3032.762308,31256576,128026939392,38.374,42.215,1599805765,793689317669,244539365050,1687353816406
3033.000926,31258710,128035680256,36.631,42.214,1599920768,793742016681,244555577567,1687503168617
